PO_ID,OrderDate,SupplierID,ProductID,OrderQuantity,UnitCost,TotalCost,ExpectedDelivery,ActualDelivery,Status
PO-2022-00001,10/21/2023,SUP119,P01899,3409,26.19,89270.82,11/21/2023,11/26/2023,Delivered
PO-2022-00002,5/24/2023,SUP068,P01532,222,48.21,10702.47,6/27/2023,7/2/2023,Delivered
PO-2022-00003,2/8/2022,SUP090,P01731,4741,40.09,190076.29,2/25/2022,2/25/2022,Delivered
PO-2022-00004,10/10/2022,SUP034,P00155,2312,26.44,61140.58,11/14/2022,,Shipped
PO-2022-00005,5/27/2023,SUP011,P00187,1945,35.63,69294.45,6/4/2023,6/13/2023,Delivered
PO-2022-00006,12/17/2023,SUP006,P00764,3500,2.98,10417.43,1/28/2024,2/1/2024,Delivered
PO-2022-00007,8/12/2023,SUP021,P01086,2029,19.94,40453.9,8/24/2023,9/2/2023,Delivered
PO-2022-00008,2/27/2022,SUP129,P00716,342,30.75,10515.41,3/9/2022,3/9/2022,Delivered
PO-2022-00009,9/9/2022,SUP148,P01346,2523,2.47,6242.57,9/27/2022,9/28/2022,Delivered
PO-2022-00010,8/28/2022,SUP149,P01146,519,34.92,18125.71,9/18/2022,9/23/2022,Delivered
PO-2022-00011,1/7/2022,SUP084,P00179,1268,11.79,14949.85,1/29/2022,1/29/2022,Delivered
PO-2022-00012,2/1/2023,SUP134,P01804,938,10.39,9743.11,3/24/2023,4/1/2023,Delivered
PO-2022-00013,9/8/2022,SUP119,P01600,3101,33.7,104499.09,10/9/2022,,Shipped
PO-2022-00014,1/1/2022,SUP046,P01709,3771,18.11,68274.41,2/6/2022,2/14/2022,Delivered
PO-2022-00015,12/1/2022,SUP078,P00137,1103,44.05,48584.89,1/16/2023,1/25/2023,Delivered
PO-2022-00016,6/16/2022,SUP094,P01434,1859,29.58,54989.33,7/8/2022,7/7/2022,Delivered
PO-2022-00017,3/8/2022,SUP057,P01338,214,6.46,1381.98,4/23/2022,4/19/2022,Delivered
PO-2022-00018,5/10/2023,SUP014,P00941,3251,37.39,121554.74,7/8/2023,7/12/2023,Delivered
PO-2022-00019,5/18/2023,SUP147,P01509,1708,27.29,46618.95,7/12/2023,7/14/2023,Delivered
PO-2022-00020,3/22/2023,SUP091,P01555,711,31.77,22591.15,4/29/2023,5/6/2023,Delivered
PO-2022-00021,9/29/2023,SUP124,P01710,1861,39.63,73757.74,10/29/2023,11/6/2023,Delivered
PO-2022-00022,5/6/2022,SUP128,P00991,3165,14.32,45330.4,5/26/2022,5/27/2022,Delivered
PO-2022-00023,1/18/2023,SUP130,P01665,2598,47.89,124410.75,2/7/2023,2/2/2023,Delivered
PO-2022-00024,4/26/2022,SUP109,P01032,1341,45.65,61215.65,6/16/2022,6/17/2022,Delivered
PO-2022-00025,10/31/2022,SUP095,P01034,4503,18.73,84349.14,11/17/2022,11/24/2022,Delivered
PO-2022-00026,10/18/2023,SUP086,P00018,1977,37.25,73644.97,11/22/2023,11/24/2023,Delivered
PO-2022-00027,7/12/2022,SUP076,P00306,1903,26.15,49767.69,8/7/2022,8/4/2022,Delivered
PO-2022-00028,3/23/2023,SUP120,P01152,3917,2.01,7886.03,4/17/2023,4/26/2023,Delivered
PO-2022-00029,8/11/2022,SUP133,P01973,4867,23.91,116357.68,9/9/2022,9/11/2022,Delivered
PO-2022-00030,9/5/2023,SUP110,P01702,797,40.78,32500.98,10/28/2023,11/2/2023,Delivered
PO-2022-00031,3/19/2023,SUP041,P00201,1993,34.73,69224.54,4/18/2023,4/19/2023,Delivered
PO-2022-00032,5/13/2022,SUP047,P00344,4172,51.81,216141.02,6/6/2022,,Cancelled
PO-2022-00033,1/3/2022,SUP044,P01331,2103,25.04,52650.61,2/21/2022,2/22/2022,Delivered
PO-2022-00034,8/24/2023,SUP117,P01315,2255,39.64,89380.78,9/22/2023,9/23/2023,Delivered
PO-2022-00035,8/3/2023,SUP083,P01745,2212,3.33,7356.26,9/7/2023,9/13/2023,Delivered
PO-2022-00036,9/26/2023,SUP082,P01525,3854,12.08,46547.58,11/19/2023,11/25/2023,Delivered
PO-2022-00037,8/26/2022,SUP087,P00063,3938,29.41,115832.54,9/20/2022,9/21/2022,Delivered
PO-2022-00038,4/14/2023,SUP087,P01075,1235,33.96,41939.22,5/9/2023,5/9/2023,Delivered
PO-2022-00039,5/18/2022,SUP145,P01481,1724,38.1,65684.27,7/6/2022,7/14/2022,Delivered
PO-2022-00040,8/25/2023,SUP094,P00061,4047,26.2,106036.16,9/16/2023,9/22/2023,Delivered
PO-2022-00041,8/4/2022,SUP084,P01768,4819,38.53,185693.91,8/26/2022,8/27/2022,Delivered
PO-2022-00042,1/6/2023,SUP033,P01129,853,29.46,25132.85,1/22/2023,1/27/2023,Delivered
PO-2022-00043,8/30/2022,SUP014,P00484,3618,45.78,165615.99,10/28/2022,10/28/2022,Delivered
PO-2022-00044,11/19/2022,SUP087,P01498,795,34.78,27646.19,12/14/2022,,Pending
PO-2022-00045,3/6/2022,SUP030,P01687,3986,47.81,190561.33,4/24/2022,4/20/2022,Delivered
PO-2022-00046,5/13/2022,SUP147,P00916,684,29.35,20076.68,7/7/2022,7/12/2022,Delivered
PO-2022-00047,12/26/2023,SUP142,P01527,2304,15.98,36817.93,1/11/2024,1/11/2024,Delivered
PO-2022-00048,8/18/2023,SUP067,P01478,870,45.8,39845.52,10/11/2023,,Shipped
PO-2022-00049,2/25/2023,SUP103,P01877,2839,25.56,72568.75,4/23/2023,,Pending
PO-2022-00050,4/7/2022,SUP027,P01134,4744,16.21,76916.66,5/25/2022,,Cancelled
PO-2022-00051,5/3/2023,SUP105,P00019,958,45.04,43150.77,7/1/2023,7/5/2023,Delivered
PO-2022-00052,2/7/2023,SUP055,P00624,4851,48.61,235800.46,3/24/2023,3/23/2023,Delivered
PO-2022-00053,5/11/2022,SUP027,P01781,4203,38.46,161660.59,6/28/2022,,Shipped
PO-2022-00054,10/13/2023,SUP119,P01513,3182,32.08,102074.57,11/13/2023,11/11/2023,Delivered
PO-2022-00055,12/7/2023,SUP099,P01761,4107,17.02,69915.63,1/2/2024,1/2/2024,Delivered
PO-2022-00056,9/22/2023,SUP012,P00044,588,23.39,13754.15,11/8/2023,11/15/2023,Delivered
PO-2022-00057,3/8/2022,SUP014,P01116,1881,31.81,59839.81,5/6/2022,5/5/2022,Delivered
PO-2022-00058,10/31/2022,SUP104,P01355,3376,21.32,71972.77,12/1/2022,11/30/2022,Delivered
PO-2022-00059,3/1/2023,SUP054,P01022,2282,10.14,23149.97,4/18/2023,4/18/2023,Delivered
PO-2022-00060,12/21/2023,SUP108,P00484,1169,45.07,52690.75,1/19/2024,1/16/2024,Delivered
PO-2022-00061,1/4/2022,SUP001,P01314,2256,30.6,69025.85,2/13/2022,,Cancelled
PO-2022-00062,3/10/2023,SUP051,P00886,732,38.17,27940.3,4/8/2023,4/17/2023,Delivered
PO-2022-00063,9/15/2023,SUP112,P00320,309,2.76,854.22,10/19/2023,,Pending
PO-2022-00064,4/9/2023,SUP120,P00452,2623,29.19,76577.28,5/4/2023,5/13/2023,Delivered
PO-2022-00065,4/25/2023,SUP020,P00845,4081,27.49,112196.64,5/13/2023,5/13/2023,Delivered
PO-2022-00066,4/29/2023,SUP019,P01715,4419,7.15,31588.26,6/15/2023,,Cancelled
PO-2022-00067,4/24/2022,SUP141,P00651,3536,18.72,66180.68,6/20/2022,,Shipped
PO-2022-00068,9/3/2023,SUP008,P01492,1566,32.75,51284.32,9/27/2023,10/5/2023,Delivered
PO-2022-00069,4/9/2022,SUP091,P00441,819,39.48,32334.02,5/17/2022,5/26/2022,Delivered
PO-2022-00070,3/5/2022,SUP055,P01303,1833,29.04,53224.58,4/19/2022,4/21/2022,Delivered
PO-2022-00071,9/10/2023,SUP105,P01292,3154,18.92,59681.64,11/8/2023,11/10/2023,Delivered
PO-2022-00072,4/9/2023,SUP134,P01949,159,27.95,4443.67,5/30/2023,5/27/2023,Delivered
PO-2022-00073,11/13/2022,SUP002,P01441,289,24.98,7219.42,12/7/2022,12/6/2022,Delivered
PO-2022-00074,6/26/2022,SUP035,P00806,1842,33.88,62400.67,8/20/2022,8/20/2022,Delivered
PO-2022-00075,11/28/2022,SUP137,P01293,2698,9.5,25643.06,12/15/2022,12/21/2022,Delivered
PO-2022-00076,5/22/2022,SUP026,P00245,3613,29.02,104842.47,7/16/2022,7/16/2022,Delivered
PO-2022-00077,10/12/2023,SUP126,P00200,4616,39.79,183672.85,11/15/2023,11/23/2023,Delivered
PO-2022-00078,11/2/2023,SUP142,P00416,2931,3.29,9636.11,11/18/2023,11/19/2023,Delivered
PO-2022-00079,3/4/2023,SUP044,P01005,4529,21.26,96291.82,4/22/2023,4/28/2023,Delivered
PO-2022-00080,6/11/2023,SUP147,P00321,2128,9.17,19517.36,8/5/2023,8/10/2023,Delivered
PO-2022-00081,3/24/2022,SUP034,P00322,885,17.16,15185.82,4/28/2022,5/5/2022,Delivered
PO-2022-00082,3/25/2023,SUP122,P00464,4509,44.29,199709.97,4/15/2023,4/10/2023,Delivered
PO-2022-00083,10/22/2022,SUP113,P00769,1198,9.08,10880.43,11/25/2022,11/26/2022,Delivered
PO-2022-00084,6/20/2022,SUP067,P00228,510,20.41,10407.68,8/13/2022,,Cancelled
PO-2022-00085,3/3/2022,SUP078,P01740,2086,3.06,6376.4,4/18/2022,4/26/2022,Delivered
PO-2022-00086,7/8/2022,SUP107,P00071,2410,29.95,72186.33,7/17/2022,7/21/2022,Delivered
PO-2022-00087,8/11/2023,SUP081,P01535,4297,19.19,82445.93,9/30/2023,10/3/2023,Delivered
PO-2022-00088,3/3/2022,SUP022,P01265,2557,42.83,109523.55,4/7/2022,,Shipped
PO-2022-00089,9/29/2023,SUP052,P00779,3136,45.79,143582.29,11/26/2023,,Pending
PO-2022-00090,9/16/2023,SUP088,P00032,2094,1.77,3712.28,11/6/2023,11/15/2023,Delivered
PO-2022-00091,6/25/2023,SUP055,P01274,1349,4.66,6281.07,8/9/2023,,Pending
PO-2022-00092,6/29/2022,SUP053,P00665,2893,6.73,19463.29,8/8/2022,8/4/2022,Delivered
PO-2022-00093,9/2/2022,SUP038,P01184,472,5.3,2503.35,10/22/2022,10/23/2022,Delivered
PO-2022-00094,10/9/2023,SUP118,P01605,195,22.1,4309.87,11/29/2023,,Cancelled
PO-2022-00095,6/26/2022,SUP112,P01773,4979,24.14,120202.37,7/30/2022,8/5/2022,Delivered
PO-2022-00096,5/3/2022,SUP146,P01391,1249,36.99,46204.4,6/2/2022,6/4/2022,Delivered
PO-2022-00097,2/20/2022,SUP147,P01182,155,40.03,6205.19,4/16/2022,4/25/2022,Delivered
PO-2022-00098,11/22/2022,SUP137,P01662,2976,21.12,62863.48,12/9/2022,12/10/2022,Delivered
PO-2022-00099,11/29/2022,SUP135,P01718,318,37.47,11914.12,1/8/2023,,Shipped
PO-2022-00100,5/21/2022,SUP085,P01008,1730,43.88,75916.36,7/13/2022,7/14/2022,Delivered
PO-2022-00101,9/5/2023,SUP070,P01223,4991,5.54,27642.99,10/9/2023,10/15/2023,Delivered
PO-2022-00102,5/29/2023,SUP136,P01041,414,50.79,21026.08,6/10/2023,,Shipped
PO-2022-00103,1/6/2023,SUP104,P01641,4907,40.68,199637.44,2/6/2023,2/6/2023,Delivered
PO-2022-00104,4/6/2023,SUP148,P01873,3982,15.59,62097.53,4/24/2023,5/1/2023,Delivered
PO-2022-00105,7/7/2022,SUP070,P00820,1402,30.3,42484.99,8/10/2022,8/9/2022,Delivered
PO-2022-00106,10/26/2022,SUP145,P00272,4730,6.12,28965.29,12/14/2022,12/13/2022,Delivered
PO-2022-00107,10/8/2023,SUP123,P00961,926,28.57,26453.57,10/23/2023,10/30/2023,Delivered
PO-2022-00108,4/26/2023,SUP148,P01287,2440,19.79,48295.05,5/14/2023,5/16/2023,Delivered
PO-2022-00109,9/20/2023,SUP126,P00270,3566,16.79,59887.99,10/24/2023,10/26/2023,Delivered
PO-2022-00110,10/15/2023,SUP051,P00028,3595,12.5,44927.55,11/13/2023,11/19/2023,Delivered
PO-2022-00111,11/20/2022,SUP099,P01145,2799,38.93,108978.3,12/16/2022,12/14/2022,Delivered
PO-2022-00112,3/3/2022,SUP091,P01690,4507,25.71,115883.84,4/10/2022,,Pending
PO-2022-00113,8/4/2023,SUP105,P00514,2456,30.86,75802.12,10/2/2023,10/9/2023,Delivered
PO-2022-00114,4/23/2023,SUP082,P00351,4691,46.05,215998.28,6/16/2023,6/14/2023,Delivered
PO-2022-00115,9/20/2022,SUP120,P00133,3141,2.78,8726.49,10/15/2022,,Pending
PO-2022-00116,7/14/2022,SUP054,P01072,1870,47.23,88326.31,8/31/2022,8/30/2022,Delivered
PO-2022-00117,2/10/2022,SUP024,P00371,1305,23.64,30849.74,3/29/2022,3/30/2022,Delivered
PO-2022-00118,12/14/2022,SUP024,P01773,3859,21.16,81666.29,1/30/2023,1/27/2023,Delivered
PO-2022-00119,4/9/2023,SUP056,P00583,2305,13.6,31357.43,5/2/2023,5/4/2023,Delivered
PO-2022-00120,12/22/2023,SUP023,P01306,2908,12.77,37142.27,1/30/2024,,Shipped
PO-2022-00121,10/12/2022,SUP022,P01556,4013,33.54,134614.31,11/16/2022,11/18/2022,Delivered
PO-2022-00122,6/21/2023,SUP004,P01540,1266,21.39,27081.59,7/23/2023,,Shipped
PO-2022-00123,6/9/2022,SUP083,P00611,3863,48.59,187701.93,7/14/2022,7/21/2022,Delivered
PO-2022-00124,3/16/2023,SUP133,P00940,4547,10.29,46768.96,4/14/2023,4/18/2023,Delivered
PO-2022-00125,6/14/2023,SUP100,P01816,2505,29.55,74030.84,6/24/2023,6/24/2023,Delivered
PO-2022-00126,9/4/2023,SUP001,P01579,4506,22.65,102041.22,10/14/2023,10/9/2023,Delivered
PO-2022-00127,12/9/2023,SUP118,P01364,3506,27.01,94701.03,1/29/2024,,Shipped
PO-2022-00128,2/22/2023,SUP104,P00309,4407,11.08,48827.31,3/25/2023,3/27/2023,Delivered
PO-2022-00129,9/3/2022,SUP041,P01415,619,24.44,15127.59,10/3/2022,10/10/2022,Delivered
PO-2022-00130,7/21/2022,SUP101,P00478,4703,20.89,98268.89,8/24/2022,8/27/2022,Delivered
PO-2022-00131,5/22/2022,SUP085,P00322,1817,14.59,26514.95,7/14/2022,,Cancelled
PO-2022-00132,12/22/2022,SUP023,P01845,499,12.72,6347.62,1/30/2023,2/8/2023,Delivered
PO-2022-00133,7/30/2023,SUP120,P00239,3315,22.07,73177.79,8/24/2023,,Pending
PO-2022-00134,7/16/2022,SUP135,P01605,1821,20.18,36741.83,8/25/2022,9/2/2022,Delivered
PO-2022-00135,9/6/2022,SUP075,P00855,2978,12.4,36937.31,9/23/2022,,Shipped
PO-2022-00136,8/18/2023,SUP109,P01022,533,10.84,5776.09,10/8/2023,10/17/2023,Delivered
PO-2022-00137,12/5/2022,SUP006,P00727,1702,22.99,39131.94,1/16/2023,1/15/2023,Delivered
PO-2022-00138,12/6/2023,SUP119,P01681,1344,38.17,51301.92,1/6/2024,1/12/2024,Delivered
PO-2022-00139,12/20/2022,SUP014,P00934,4434,25.1,111289.67,2/17/2023,2/17/2023,Delivered
PO-2022-00140,11/15/2022,SUP119,P00076,428,43.11,18450.65,12/16/2022,12/17/2022,Delivered
PO-2022-00141,3/13/2022,SUP138,P01667,2507,29.22,73263.23,4/29/2022,4/24/2022,Delivered
PO-2022-00142,11/9/2023,SUP109,P00291,2351,30.41,71498.93,12/30/2023,1/8/2024,Delivered
PO-2022-00143,10/5/2022,SUP018,P01549,2503,17.55,43937.78,10/31/2022,11/8/2022,Delivered
PO-2022-00144,3/8/2022,SUP098,P01747,4409,49.65,218903.98,4/2/2022,3/28/2022,Delivered
PO-2022-00145,4/25/2022,SUP021,P01444,2646,17.07,45165.63,5/7/2022,5/9/2022,Delivered
PO-2022-00146,1/24/2022,SUP030,P00945,4948,19.96,98776.76,3/14/2022,3/23/2022,Delivered
PO-2022-00147,7/22/2023,SUP105,P00658,2583,21.96,56710.42,9/19/2023,9/27/2023,Delivered
PO-2022-00148,12/9/2023,SUP035,P00010,2894,33.3,96369.66,2/2/2024,2/7/2024,Delivered
PO-2022-00149,7/15/2022,SUP081,P01639,1758,3.23,5672.42,9/3/2022,9/4/2022,Delivered
PO-2022-00150,6/10/2022,SUP021,P00770,410,11.64,4774.05,6/22/2022,6/29/2022,Delivered
PO-2022-00151,3/27/2022,SUP039,P01493,1701,4.05,6881.13,5/23/2022,5/24/2022,Delivered
PO-2022-00152,7/21/2023,SUP107,P00755,351,13.73,4820.51,7/30/2023,,Cancelled
PO-2022-00153,3/9/2022,SUP114,P01424,1702,11.09,18867.36,5/2/2022,5/6/2022,Delivered
PO-2022-00154,1/1/2022,SUP109,P01139,1002,32.19,32254.87,2/21/2022,2/17/2022,Delivered
PO-2022-00155,6/9/2022,SUP036,P01482,4780,41.23,197070.07,7/29/2022,,Shipped
PO-2022-00156,11/5/2022,SUP051,P00848,1617,1.46,2353.9,12/4/2022,12/2/2022,Delivered
PO-2022-00157,2/3/2022,SUP095,P00658,2163,19.05,41204.44,2/20/2022,,Pending
PO-2022-00158,5/6/2022,SUP008,P01496,1591,15.39,24487.13,5/30/2022,5/26/2022,Delivered
PO-2022-00159,6/25/2022,SUP074,P00914,2165,5.1,11050.28,8/10/2022,8/10/2022,Delivered
PO-2022-00160,12/26/2023,SUP068,P01624,4542,17.62,80026.32,1/29/2024,1/30/2024,Delivered
PO-2022-00161,9/13/2022,SUP093,P01691,2098,14.55,30521.97,10/30/2022,11/3/2022,Delivered
PO-2022-00162,6/19/2023,SUP140,P01309,2467,22.15,54633.72,8/6/2023,8/6/2023,Delivered
PO-2022-00163,10/13/2023,SUP126,P00930,975,44.76,43641.24,11/16/2023,11/22/2023,Delivered
PO-2022-00164,2/23/2022,SUP100,P00325,3629,44.53,161609.38,3/5/2022,3/12/2022,Delivered
PO-2022-00165,1/10/2022,SUP109,P00203,3879,25.92,100546.27,3/2/2022,3/11/2022,Delivered
PO-2022-00166,1/4/2023,SUP113,P00547,970,15.86,15383.93,2/7/2023,2/8/2023,Delivered
PO-2022-00167,5/16/2022,SUP146,P01779,1712,27.64,47317.09,6/15/2022,6/20/2022,Delivered
PO-2022-00168,5/21/2023,SUP016,P01995,2629,21.08,55416.36,6/12/2023,6/20/2023,Delivered
PO-2022-00169,10/31/2022,SUP098,P00392,3355,31.4,105330.66,11/25/2022,12/4/2022,Delivered
PO-2022-00170,5/26/2022,SUP029,P01573,2994,29.94,89629.68,6/22/2022,6/19/2022,Delivered
PO-2022-00171,4/5/2023,SUP046,P01967,3044,16.23,49411.17,5/11/2023,5/10/2023,Delivered
PO-2022-00172,4/28/2022,SUP117,P01695,235,50.28,11814.97,5/27/2022,6/3/2022,Delivered
PO-2022-00173,1/18/2022,SUP106,P01965,304,20.78,6316.76,1/28/2022,,Pending
PO-2022-00174,6/15/2022,SUP130,P00479,2311,27,62385.52,7/5/2022,7/6/2022,Delivered
PO-2022-00175,9/26/2023,SUP066,P00304,1000,37.89,37888.73,11/2/2023,11/4/2023,Delivered
PO-2022-00176,6/21/2023,SUP021,P01671,2127,46.17,98196.53,7/3/2023,7/4/2023,Delivered
PO-2022-00177,9/12/2022,SUP134,P01170,4810,35.27,169641.53,11/2/2022,11/1/2022,Delivered
PO-2022-00178,1/17/2023,SUP133,P01950,3552,29.25,103885.81,2/15/2023,,Pending
PO-2022-00179,7/2/2023,SUP094,P01142,2475,9.96,24639.39,7/24/2023,7/25/2023,Delivered
PO-2022-00180,11/2/2023,SUP032,P00443,2311,10.17,23514.24,12/22/2023,12/21/2023,Delivered
PO-2022-00181,7/14/2022,SUP096,P01881,1856,44.44,82482.84,7/28/2022,7/23/2022,Delivered
PO-2022-00182,5/24/2023,SUP060,P01166,1075,30.72,33020.58,7/4/2023,7/2/2023,Delivered
PO-2022-00183,9/23/2022,SUP029,P00788,2528,28.1,71037.38,10/20/2022,10/23/2022,Delivered
PO-2022-00184,3/12/2022,SUP097,P01560,4335,27.51,119271.61,4/14/2022,4/14/2022,Delivered
PO-2022-00185,6/12/2023,SUP032,P01440,2522,34.74,87611.3,8/1/2023,7/31/2023,Delivered
PO-2022-00186,8/20/2022,SUP008,P01658,4678,36.31,169881.2,9/13/2022,9/22/2022,Delivered
PO-2022-00187,1/16/2022,SUP076,P00053,784,46.28,36282.41,2/11/2022,2/6/2022,Delivered
PO-2022-00188,4/8/2023,SUP017,P01806,162,37.64,6097.74,4/17/2023,4/12/2023,Delivered
PO-2022-00189,4/17/2022,SUP018,P00355,2874,19.18,55126.23,5/13/2022,5/21/2022,Delivered
PO-2022-00190,12/20/2022,SUP105,P01243,533,24.43,13023.18,2/17/2023,2/26/2023,Delivered
PO-2022-00191,1/5/2022,SUP069,P00596,493,23.87,11766,2/16/2022,2/19/2022,Delivered
PO-2022-00192,11/14/2023,SUP021,P01382,4621,34.36,158775.73,11/26/2023,,Shipped
PO-2022-00193,4/8/2022,SUP130,P00664,2932,20.96,61463.71,4/28/2022,4/29/2022,Delivered
PO-2022-00194,4/2/2023,SUP011,P00149,261,17.47,4558.8,4/10/2023,,Shipped
PO-2022-00195,7/5/2022,SUP053,P01981,4641,41.06,190559.21,8/14/2022,,Shipped
PO-2022-00196,9/6/2022,SUP080,P01464,3428,28.9,99076.4,11/3/2022,10/29/2022,Delivered
PO-2022-00197,7/21/2022,SUP070,P01679,4951,10.1,50020.63,8/24/2022,8/23/2022,Delivered
PO-2022-00198,9/15/2023,SUP107,P00217,3108,49.85,154943.82,9/24/2023,9/22/2023,Delivered
PO-2022-00199,8/28/2022,SUP055,P01410,3379,16.43,55500.87,10/12/2022,10/21/2022,Delivered
PO-2022-00200,4/10/2023,SUP141,P00625,2070,42.22,87386.73,6/6/2023,6/11/2023,Delivered
PO-2022-00201,2/16/2023,SUP007,P01649,2925,20.84,60962.13,3/30/2023,,Cancelled
PO-2022-00202,8/29/2022,SUP144,P01756,4586,27.31,125250.44,10/4/2022,9/30/2022,Delivered
PO-2022-00203,5/26/2023,SUP027,P00949,1668,27.88,46497.56,7/13/2023,7/9/2023,Delivered
PO-2022-00204,5/17/2022,SUP074,P00912,4668,43.78,204388.33,7/2/2022,7/3/2022,Delivered
PO-2022-00205,6/17/2022,SUP029,P00038,1798,44.45,79925.83,7/14/2022,7/22/2022,Delivered
PO-2022-00206,4/13/2022,SUP047,P00947,3318,45.63,151395.48,5/7/2022,5/7/2022,Delivered
PO-2022-00207,5/17/2023,SUP113,P01452,4097,35.92,147160.67,6/20/2023,6/21/2023,Delivered
PO-2022-00208,5/31/2022,SUP081,P01081,434,24.4,10591.23,7/20/2022,7/23/2022,Delivered
PO-2022-00209,9/11/2022,SUP138,P01480,2406,7.42,17841.55,10/28/2022,,Cancelled
PO-2022-00210,8/26/2022,SUP111,P01565,4934,36.43,179767.76,10/17/2022,10/26/2022,Delivered
PO-2022-00211,4/27/2022,SUP148,P00403,3144,32.05,100752.33,5/15/2022,5/20/2022,Delivered
PO-2022-00212,8/21/2022,SUP031,P00480,3938,11.87,46755.94,10/14/2022,,Shipped
PO-2022-00213,8/26/2023,SUP134,P00844,3833,21.57,82696.51,10/16/2023,,Pending
PO-2022-00214,4/10/2023,SUP060,P01832,301,39.38,11854.3,5/21/2023,5/26/2023,Delivered
PO-2022-00215,3/22/2023,SUP081,P00096,4368,17.49,76385.03,5/11/2023,5/8/2023,Delivered
PO-2022-00216,10/16/2022,SUP002,P01611,4525,23.74,107442.44,11/9/2022,11/13/2022,Delivered
PO-2022-00217,5/23/2022,SUP029,P00907,739,49.38,36495.4,6/19/2022,6/20/2022,Delivered
PO-2022-00218,7/21/2022,SUP023,P01615,3265,26.21,85572.97,8/29/2022,8/30/2022,Delivered
PO-2022-00219,7/2/2023,SUP006,P01401,2259,35.73,80718.26,8/13/2023,8/9/2023,Delivered
PO-2022-00220,6/26/2023,SUP043,P01652,2373,44.03,104494.45,8/2/2023,7/31/2023,Delivered
PO-2022-00221,5/13/2023,SUP055,P00910,4425,16.06,71070.03,6/27/2023,6/30/2023,Delivered
PO-2022-00222,8/7/2023,SUP018,P00144,1374,32.23,44290.58,9/2/2023,9/5/2023,Delivered
PO-2022-00223,1/1/2023,SUP059,P00174,849,9.54,8097.04,1/20/2023,1/29/2023,Delivered
PO-2022-00224,11/12/2023,SUP105,P01398,4544,13.78,62597.79,1/10/2024,1/15/2024,Delivered
PO-2022-00225,6/9/2022,SUP011,P00168,985,26.8,26401.86,6/17/2022,,Cancelled
PO-2022-00226,4/2/2023,SUP079,P00345,653,47.38,30938.05,5/18/2023,5/20/2023,Delivered
PO-2022-00227,12/6/2023,SUP111,P00247,1052,38.74,40749.71,1/27/2024,1/28/2024,Delivered
PO-2022-00228,7/12/2022,SUP018,P00375,4872,35.24,171667.19,8/7/2022,8/7/2022,Delivered
PO-2022-00229,7/10/2023,SUP102,P00074,2585,15.15,39159.23,8/26/2023,,Cancelled
PO-2022-00230,12/14/2022,SUP066,P00525,2671,25.43,67918.31,1/20/2023,1/23/2023,Delivered
PO-2022-00231,9/23/2023,SUP064,P01206,4133,12.04,49774.42,11/20/2023,11/26/2023,Delivered
PO-2022-00232,4/30/2022,SUP070,P00072,854,48.37,41305.4,6/3/2022,6/12/2022,Delivered
PO-2022-00233,2/21/2022,SUP069,P01143,4048,25.14,101752.04,4/4/2022,4/13/2022,Delivered
PO-2022-00234,11/16/2023,SUP060,P01773,4002,24.52,98135.88,12/27/2023,12/27/2023,Delivered
PO-2022-00235,2/7/2023,SUP074,P01070,2516,40.54,102003.96,3/25/2023,3/20/2023,Delivered
PO-2022-00236,1/23/2022,SUP069,P01291,2265,11.04,25007.41,3/6/2022,3/9/2022,Delivered
PO-2022-00237,8/27/2022,SUP010,P00268,2260,24.05,54356.74,10/15/2022,10/18/2022,Delivered
PO-2022-00238,3/7/2023,SUP040,P00893,206,23.25,4790.22,4/21/2023,,Shipped
PO-2022-00239,11/5/2022,SUP089,P00622,4340,41.67,180864.97,12/19/2022,12/28/2022,Delivered
PO-2022-00240,2/3/2023,SUP021,P00124,185,25.15,4653.49,2/15/2023,,Pending
PO-2022-00241,10/3/2022,SUP041,P01739,2105,30.31,63803.32,11/2/2022,11/3/2022,Delivered
PO-2022-00242,9/24/2023,SUP024,P00714,1169,18.98,22188.31,11/10/2023,11/8/2023,Delivered
PO-2022-00243,6/24/2023,SUP094,P00803,1508,35.35,53303.4,7/16/2023,7/25/2023,Delivered
PO-2022-00244,3/26/2023,SUP077,P01207,4592,10.41,47788.69,5/14/2023,,Cancelled
PO-2022-00245,3/6/2022,SUP048,P00733,3354,23.24,77939.97,4/17/2022,4/23/2022,Delivered
PO-2022-00246,4/27/2023,SUP007,P01198,4761,21.43,102049.73,6/8/2023,6/5/2023,Delivered
PO-2022-00247,2/13/2023,SUP098,P01486,3232,27.68,89460.25,3/10/2023,3/12/2023,Delivered
PO-2022-00248,7/3/2023,SUP003,P01507,3333,24.61,82032.73,8/8/2023,8/5/2023,Delivered
PO-2022-00249,11/30/2022,SUP133,P01243,4853,25.09,121756.06,12/29/2022,12/28/2022,Delivered
PO-2022-00250,3/30/2022,SUP084,P00310,1543,20.42,31501.24,4/21/2022,4/19/2022,Delivered
PO-2022-00251,5/25/2022,SUP011,P01068,1886,39.36,74239.44,6/2/2022,6/11/2022,Delivered
PO-2022-00252,5/8/2023,SUP139,P00531,1459,25.99,37912.62,6/6/2023,6/2/2023,Delivered
PO-2022-00253,6/23/2023,SUP002,P01274,2881,5.2,14975.09,7/17/2023,7/24/2023,Delivered
PO-2022-00254,9/13/2022,SUP122,P01848,2075,20.48,42488.04,10/4/2022,10/9/2022,Delivered
PO-2022-00255,2/27/2023,SUP064,P00498,2316,36.77,85150.95,4/26/2023,,Shipped
PO-2022-00256,12/13/2022,SUP005,P00455,4909,27.17,133353.1,1/26/2023,2/1/2023,Delivered
PO-2022-00257,5/16/2023,SUP120,P01172,814,15.94,12977.08,6/10/2023,6/10/2023,Delivered
PO-2022-00258,2/25/2022,SUP052,P01340,3111,46.12,143486.37,4/24/2022,,Pending
PO-2022-00259,9/27/2022,SUP102,P00732,4041,28.21,113988.52,11/13/2022,11/14/2022,Delivered
PO-2022-00260,3/24/2023,SUP031,P00496,524,31.35,16427.85,5/17/2023,5/12/2023,Delivered
PO-2022-00261,7/13/2023,SUP123,P01063,3900,40.56,158201.35,7/28/2023,8/3/2023,Delivered
PO-2022-00262,10/8/2022,SUP106,P01857,232,11.04,2562.05,10/18/2022,10/23/2022,Delivered
PO-2022-00263,8/26/2022,SUP132,P01481,1000,41.37,41367.04,9/3/2022,8/29/2022,Delivered
PO-2022-00264,6/22/2022,SUP003,P00790,1691,7.15,12094.3,7/28/2022,7/26/2022,Delivered
PO-2022-00265,11/2/2023,SUP033,P00080,1701,6.72,11431.48,11/18/2023,11/22/2023,Delivered
PO-2022-00266,9/1/2022,SUP132,P01417,1689,45.04,76069.79,9/9/2022,9/8/2022,Delivered
PO-2022-00267,12/16/2023,SUP146,P01177,209,45.21,9449.66,1/15/2024,1/12/2024,Delivered
PO-2022-00268,2/19/2023,SUP149,P01670,1449,15.57,22566.56,3/12/2023,3/17/2023,Delivered
PO-2022-00269,3/8/2022,SUP046,P01208,1158,7.28,8431.93,4/13/2022,4/9/2022,Delivered
PO-2022-00270,3/17/2022,SUP077,P01770,2670,7.8,20834.22,5/5/2022,5/1/2022,Delivered
PO-2022-00271,6/23/2023,SUP061,P01079,987,18.09,17850.53,8/14/2023,8/10/2023,Delivered
PO-2022-00272,9/24/2023,SUP065,P01279,275,20.57,5656.33,10/25/2023,10/20/2023,Delivered
PO-2022-00273,9/19/2022,SUP021,P01878,1494,33.07,49411.56,10/1/2022,,Pending
PO-2022-00274,8/20/2023,SUP031,P00302,3291,43.27,142402.03,10/13/2023,10/8/2023,Delivered
PO-2022-00275,2/3/2022,SUP022,P01232,2093,6.45,13507.14,3/10/2022,3/18/2022,Delivered
PO-2022-00276,1/6/2023,SUP136,P01465,716,34.51,24711.33,1/18/2023,1/15/2023,Delivered
PO-2022-00277,8/27/2022,SUP053,P01256,1031,5.76,5942.65,10/6/2022,10/8/2022,Delivered
PO-2022-00278,11/7/2022,SUP098,P01930,725,27.14,19673.79,12/2/2022,11/28/2022,Delivered
PO-2022-00279,4/5/2022,SUP002,P00941,3522,39.46,138994.9,4/29/2022,4/27/2022,Delivered
PO-2022-00280,4/21/2022,SUP111,P01551,881,43.76,38552.26,6/12/2022,6/15/2022,Delivered
PO-2022-00281,10/3/2022,SUP086,P01240,2580,23.76,61308.48,11/7/2022,11/10/2022,Delivered
PO-2022-00282,1/27/2023,SUP074,P01299,3622,47.22,171036.42,3/14/2023,3/19/2023,Delivered
PO-2022-00283,7/17/2023,SUP135,P01616,3354,1.18,3955.69,8/26/2023,8/28/2023,Delivered
PO-2022-00284,12/6/2022,SUP007,P01934,1745,48.72,85021.92,1/17/2023,1/17/2023,Delivered
PO-2022-00285,3/20/2022,SUP097,P00609,738,32.55,24023.25,4/22/2022,4/19/2022,Delivered
PO-2022-00286,9/26/2023,SUP107,P00944,4010,21.32,85509.87,10/5/2023,,Cancelled
PO-2022-00287,4/9/2023,SUP148,P00455,4530,28.78,130377.86,4/27/2023,5/2/2023,Delivered
PO-2022-00288,12/2/2022,SUP088,P00087,1899,49.15,93339.53,1/22/2023,1/26/2023,Delivered
PO-2022-00289,5/3/2022,SUP130,P01120,4800,19.96,95822.11,5/23/2022,6/1/2022,Delivered
PO-2022-00290,1/6/2023,SUP056,P01381,3319,21.98,72963.16,1/29/2023,1/29/2023,Delivered
PO-2022-00291,9/19/2022,SUP069,P00491,1154,24.33,28080.02,10/31/2022,11/9/2022,Delivered
PO-2022-00292,2/4/2023,SUP027,P01942,4795,43.74,209712.23,3/24/2023,4/2/2023,Delivered
PO-2022-00293,3/21/2022,SUP075,P00652,516,6.03,3111.04,4/7/2022,4/2/2022,Delivered
PO-2022-00294,8/28/2022,SUP085,P01945,955,49.03,46824.15,10/20/2022,10/19/2022,Delivered
PO-2022-00295,5/3/2022,SUP061,P00216,4904,41.56,203794.33,6/24/2022,7/1/2022,Delivered
PO-2022-00296,10/6/2023,SUP081,P00833,779,32.86,25594.08,11/25/2023,,Shipped
PO-2022-00297,8/7/2022,SUP134,P00087,1584,51.14,80999.58,9/27/2022,10/5/2022,Delivered
PO-2022-00298,6/9/2023,SUP051,P00408,3808,31.18,118740.98,7/8/2023,7/16/2023,Delivered
PO-2022-00299,10/12/2023,SUP056,P01916,2333,41.52,96872.98,11/4/2023,10/31/2023,Delivered
PO-2022-00300,4/13/2022,SUP112,P01400,2434,4.3,10478.07,5/17/2022,5/16/2022,Delivered
PO-2022-00301,7/20/2022,SUP026,P01485,3649,31.17,113725.53,9/13/2022,9/17/2022,Delivered
PO-2022-00302,12/30/2022,SUP044,P01840,3796,28.13,106796.72,2/17/2023,2/23/2023,Delivered
PO-2022-00303,4/24/2022,SUP005,P01642,1347,43.91,59140.11,6/7/2022,6/15/2022,Delivered
PO-2022-00304,7/25/2022,SUP069,P01307,2201,3.03,6658.47,9/5/2022,,Cancelled
PO-2022-00305,5/16/2022,SUP052,P01757,951,28.74,27332.72,7/13/2022,7/19/2022,Delivered
PO-2022-00306,3/25/2023,SUP132,P01652,768,45.78,35159.35,4/2/2023,3/29/2023,Delivered
PO-2022-00307,8/7/2022,SUP070,P01262,2432,2.03,4946.76,9/10/2022,9/12/2022,Delivered
PO-2022-00308,10/16/2023,SUP142,P01149,3771,35.71,134645.77,11/1/2023,11/7/2023,Delivered
PO-2022-00309,9/13/2022,SUP080,P00987,4989,42.65,212777.45,11/10/2022,11/8/2022,Delivered
PO-2022-00310,9/10/2022,SUP100,P01585,3347,8.47,28352.44,9/20/2022,9/15/2022,Delivered
PO-2022-00311,2/19/2022,SUP004,P01655,3847,17.72,68165.42,3/23/2022,3/20/2022,Delivered
PO-2022-00312,9/19/2022,SUP025,P00903,3547,48.77,172996,10/16/2022,10/18/2022,Delivered
PO-2022-00313,10/20/2022,SUP052,P00691,4551,48.06,218702.18,12/17/2022,12/24/2022,Delivered
PO-2022-00314,12/23/2022,SUP117,P00608,508,33.36,16946.42,1/21/2023,1/26/2023,Delivered
PO-2022-00315,6/22/2022,SUP103,P01659,1639,41.29,67667.17,8/18/2022,8/21/2022,Delivered
PO-2022-00316,4/22/2023,SUP072,P01106,3511,1.65,5798.47,5/30/2023,6/5/2023,Delivered
PO-2022-00317,1/16/2022,SUP023,P00333,4678,20.51,95940.3,2/24/2022,2/24/2022,Delivered
PO-2022-00318,3/30/2023,SUP122,P00742,4361,6.49,28304.01,4/20/2023,,Pending
PO-2022-00319,11/29/2022,SUP060,P00507,3292,31.48,103622.39,1/9/2023,1/11/2023,Delivered
PO-2022-00320,12/7/2023,SUP075,P00114,2367,19.19,45414.59,12/24/2023,1/2/2024,Delivered
PO-2022-00321,1/21/2023,SUP047,P00930,3424,51.3,175662.91,2/14/2023,2/15/2023,Delivered
PO-2022-00322,1/15/2023,SUP002,P01883,4947,45.89,227041.64,2/8/2023,,Cancelled
PO-2022-00323,6/12/2023,SUP115,P00535,653,14.17,9253.65,7/22/2023,7/20/2023,Delivered
PO-2022-00324,5/30/2022,SUP006,P01056,4852,29.92,145189.54,7/11/2022,,Pending
PO-2022-00325,6/26/2022,SUP068,P01613,515,4.74,2443.38,7/30/2022,,Cancelled
PO-2022-00326,3/26/2022,SUP006,P00957,2035,49.53,100797.9,5/7/2022,5/3/2022,Delivered
PO-2022-00327,8/29/2023,SUP025,P00515,4006,23.44,93888.94,9/25/2023,9/23/2023,Delivered
PO-2022-00328,11/20/2023,SUP074,P00823,642,3.09,1985.97,1/5/2024,1/14/2024,Delivered
PO-2022-00329,7/10/2022,SUP073,P00415,3671,45.97,168768.74,7/31/2022,8/3/2022,Delivered
PO-2022-00330,11/29/2023,SUP128,P01725,657,25.28,16608.16,12/19/2023,12/22/2023,Delivered
PO-2022-00331,12/3/2022,SUP016,P01325,1200,15.99,19187.17,12/25/2022,12/29/2022,Delivered
PO-2022-00332,4/14/2022,SUP063,P01670,2101,15.27,32087.99,5/10/2022,5/15/2022,Delivered
PO-2022-00333,10/5/2023,SUP120,P01413,1531,8.74,13379.73,10/30/2023,10/31/2023,Delivered
PO-2022-00334,4/22/2022,SUP095,P01764,1428,1.64,2340.94,5/9/2022,,Cancelled
PO-2022-00335,8/5/2023,SUP122,P00220,3402,4.23,14395.94,8/26/2023,,Shipped
PO-2022-00336,3/28/2023,SUP076,P00089,3826,18.18,69538.37,4/23/2023,4/21/2023,Delivered
PO-2022-00337,3/18/2023,SUP042,P01881,3379,44.17,149237.05,4/21/2023,4/16/2023,Delivered
PO-2022-00338,1/16/2023,SUP067,P01561,3006,40.9,122936.86,3/11/2023,3/6/2023,Delivered
PO-2022-00339,2/1/2022,SUP036,P00712,3197,24.54,78450.66,3/23/2022,3/26/2022,Delivered
PO-2022-00340,5/10/2022,SUP106,P01378,2345,35.82,83993.87,5/20/2022,5/17/2022,Delivered
PO-2022-00341,12/20/2023,SUP055,P00770,712,12.05,8576.43,2/3/2024,2/3/2024,Delivered
PO-2022-00342,6/17/2023,SUP047,P01444,1645,16.63,27364.38,7/11/2023,,Pending
PO-2022-00343,8/15/2023,SUP108,P01509,1013,28.44,28814.68,9/13/2023,9/19/2023,Delivered
PO-2022-00344,7/8/2023,SUP054,P01183,4891,14.5,70918.69,8/25/2023,8/30/2023,Delivered
PO-2022-00345,12/5/2022,SUP117,P00795,1822,40.71,74168.83,1/3/2023,1/4/2023,Delivered
PO-2022-00346,4/3/2022,SUP033,P01448,4314,44.96,193940.92,4/19/2022,4/28/2022,Delivered
PO-2022-00347,1/30/2022,SUP111,P01390,2947,14.81,43647.47,3/23/2022,3/20/2022,Delivered
PO-2022-00348,8/22/2022,SUP062,P00931,2899,43.28,125473.45,9/24/2022,10/1/2022,Delivered
PO-2022-00349,11/14/2022,SUP117,P00757,2612,17.1,44656.8,12/13/2022,12/19/2022,Delivered
PO-2022-00350,2/26/2022,SUP121,P00735,1193,30.25,36091.33,3/15/2022,3/24/2022,Delivered
PO-2022-00351,10/3/2022,SUP061,P00257,2128,18.8,40007.43,11/24/2022,11/25/2022,Delivered
PO-2022-00352,3/11/2023,SUP121,P00408,3440,31.26,107536.8,3/28/2023,4/6/2023,Delivered
PO-2022-00353,10/26/2022,SUP148,P01183,1860,13.27,24673.41,11/13/2022,11/8/2022,Delivered
PO-2022-00354,2/9/2023,SUP103,P01731,1074,44.27,47546.64,4/7/2023,4/15/2023,Delivered
PO-2022-00355,9/25/2023,SUP035,P00523,825,53.95,44510.99,11/19/2023,11/19/2023,Delivered
PO-2022-00356,7/3/2023,SUP089,P00524,4199,8.04,33754.07,8/16/2023,8/15/2023,Delivered
PO-2022-00357,5/14/2022,SUP094,P01386,977,9.23,9022.12,6/5/2022,6/11/2022,Delivered
PO-2022-00358,5/23/2022,SUP097,P01578,1774,15.43,27366.82,6/25/2022,6/30/2022,Delivered
PO-2022-00359,9/3/2022,SUP065,P00730,4139,37.63,155746.48,10/4/2022,10/6/2022,Delivered
PO-2022-00360,5/9/2022,SUP109,P00698,1964,16.34,32098.17,6/29/2022,6/27/2022,Delivered
PO-2022-00361,1/17/2022,SUP080,P00012,1622,5.01,8125.02,3/16/2022,3/16/2022,Delivered
PO-2022-00362,4/18/2022,SUP059,P01573,4824,27.99,135013.82,5/7/2022,,Shipped
PO-2022-00363,7/30/2023,SUP047,P00555,2272,22.87,51949.86,8/23/2023,,Pending
PO-2022-00364,4/25/2023,SUP141,P01026,4310,45.88,197746.15,6/21/2023,6/26/2023,Delivered
PO-2022-00365,7/31/2023,SUP134,P00768,2538,34.5,87552.36,9/20/2023,9/18/2023,Delivered
PO-2022-00366,1/12/2023,SUP054,P00090,2955,4.34,12819.63,3/1/2023,2/27/2023,Delivered
PO-2022-00367,5/9/2023,SUP046,P01877,4319,22.74,98216.79,6/14/2023,6/16/2023,Delivered
PO-2022-00368,5/7/2023,SUP070,P01367,4247,46.52,197551.14,6/10/2023,,Pending
PO-2022-00369,12/26/2023,SUP129,P01862,4052,28.46,115308.5,1/5/2024,1/5/2024,Delivered
PO-2022-00370,12/18/2023,SUP029,P01276,3173,44.83,142249.07,1/14/2024,,Pending
PO-2022-00371,7/4/2023,SUP110,P00468,300,34.95,10485.26,8/26/2023,8/30/2023,Delivered
PO-2022-00372,10/19/2022,SUP142,P00883,685,30.86,21137.36,11/4/2022,10/30/2022,Delivered
PO-2022-00373,1/5/2022,SUP041,P00360,3769,30.37,114473.83,2/4/2022,1/30/2022,Delivered
PO-2022-00374,7/17/2023,SUP052,P00703,733,41.69,30559.23,9/13/2023,9/17/2023,Delivered
PO-2022-00375,12/22/2023,SUP089,P01425,2026,42.26,85616.77,2/4/2024,2/9/2024,Delivered
PO-2022-00376,12/24/2023,SUP025,P00607,771,39.72,30625.31,1/20/2024,1/21/2024,Delivered
PO-2022-00377,8/21/2023,SUP039,P01054,2584,43.18,111581.66,10/17/2023,,Cancelled
PO-2022-00378,5/14/2022,SUP038,P00312,3907,11.83,46229.74,7/3/2022,7/3/2022,Delivered
PO-2022-00379,4/12/2022,SUP131,P00888,3374,11.97,40400.1,5/26/2022,6/3/2022,Delivered
PO-2022-00380,4/14/2022,SUP119,P00428,4664,11.41,53216.85,5/15/2022,5/17/2022,Delivered
PO-2022-00381,7/15/2023,SUP082,P01956,686,5.31,3644.26,9/7/2023,9/11/2023,Delivered
PO-2022-00382,4/21/2022,SUP103,P01852,1007,31.49,31712.99,6/17/2022,6/21/2022,Delivered
PO-2022-00383,2/2/2022,SUP048,P01904,206,28.29,5827.71,3/16/2022,3/24/2022,Delivered
PO-2022-00384,1/5/2023,SUP134,P00788,266,26.46,7039.25,2/25/2023,2/22/2023,Delivered
PO-2022-00385,2/11/2023,SUP065,P00816,4938,7.34,36253.88,3/14/2023,3/15/2023,Delivered
PO-2022-00386,10/30/2023,SUP071,P00062,4564,39.73,181346.08,11/22/2023,11/24/2023,Delivered
PO-2022-00387,1/26/2022,SUP130,P00050,4194,24.69,103541.22,2/15/2022,,Pending
PO-2022-00388,1/14/2023,SUP107,P01348,4524,7.8,35271.8,1/23/2023,1/23/2023,Delivered
PO-2022-00389,7/21/2023,SUP118,P00149,3948,15.31,60434.13,9/10/2023,9/5/2023,Delivered
PO-2022-00390,4/29/2023,SUP115,P00389,524,34.82,18245.96,6/8/2023,6/4/2023,Delivered
PO-2022-00391,10/18/2023,SUP060,P01664,3675,9.47,34817.76,11/28/2023,12/7/2023,Delivered
PO-2022-00392,12/29/2023,SUP075,P00447,1697,25.3,42932.63,1/15/2024,1/22/2024,Delivered
PO-2022-00393,7/18/2023,SUP124,P01917,3629,24.95,90542.87,8/17/2023,8/17/2023,Delivered
PO-2022-00394,6/12/2022,SUP083,P01688,449,42.13,18917.04,7/17/2022,7/18/2022,Delivered
PO-2022-00395,4/16/2022,SUP057,P00255,4639,38.92,180557.98,6/1/2022,,Shipped
PO-2022-00396,2/15/2022,SUP139,P00757,1476,19.15,28259.49,3/16/2022,3/13/2022,Delivered
PO-2022-00397,7/18/2023,SUP091,P00840,1440,38.36,55235.58,8/25/2023,8/20/2023,Delivered
PO-2022-00398,7/7/2023,SUP142,P00066,3381,16.79,56758.58,7/23/2023,7/22/2023,Delivered
PO-2022-00399,7/25/2023,SUP073,P01860,301,29.01,8732.6,8/15/2023,8/24/2023,Delivered
PO-2022-00400,11/24/2023,SUP006,P01313,2048,45.5,93193.64,1/5/2024,1/3/2024,Delivered
PO-2022-00401,10/23/2023,SUP107,P01591,1821,4.77,8683.73,11/1/2023,11/1/2023,Delivered
PO-2022-00402,5/24/2023,SUP067,P00104,2798,8.37,23431.1,7/17/2023,7/24/2023,Delivered
PO-2022-00403,1/18/2022,SUP024,P01208,1780,7.79,13861.22,3/6/2022,3/13/2022,Delivered
PO-2022-00404,11/29/2023,SUP012,P00781,1045,22.94,23975.95,1/15/2024,,Shipped
PO-2022-00405,7/2/2023,SUP034,P00127,1897,24.57,46603.52,8/6/2023,8/6/2023,Delivered
PO-2022-00406,1/31/2022,SUP107,P01865,4497,36.72,165107.97,2/9/2022,2/14/2022,Delivered
PO-2022-00407,9/14/2022,SUP064,P00009,2994,3.44,10289.3,11/11/2022,11/18/2022,Delivered
PO-2022-00408,1/24/2022,SUP110,P01084,4962,5.67,28114.05,3/18/2022,3/16/2022,Delivered
PO-2022-00409,7/21/2022,SUP097,P00089,2096,15.31,32096.95,8/23/2022,8/21/2022,Delivered
PO-2022-00410,10/14/2023,SUP021,P01504,4782,44.76,214054.65,10/26/2023,11/4/2023,Delivered
PO-2022-00411,4/10/2022,SUP076,P01935,3470,21.8,75647.46,5/6/2022,5/8/2022,Delivered
PO-2022-00412,11/26/2022,SUP124,P01566,4518,17.07,77139.39,12/26/2022,12/28/2022,Delivered
PO-2022-00413,1/5/2022,SUP031,P01790,3633,19.27,70007.97,2/28/2022,,Shipped
PO-2022-00414,10/31/2022,SUP136,P01582,2175,45.39,98716.32,11/12/2022,11/8/2022,Delivered
PO-2022-00415,3/29/2022,SUP144,P01722,1878,37.22,69896.22,5/4/2022,5/4/2022,Delivered
PO-2022-00416,3/11/2023,SUP144,P00218,1231,20.54,25279.12,4/16/2023,4/23/2023,Delivered
PO-2022-00417,6/6/2023,SUP029,P01072,469,42.12,19754.24,7/3/2023,7/1/2023,Delivered
PO-2022-00418,10/6/2022,SUP092,P01352,1802,39.01,70303.73,10/26/2022,10/29/2022,Delivered
PO-2022-00419,6/13/2023,SUP032,P00956,422,4.61,1947.28,8/2/2023,8/6/2023,Delivered
PO-2022-00420,10/22/2022,SUP020,P00223,2222,23.44,52084.25,11/9/2022,11/8/2022,Delivered
PO-2022-00421,6/22/2022,SUP004,P01876,3650,22.73,82968.76,7/24/2022,7/30/2022,Delivered
PO-2022-00422,6/16/2022,SUP051,P00118,1909,21.65,41337.11,7/15/2022,7/16/2022,Delivered
PO-2022-00423,2/7/2022,SUP146,P00104,2397,7.21,17285.78,3/9/2022,3/16/2022,Delivered
PO-2022-00424,7/9/2023,SUP141,P00071,1903,34.78,66189.97,9/4/2023,9/4/2023,Delivered
PO-2022-00425,1/14/2022,SUP123,P01136,1502,6.02,9041.19,1/29/2022,2/1/2022,Delivered
PO-2022-00426,9/3/2022,SUP011,P00849,3471,15.85,55021.85,9/11/2022,9/20/2022,Delivered
PO-2022-00427,12/8/2022,SUP047,P01273,859,1.08,927.61,1/1/2023,1/9/2023,Delivered
PO-2022-00428,1/16/2023,SUP047,P01369,698,12.59,8786.02,2/9/2023,2/10/2023,Delivered
PO-2022-00429,11/9/2022,SUP145,P00133,2866,2.59,7429.12,12/28/2022,12/31/2022,Delivered
PO-2022-00430,6/7/2023,SUP105,P00867,1518,38.37,58249.5,8/5/2023,8/14/2023,Delivered
PO-2022-00431,11/9/2023,SUP001,P01582,3413,46.53,158811.91,12/19/2023,12/16/2023,Delivered
PO-2022-00432,10/16/2023,SUP139,P01085,1107,36.9,40848.59,11/14/2023,,Cancelled
PO-2022-00433,2/10/2022,SUP149,P01646,4492,8.82,39604.84,3/3/2022,3/3/2022,Delivered
PO-2022-00434,6/25/2022,SUP070,P00551,2285,30.92,70646.51,7/29/2022,7/25/2022,Delivered
PO-2022-00435,3/19/2023,SUP030,P00457,4890,20.24,98954.34,5/7/2023,5/12/2023,Delivered
PO-2022-00436,3/20/2023,SUP040,P00597,254,7.24,1838.26,5/4/2023,5/2/2023,Delivered
PO-2022-00437,7/3/2022,SUP106,P01261,2038,19.23,39185.34,7/13/2022,7/8/2022,Delivered
PO-2022-00438,6/19/2023,SUP128,P01599,3497,13.86,48475.29,7/9/2023,,Cancelled
PO-2022-00439,6/2/2022,SUP019,P00551,944,30.69,28968.38,7/19/2022,7/21/2022,Delivered
PO-2022-00440,2/26/2023,SUP095,P00993,2076,42.01,87204.46,3/15/2023,3/19/2023,Delivered
PO-2022-00441,5/4/2022,SUP087,P01581,1087,30,32604.82,5/29/2022,5/27/2022,Delivered
PO-2022-00442,2/13/2023,SUP034,P01621,3728,16.04,59786.22,3/20/2023,3/17/2023,Delivered
PO-2022-00443,7/6/2023,SUP046,P01497,2523,14,35332.73,8/11/2023,8/8/2023,Delivered
PO-2022-00444,3/4/2023,SUP064,P01346,1665,2.69,4485.77,5/1/2023,5/10/2023,Delivered
PO-2022-00445,2/23/2022,SUP104,P01985,103,35.68,3674.55,3/26/2022,3/29/2022,Delivered
PO-2022-00446,11/16/2022,SUP128,P01628,600,4.42,2651.47,12/6/2022,12/11/2022,Delivered
PO-2022-00447,7/4/2022,SUP051,P01204,3247,29.15,94643.44,8/2/2022,7/28/2022,Delivered
PO-2022-00448,2/24/2022,SUP102,P01871,4272,4.86,20767.62,4/12/2022,4/14/2022,Delivered
PO-2022-00449,12/12/2023,SUP011,P01977,2190,46.42,101658.47,12/20/2023,12/25/2023,Delivered
PO-2022-00450,11/3/2022,SUP063,P01707,4091,33.28,136165.13,11/29/2022,11/25/2022,Delivered
PO-2022-00451,1/29/2023,SUP126,P01740,1507,2.95,4445.56,3/4/2023,2/27/2023,Delivered
PO-2022-00452,7/26/2022,SUP132,P01808,122,9.84,1200.12,8/3/2022,7/30/2022,Delivered
PO-2022-00453,4/14/2022,SUP135,P01479,1294,5.37,6954.95,5/24/2022,5/22/2022,Delivered
PO-2022-00454,5/5/2022,SUP136,P00317,1966,25.09,49333.55,5/17/2022,5/25/2022,Delivered
PO-2022-00455,12/5/2023,SUP088,P01762,3925,24.53,96263.8,1/25/2024,1/22/2024,Delivered
PO-2022-00456,6/4/2023,SUP098,P01430,3161,33.63,106300.18,6/29/2023,6/29/2023,Delivered
PO-2022-00457,7/30/2023,SUP072,P00893,369,24.28,8960.85,9/6/2023,9/3/2023,Delivered
PO-2022-00458,1/24/2023,SUP072,P00438,1142,44.43,50734.78,3/3/2023,,Cancelled
PO-2022-00459,8/14/2022,SUP111,P01454,4096,19.73,80804.26,10/5/2022,10/1/2022,Delivered
PO-2022-00460,2/18/2023,SUP106,P01481,1845,37.47,69136.62,2/28/2023,2/25/2023,Delivered
PO-2022-00461,2/21/2023,SUP103,P00976,1785,43.89,78350.31,4/19/2023,4/23/2023,Delivered
PO-2022-00462,5/24/2023,SUP100,P00005,3609,8.48,30619.66,6/3/2023,5/30/2023,Delivered
PO-2022-00463,9/25/2022,SUP147,P01788,783,4.14,3239.37,11/19/2022,11/20/2022,Delivered
PO-2022-00464,5/13/2022,SUP059,P01517,3936,8.92,35110.69,6/1/2022,5/28/2022,Delivered
PO-2022-00465,9/11/2023,SUP054,P01270,2650,12.35,32717.32,10/29/2023,11/2/2023,Delivered
PO-2022-00466,1/13/2022,SUP147,P01339,4880,23.16,113043.4,3/9/2022,3/14/2022,Delivered
PO-2022-00467,2/12/2022,SUP081,P01815,3600,32.06,115400.8,4/3/2022,4/12/2022,Delivered
PO-2022-00468,9/13/2023,SUP119,P01952,849,37.66,31970.12,10/14/2023,10/17/2023,Delivered
PO-2022-00469,7/14/2023,SUP084,P01714,4685,42.72,200139.65,8/5/2023,8/1/2023,Delivered
PO-2022-00470,7/25/2023,SUP114,P01475,2572,29.21,75127.96,9/17/2023,9/26/2023,Delivered
PO-2022-00471,9/8/2022,SUP135,P00339,3611,1.25,4509.55,10/18/2022,10/23/2022,Delivered
PO-2022-00472,10/5/2023,SUP025,P01681,1450,34.15,49524.37,11/1/2023,11/9/2023,Delivered
PO-2022-00473,10/29/2022,SUP077,P01567,3264,10.23,33378.37,12/17/2022,,Shipped
PO-2022-00474,9/4/2023,SUP055,P00445,2043,51.14,104483.9,10/19/2023,10/26/2023,Delivered
PO-2022-00475,5/2/2023,SUP011,P00256,3210,40.68,130577.35,5/10/2023,5/10/2023,Delivered
PO-2022-00476,1/5/2023,SUP082,P01601,2996,39.27,117667.08,2/28/2023,3/3/2023,Delivered
PO-2022-00477,3/20/2023,SUP104,P01283,2070,9.8,20287.06,4/20/2023,,Pending
PO-2022-00478,7/24/2023,SUP077,P00605,748,21.1,15786.52,9/11/2023,9/11/2023,Delivered
PO-2022-00479,4/22/2022,SUP056,P01462,184,5.67,1043.19,5/15/2022,5/11/2022,Delivered
PO-2022-00480,2/9/2023,SUP055,P01928,3199,29.21,93439.6,3/26/2023,3/24/2023,Delivered
PO-2022-00481,5/26/2023,SUP069,P00875,2121,37.77,80105.48,7/7/2023,7/8/2023,Delivered
PO-2022-00482,10/11/2022,SUP108,P01071,236,26.27,6200.51,11/9/2022,,Pending
PO-2022-00483,4/3/2023,SUP031,P00335,2705,27.04,73150.75,5/27/2023,5/29/2023,Delivered
PO-2022-00484,4/1/2023,SUP088,P01763,4253,5.93,25206.07,5/22/2023,,Cancelled
PO-2022-00485,12/30/2023,SUP016,P01383,4572,45.09,206151.6,1/21/2024,1/30/2024,Delivered
PO-2022-00486,1/29/2023,SUP077,P01639,4924,3.28,16159.81,3/19/2023,3/15/2023,Delivered
PO-2022-00487,1/18/2022,SUP070,P00561,3518,50.63,178101.97,2/21/2022,2/20/2022,Delivered
PO-2022-00488,6/15/2023,SUP110,P00368,1170,20.58,24079.98,8/7/2023,8/4/2023,Delivered
PO-2022-00489,10/2/2023,SUP065,P00143,1170,9.33,10918.8,11/2/2023,,Shipped
PO-2022-00490,12/6/2022,SUP056,P01923,4819,45.47,219115.98,12/29/2022,,Cancelled
PO-2022-00491,4/19/2023,SUP029,P01863,552,9.46,5221.72,5/16/2023,,Shipped
PO-2022-00492,6/18/2023,SUP019,P01236,1358,41.44,56273.16,8/4/2023,8/5/2023,Delivered
PO-2022-00493,7/4/2023,SUP060,P01564,811,49.43,40084.3,8/14/2023,8/10/2023,Delivered
PO-2022-00494,6/26/2022,SUP052,P00445,3298,44.99,148392.01,8/23/2022,8/30/2022,Delivered
PO-2022-00495,2/24/2023,SUP098,P01504,1566,41.99,65752.27,3/21/2023,3/29/2023,Delivered
PO-2022-00496,8/17/2023,SUP137,P01383,1256,53.29,66930.43,9/3/2023,9/8/2023,Delivered
PO-2022-00497,6/19/2022,SUP094,P01655,3508,18.95,66482.43,7/11/2022,,Shipped
PO-2022-00498,1/3/2022,SUP066,P00116,3302,30.15,99543.44,2/9/2022,2/12/2022,Delivered
PO-2022-00499,10/19/2022,SUP093,P01015,4780,34.22,163560.37,12/5/2022,12/4/2022,Delivered
PO-2022-00500,2/22/2023,SUP030,P01701,554,21.97,12170.2,4/12/2023,4/13/2023,Delivered
PO-2022-00501,5/5/2023,SUP123,P01783,1969,25.32,49856.66,5/20/2023,5/29/2023,Delivered
PO-2022-00502,9/7/2022,SUP078,P00740,3768,3.16,11907.02,10/23/2022,11/1/2022,Delivered
PO-2022-00503,8/24/2022,SUP039,P01063,2865,34.91,100022.95,10/20/2022,10/18/2022,Delivered
PO-2022-00504,5/23/2022,SUP110,P01443,1104,24.91,27502.14,7/15/2022,7/21/2022,Delivered
PO-2022-00505,1/24/2022,SUP024,P00428,3010,10.92,32874.23,3/12/2022,3/12/2022,Delivered
PO-2022-00506,11/3/2023,SUP139,P01112,3024,24.06,72742.37,12/2/2023,12/9/2023,Delivered
PO-2022-00507,9/27/2022,SUP058,P01675,3763,37.8,142239.58,10/7/2022,10/11/2022,Delivered
PO-2022-00508,6/30/2023,SUP130,P00592,2712,6.29,17065.33,7/20/2023,7/21/2023,Delivered
PO-2022-00509,4/8/2022,SUP052,P00711,4164,43.79,182329.75,6/5/2022,6/4/2022,Delivered
PO-2022-00510,8/29/2022,SUP103,P00044,237,24.16,5727.03,10/25/2022,11/3/2022,Delivered
PO-2022-00511,10/26/2022,SUP057,P00262,2659,45.76,121677.75,12/11/2022,12/17/2022,Delivered
PO-2022-00512,1/31/2022,SUP081,P00949,2949,27.98,82510.02,3/22/2022,3/25/2022,Delivered
PO-2022-00513,11/30/2022,SUP003,P00441,2820,47.88,135012.99,1/5/2023,1/13/2023,Delivered
PO-2022-00514,8/9/2023,SUP086,P01424,3337,9.49,31667.01,9/13/2023,9/11/2023,Delivered
PO-2022-00515,4/15/2023,SUP019,P01517,1193,9.35,11156.37,6/1/2023,6/8/2023,Delivered
PO-2022-00516,6/30/2022,SUP005,P01221,4242,11.18,47442.78,8/13/2022,8/19/2022,Delivered
PO-2022-00517,10/27/2023,SUP031,P01451,4784,32.51,155539.32,12/20/2023,12/16/2023,Delivered
PO-2022-00518,6/23/2023,SUP079,P01414,2606,7.18,18704.9,8/8/2023,8/7/2023,Delivered
PO-2022-00519,8/6/2023,SUP125,P00758,3879,28.17,109269.97,9/10/2023,9/5/2023,Delivered
PO-2022-00520,7/1/2022,SUP115,P01906,1899,18.94,35974.31,8/10/2022,8/13/2022,Delivered
PO-2022-00521,12/18/2022,SUP068,P00737,3405,6.58,22394.34,1/21/2023,1/23/2023,Delivered
PO-2022-00522,3/4/2023,SUP130,P01452,3230,30.77,99390.61,3/24/2023,3/27/2023,Delivered
PO-2022-00523,12/2/2023,SUP053,P00310,1111,18.36,20399.88,1/11/2024,1/12/2024,Delivered
PO-2022-00524,4/26/2023,SUP069,P00825,3910,49.76,194559.31,6/7/2023,6/6/2023,Delivered
PO-2022-00525,2/23/2023,SUP041,P01468,2177,11.72,25504.32,3/25/2023,4/1/2023,Delivered
PO-2022-00526,10/31/2022,SUP091,P01885,2595,28.3,73449.09,12/8/2022,12/14/2022,Delivered
PO-2022-00527,4/30/2023,SUP084,P01657,2662,33.58,89382.62,5/22/2023,5/19/2023,Delivered
PO-2022-00528,4/11/2023,SUP130,P01623,3211,21.8,69988.23,5/1/2023,5/5/2023,Delivered
PO-2022-00529,3/7/2022,SUP133,P01681,3586,34.94,125282.71,4/5/2022,4/6/2022,Delivered
PO-2022-00530,7/26/2023,SUP101,P01763,4630,5.17,23935.93,8/29/2023,9/2/2023,Delivered
PO-2022-00531,4/13/2023,SUP058,P00792,3022,19.29,58285.73,4/23/2023,4/20/2023,Delivered
PO-2022-00532,12/6/2022,SUP068,P01642,705,43.44,30626.69,1/9/2023,1/6/2023,Delivered
PO-2022-00533,11/8/2022,SUP044,P00765,3095,24.19,74871.37,12/27/2022,12/23/2022,Delivered
PO-2022-00534,9/9/2022,SUP145,P01867,4718,28.68,135334.62,10/28/2022,11/6/2022,Delivered
PO-2022-00535,3/29/2023,SUP095,P01054,2561,46.12,118117.81,4/15/2023,4/14/2023,Delivered
PO-2022-00536,8/19/2023,SUP112,P01018,2848,42.68,121555.56,9/22/2023,9/22/2023,Delivered
PO-2022-00537,8/20/2022,SUP067,P00838,1923,33.64,64682.42,10/13/2022,10/12/2022,Delivered
PO-2022-00538,1/22/2023,SUP109,P01022,2761,11.81,32609.48,3/14/2023,3/12/2023,Delivered
PO-2022-00539,10/21/2023,SUP139,P00552,4874,23.03,112240.22,11/19/2023,11/24/2023,Delivered
PO-2022-00540,12/1/2022,SUP085,P00199,4413,25.81,113888,1/23/2023,1/19/2023,Delivered
PO-2022-00541,11/1/2023,SUP095,P00330,4133,10.22,42242.46,11/18/2023,11/17/2023,Delivered
PO-2022-00542,11/23/2022,SUP078,P01179,2500,13.62,34061.68,1/8/2023,1/8/2023,Delivered
PO-2022-00543,11/29/2022,SUP084,P01282,4406,25.4,111891.56,12/21/2022,12/24/2022,Delivered
PO-2022-00544,10/2/2023,SUP002,P01075,253,33.61,8503.19,10/26/2023,11/4/2023,Delivered
PO-2022-00545,5/14/2022,SUP146,P00569,1045,18.69,19528.48,6/13/2022,6/15/2022,Delivered
PO-2022-00546,5/29/2022,SUP132,P00804,2986,42.21,126046.03,6/6/2022,6/6/2022,Delivered
PO-2022-00547,8/13/2023,SUP131,P00948,578,21.99,12707.75,9/26/2023,9/22/2023,Delivered
PO-2022-00548,8/25/2022,SUP093,P01703,2276,27.84,63365.01,10/11/2022,10/9/2022,Delivered
PO-2022-00549,7/24/2023,SUP001,P00141,785,20.82,16346.13,9/2/2023,9/3/2023,Delivered
PO-2022-00550,2/20/2022,SUP003,P00178,1441,6.15,8857.88,3/28/2022,4/3/2022,Delivered
PO-2022-00551,2/13/2022,SUP088,P01702,2130,40.9,87123.63,4/5/2022,4/4/2022,Delivered
PO-2022-00552,4/28/2023,SUP113,P00359,3246,19.77,64174.19,6/1/2023,,Shipped
PO-2022-00553,4/6/2022,SUP044,P00768,4302,37.64,161919.26,5/25/2022,5/22/2022,Delivered
PO-2022-00554,6/9/2023,SUP040,P01067,2773,28.02,77712.5,7/24/2023,8/1/2023,Delivered
PO-2022-00555,3/17/2023,SUP033,P01479,3949,5.14,20279.46,4/2/2023,4/3/2023,Delivered
PO-2022-00556,7/3/2023,SUP140,P00089,2650,15.69,41577.22,8/20/2023,8/28/2023,Delivered
PO-2022-00557,7/11/2022,SUP043,P00694,654,20.38,13328.69,8/17/2022,8/21/2022,Delivered
PO-2022-00558,8/31/2023,SUP072,P01871,3239,5.1,16533.72,10/8/2023,10/9/2023,Delivered
PO-2022-00559,7/13/2023,SUP003,P00103,1657,22.42,37148.23,8/18/2023,8/20/2023,Delivered
PO-2022-00560,9/16/2022,SUP059,P01391,2957,35.68,105519.09,10/5/2022,10/10/2022,Delivered
PO-2022-00561,5/23/2023,SUP017,P00775,3536,25.61,90542.13,6/1/2023,6/1/2023,Delivered
PO-2022-00562,5/19/2023,SUP083,P00030,3511,8.61,30216.69,6/23/2023,6/28/2023,Delivered
PO-2022-00563,3/19/2023,SUP007,P00936,3019,26.17,79020.27,4/30/2023,5/4/2023,Delivered
PO-2022-00564,11/2/2022,SUP020,P00528,3479,24.36,84761.97,11/20/2022,11/18/2022,Delivered
PO-2022-00565,12/18/2022,SUP047,P00209,2352,9.56,22487.07,1/11/2023,1/17/2023,Delivered
PO-2022-00566,1/15/2022,SUP097,P01452,4752,31.11,147816.09,2/17/2022,2/21/2022,Delivered
PO-2022-00567,4/4/2023,SUP042,P01633,4393,29.24,128466.21,5/8/2023,5/14/2023,Delivered
PO-2022-00568,11/28/2022,SUP007,P00194,2463,37.01,91161.26,1/9/2023,1/5/2023,Delivered
PO-2022-00569,9/12/2023,SUP145,P01395,2969,30.58,90777.92,10/31/2023,11/5/2023,Delivered
PO-2022-00570,11/30/2023,SUP076,P00447,4805,23.08,110895.23,12/26/2023,12/26/2023,Delivered
PO-2022-00571,1/20/2023,SUP063,P00993,3285,41.28,135621,2/15/2023,2/16/2023,Delivered
PO-2022-00572,5/24/2022,SUP108,P00656,2203,34.61,76237.32,6/22/2022,,Shipped
PO-2022-00573,1/20/2023,SUP058,P00874,4834,31.01,149888.35,1/30/2023,1/30/2023,Delivered
PO-2022-00574,7/16/2023,SUP013,P00837,2657,2.55,6774.95,8/19/2023,8/16/2023,Delivered
PO-2022-00575,7/12/2022,SUP126,P01775,4497,1.1,4967.89,8/15/2022,8/13/2022,Delivered
PO-2022-00576,4/9/2022,SUP088,P01037,1513,43.23,65406.51,5/30/2022,6/4/2022,Delivered
PO-2022-00577,3/22/2022,SUP005,P00006,2520,12.77,32191.88,5/5/2022,4/30/2022,Delivered
PO-2022-00578,5/30/2023,SUP067,P00221,327,2.33,761.35,7/23/2023,7/29/2023,Delivered
PO-2022-00579,4/19/2023,SUP001,P01979,1629,46.03,74977.32,5/29/2023,5/25/2023,Delivered
PO-2022-00580,10/17/2022,SUP001,P01333,3635,33.54,121904.31,11/26/2022,12/2/2022,Delivered
PO-2022-00581,1/10/2023,SUP093,P00760,4389,7.21,31633.28,2/26/2023,2/24/2023,Delivered
PO-2022-00582,12/30/2022,SUP139,P00775,2102,23.73,49881.29,1/28/2023,1/24/2023,Delivered
PO-2022-00583,3/26/2022,SUP067,P00243,1465,38.5,56409.41,5/19/2022,5/21/2022,Delivered
PO-2022-00584,3/29/2022,SUP022,P00742,3132,6.54,20480.56,5/3/2022,4/29/2022,Delivered
PO-2022-00585,2/20/2023,SUP058,P01624,781,18.97,14815.62,3/2/2023,2/27/2023,Delivered
PO-2022-00586,8/24/2023,SUP099,P01868,3709,44.44,164841.12,9/19/2023,9/24/2023,Delivered
PO-2022-00587,7/8/2023,SUP128,P00169,2121,16.98,36011.05,7/28/2023,7/30/2023,Delivered
PO-2022-00588,7/8/2022,SUP053,P01884,2549,30.3,77232.7,8/17/2022,8/14/2022,Delivered
PO-2022-00589,11/24/2022,SUP053,P00439,1673,44.97,75235.81,1/3/2023,1/9/2023,Delivered
PO-2022-00590,4/8/2022,SUP021,P01095,1933,24.99,48312.22,4/20/2022,,Shipped
PO-2022-00591,4/17/2022,SUP146,P01632,4086,21.51,87904.08,5/17/2022,,Pending
PO-2022-00592,4/30/2022,SUP020,P01676,1420,30.39,43149.16,5/18/2022,5/16/2022,Delivered
PO-2022-00593,4/15/2023,SUP036,P01048,3994,2.66,10638.56,6/4/2023,6/6/2023,Delivered
PO-2022-00594,7/5/2022,SUP128,P00072,4269,52.17,222716.42,7/25/2022,7/24/2022,Delivered
PO-2022-00595,3/21/2023,SUP118,P01482,2975,44.44,132198.49,5/11/2023,5/14/2023,Delivered
PO-2022-00596,7/31/2022,SUP007,P00331,4946,54.61,270120.01,9/11/2022,9/18/2022,Delivered
PO-2022-00597,1/29/2023,SUP087,P00621,1820,38.18,69486.17,2/23/2023,2/19/2023,Delivered
PO-2022-00598,3/13/2023,SUP059,P00349,3864,43.21,166981.75,4/1/2023,4/10/2023,Delivered
PO-2022-00599,8/19/2023,SUP038,P00562,1412,12.85,18144.6,10/8/2023,10/8/2023,Delivered
PO-2022-00600,6/29/2023,SUP010,P01337,1097,19.61,21514.26,8/17/2023,8/18/2023,Delivered
PO-2022-00601,3/1/2022,SUP003,P01039,2402,34.26,82282.64,4/6/2022,4/3/2022,Delivered
PO-2022-00602,11/1/2023,SUP019,P00882,1091,10.65,11624.22,12/18/2023,12/26/2023,Delivered
PO-2022-00603,3/18/2023,SUP051,P01036,1643,12.18,20011.18,4/16/2023,4/18/2023,Delivered
PO-2022-00604,9/5/2022,SUP032,P01296,1813,1.92,3487.34,10/25/2022,10/22/2022,Delivered
PO-2022-00605,11/1/2022,SUP096,P01586,3279,34.64,113585.58,11/15/2022,11/13/2022,Delivered
PO-2022-00606,10/17/2022,SUP078,P00175,941,16.84,15844.46,12/2/2022,12/7/2022,Delivered
PO-2022-00607,4/14/2023,SUP102,P01458,3420,19.56,66910.88,5/31/2023,5/26/2023,Delivered
PO-2022-00608,8/29/2022,SUP091,P00793,843,37.14,31312.45,10/6/2022,,Pending
PO-2022-00609,1/15/2022,SUP046,P01989,307,39.74,12201.12,2/20/2022,2/20/2022,Delivered
PO-2022-00610,6/9/2022,SUP029,P00500,308,11.82,3640.04,7/6/2022,7/11/2022,Delivered
PO-2022-00611,1/24/2023,SUP078,P00432,4546,46.64,212043.71,3/11/2023,3/15/2023,Delivered
PO-2022-00612,4/27/2022,SUP012,P01818,2296,30.5,70032.73,6/13/2022,6/10/2022,Delivered
PO-2022-00613,5/28/2022,SUP064,P01029,625,44.49,27806.04,7/25/2022,7/27/2022,Delivered
PO-2022-00614,11/18/2023,SUP067,P00969,1638,16.32,26727.03,1/11/2024,1/8/2024,Delivered
PO-2022-00615,10/7/2022,SUP141,P00393,4676,47.63,222719.09,12/3/2022,12/7/2022,Delivered
PO-2022-00616,10/14/2023,SUP011,P01226,4085,8.94,36530.09,10/22/2023,10/24/2023,Delivered
PO-2022-00617,4/9/2022,SUP142,P01837,1497,14.19,21241.66,4/25/2022,4/30/2022,Delivered
PO-2022-00618,4/15/2023,SUP120,P01549,884,20.28,17926.81,5/10/2023,5/13/2023,Delivered
PO-2022-00619,9/18/2022,SUP036,P00388,3581,7.61,27235.8,11/7/2022,11/5/2022,Delivered
PO-2022-00620,4/12/2022,SUP027,P01096,117,14.22,1663.38,5/30/2022,6/2/2022,Delivered
PO-2022-00621,7/23/2023,SUP104,P01751,930,5.44,5062.34,8/23/2023,8/28/2023,Delivered
PO-2022-00622,12/30/2023,SUP111,P00835,3412,17.08,58285.52,2/20/2024,2/29/2024,Delivered
PO-2022-00623,3/8/2022,SUP109,P00974,702,23,16147.32,4/28/2022,5/5/2022,Delivered
PO-2022-00624,8/22/2022,SUP006,P00039,110,15.37,1690.84,10/3/2022,10/11/2022,Delivered
PO-2022-00625,3/25/2022,SUP065,P01317,3187,49.55,157903.47,4/25/2022,4/28/2022,Delivered
PO-2022-00626,6/14/2022,SUP020,P00403,2869,27.79,79724.38,7/2/2022,7/11/2022,Delivered
PO-2022-00627,4/7/2023,SUP052,P01397,3333,14.41,48041.77,6/4/2023,6/10/2023,Delivered
PO-2022-00628,9/28/2023,SUP030,P01840,4906,26.33,129167.28,11/16/2023,11/12/2023,Delivered
PO-2022-00629,11/4/2023,SUP103,P00890,521,6.49,3382.27,12/31/2023,12/27/2023,Delivered
PO-2022-00630,9/23/2022,SUP039,P01379,1914,14.98,28667.45,11/19/2022,11/22/2022,Delivered
PO-2022-00631,11/24/2023,SUP019,P00953,3374,48.61,164010.29,1/10/2024,1/13/2024,Delivered
PO-2022-00632,11/13/2023,SUP034,P00757,3492,19.16,66919.97,12/18/2023,12/17/2023,Delivered
PO-2022-00633,6/26/2023,SUP132,P01923,3653,47.31,172813.83,7/4/2023,7/8/2023,Delivered
PO-2022-00634,3/16/2022,SUP052,P01605,597,18.95,11311.2,5/13/2022,5/11/2022,Delivered
PO-2022-00635,11/4/2022,SUP124,P01639,1364,3.55,4839.66,12/4/2022,12/8/2022,Delivered
PO-2022-00636,12/2/2022,SUP032,P00494,2121,13.03,27640.81,1/21/2023,1/22/2023,Delivered
PO-2022-00637,4/12/2022,SUP066,P00177,2379,43.46,103397.29,5/19/2022,5/23/2022,Delivered
PO-2022-00638,5/15/2022,SUP034,P01883,4651,40.92,190303.16,6/19/2022,6/18/2022,Delivered
PO-2022-00639,5/28/2023,SUP145,P00447,2930,24.74,72497.68,7/16/2023,7/24/2023,Delivered
PO-2022-00640,4/26/2022,SUP040,P00067,4840,16.58,80268.82,6/10/2022,6/14/2022,Delivered
PO-2022-00641,11/18/2022,SUP067,P00650,1802,43.05,77574.32,1/11/2023,1/10/2023,Delivered
PO-2022-00642,4/2/2022,SUP042,P01912,2436,8.25,20091.59,5/6/2022,5/1/2022,Delivered
PO-2022-00643,2/22/2022,SUP074,P00474,3532,37.37,131973.97,4/9/2022,4/9/2022,Delivered
PO-2022-00644,1/11/2023,SUP146,P00182,2183,9.33,20372.26,2/10/2023,2/5/2023,Delivered
PO-2022-00645,11/21/2023,SUP088,P00841,1561,54,84295.32,1/11/2024,1/13/2024,Delivered
PO-2022-00646,3/8/2023,SUP067,P01596,2609,39.83,103905.69,5/1/2023,4/26/2023,Delivered
PO-2022-00647,9/22/2022,SUP052,P00969,3102,14.4,44669.85,11/19/2022,11/26/2022,Delivered
PO-2022-00648,12/5/2022,SUP013,P01956,2413,5.96,14376.86,1/8/2023,1/10/2023,Delivered
PO-2022-00649,1/25/2023,SUP141,P00926,529,47.93,25355.07,3/23/2023,3/26/2023,Delivered
PO-2022-00650,7/27/2023,SUP039,P01898,2450,15.95,39084.6,9/22/2023,9/24/2023,Delivered
PO-2022-00651,6/2/2023,SUP130,P01955,4360,17.31,75479.36,6/22/2023,6/17/2023,Delivered
PO-2022-00652,9/26/2023,SUP039,P01018,4790,44.42,212788.33,11/22/2023,11/24/2023,Delivered
PO-2022-00653,2/12/2022,SUP100,P00656,362,34.58,12519.33,2/22/2022,,Cancelled
PO-2022-00654,5/27/2022,SUP027,P01347,2119,46.41,98353.15,7/14/2022,,Shipped
PO-2022-00655,11/13/2023,SUP098,P01194,4197,34.37,144260.4,12/8/2023,12/12/2023,Delivered
PO-2022-00656,12/22/2023,SUP044,P00570,4785,23.7,113415.27,2/9/2024,2/17/2024,Delivered
PO-2022-00657,5/17/2023,SUP013,P00126,3771,21.36,80545.74,6/20/2023,6/29/2023,Delivered
PO-2022-00658,5/8/2023,SUP067,P00302,4464,44.55,198862.91,7/1/2023,7/2/2023,Delivered
PO-2022-00659,9/17/2023,SUP104,P00819,2777,44.58,123799.42,10/18/2023,,Pending
PO-2022-00660,12/26/2022,SUP098,P01148,4747,18.29,86806.15,1/20/2023,,Shipped
PO-2022-00661,2/26/2023,SUP087,P01527,156,14.57,2273.06,3/23/2023,3/30/2023,Delivered
PO-2022-00662,3/17/2022,SUP032,P00722,4177,5.41,22604.9,5/6/2022,5/13/2022,Delivered
PO-2022-00663,11/27/2023,SUP079,P00011,2819,19.76,55690.71,1/12/2024,1/14/2024,Delivered
PO-2022-00664,1/16/2022,SUP093,P00711,576,40.43,23287.32,3/4/2022,,Cancelled
PO-2022-00665,4/7/2023,SUP096,P01262,1682,2.16,3629.73,4/21/2023,,Shipped
PO-2022-00666,12/17/2023,SUP090,P00531,4887,30.25,147847.95,1/3/2024,1/2/2024,Delivered
PO-2022-00667,7/1/2023,SUP005,P00076,2828,40.53,114617.68,8/14/2023,8/20/2023,Delivered
PO-2022-00668,8/26/2023,SUP069,P01482,3372,40.16,135434.73,10/7/2023,10/9/2023,Delivered
PO-2022-00669,11/24/2022,SUP129,P00950,1986,39.88,79203.38,12/4/2022,12/8/2022,Delivered
PO-2022-00670,12/2/2022,SUP031,P00198,4611,42.69,196863.68,1/25/2023,2/2/2023,Delivered
PO-2022-00671,9/22/2022,SUP066,P01692,315,13.66,4304.35,10/29/2022,,Shipped
PO-2022-00672,9/2/2023,SUP047,P01204,2911,32.52,94661.25,9/26/2023,,Cancelled
PO-2022-00673,11/5/2023,SUP132,P00653,3353,10.57,35443.13,11/13/2023,,Pending
PO-2022-00674,8/21/2023,SUP078,P01293,3351,9.61,32188.6,10/6/2023,10/12/2023,Delivered
PO-2022-00675,11/11/2023,SUP010,P01202,707,35.62,25182.23,12/30/2023,1/2/2024,Delivered
PO-2022-00676,7/1/2023,SUP027,P01905,1782,38.81,69152.54,8/18/2023,8/14/2023,Delivered
PO-2022-00677,3/28/2022,SUP054,P01025,3552,43.96,156134.98,5/15/2022,5/22/2022,Delivered
PO-2022-00678,10/28/2023,SUP021,P00974,1963,19.24,37760.02,11/9/2023,11/11/2023,Delivered
PO-2022-00679,3/25/2022,SUP129,P00222,1539,31.98,49219.17,4/4/2022,4/9/2022,Delivered
PO-2022-00680,6/15/2022,SUP110,P01262,4154,2.13,8852.35,8/7/2022,8/3/2022,Delivered
PO-2022-00681,7/29/2022,SUP117,P00225,2341,41.56,97296.33,8/27/2022,8/30/2022,Delivered
PO-2022-00682,9/17/2023,SUP025,P01780,1503,10.45,15704.88,10/14/2023,10/18/2023,Delivered
PO-2022-00683,1/2/2023,SUP007,P00812,2083,15.65,32601.89,2/13/2023,2/16/2023,Delivered
PO-2022-00684,8/25/2023,SUP099,P00469,1942,28.01,54394.14,9/20/2023,9/21/2023,Delivered
PO-2022-00685,4/28/2023,SUP087,P01431,3411,7.03,23969.04,5/23/2023,5/25/2023,Delivered
PO-2022-00686,2/19/2022,SUP026,P01778,2299,35.4,81379.91,4/15/2022,4/13/2022,Delivered
PO-2022-00687,8/18/2022,SUP035,P01419,2600,22.54,58611.37,10/12/2022,10/21/2022,Delivered
PO-2022-00688,5/1/2022,SUP018,P00739,1646,9.48,15610.1,5/27/2022,5/26/2022,Delivered
PO-2022-00689,4/16/2023,SUP027,P00349,4427,38.62,170981.2,6/3/2023,6/9/2023,Delivered
PO-2022-00690,5/3/2023,SUP023,P00639,2432,45.72,111190.01,6/11/2023,,Pending
PO-2022-00691,1/27/2023,SUP084,P01989,4185,36.14,151264.59,2/18/2023,2/20/2023,Delivered
PO-2022-00692,7/9/2022,SUP082,P01710,4705,43.32,203831.26,9/1/2022,8/30/2022,Delivered
PO-2022-00693,4/4/2022,SUP121,P00229,820,11.68,9579.24,4/21/2022,,Pending
PO-2022-00694,10/29/2023,SUP090,P01210,4032,36.5,147152.24,11/15/2023,11/21/2023,Delivered
PO-2022-00695,2/27/2023,SUP097,P00454,4702,32.43,152485.72,4/1/2023,4/3/2023,Delivered
PO-2022-00696,10/24/2022,SUP139,P00953,3022,51.47,155545.55,11/22/2022,,Cancelled
PO-2022-00697,4/13/2022,SUP141,P01976,4305,40.51,174409.84,6/9/2022,6/13/2022,Delivered
PO-2022-00698,11/1/2023,SUP083,P01043,4579,44.31,202906.04,12/6/2023,,Shipped
PO-2022-00699,3/28/2023,SUP086,P00596,3343,23.29,77848.11,5/2/2023,,Pending
PO-2022-00700,1/10/2022,SUP033,P00792,1762,20.81,36672.02,1/26/2022,1/23/2022,Delivered
PO-2022-00701,4/3/2022,SUP008,P01437,2541,8.77,22295.93,4/27/2022,5/1/2022,Delivered
PO-2022-00702,6/12/2022,SUP044,P00766,4187,12.04,50403.57,7/31/2022,7/30/2022,Delivered
PO-2022-00703,4/1/2022,SUP138,P01217,3190,43.06,137351,5/18/2022,5/23/2022,Delivered
PO-2022-00704,11/8/2023,SUP030,P00685,1972,39.35,77593.02,12/27/2023,1/5/2024,Delivered
PO-2022-00705,11/15/2022,SUP144,P01148,1474,19.99,29466.01,12/21/2022,12/19/2022,Delivered
PO-2022-00706,1/13/2022,SUP071,P01189,347,3.51,1217.78,2/5/2022,2/3/2022,Delivered
PO-2022-00707,4/24/2023,SUP120,P01825,4552,11.11,50552.07,5/19/2023,5/26/2023,Delivered
PO-2022-00708,3/19/2023,SUP058,P01330,2514,39.19,98530.08,3/29/2023,,Cancelled
PO-2022-00709,5/26/2022,SUP133,P00168,4282,26.76,114603.19,6/24/2022,7/3/2022,Delivered
PO-2022-00710,9/2/2023,SUP055,P01854,3445,39.05,134529.43,10/17/2023,10/18/2023,Delivered
PO-2022-00711,3/30/2023,SUP006,P00543,2123,40.6,86195.77,5/11/2023,,Pending
PO-2022-00712,12/9/2022,SUP025,P00988,4476,26.49,118560.67,1/5/2023,1/4/2023,Delivered
PO-2022-00713,10/1/2022,SUP113,P00232,2692,23.84,64179.88,11/4/2022,10/30/2022,Delivered
PO-2022-00714,7/29/2023,SUP079,P00967,3980,52.19,207735.82,9/13/2023,,Cancelled
PO-2022-00715,10/21/2022,SUP039,P01730,2539,2.59,6584.4,12/17/2022,12/24/2022,Delivered
PO-2022-00716,7/20/2022,SUP032,P00297,3643,41.32,150524.26,9/8/2022,9/5/2022,Delivered
PO-2022-00717,11/1/2023,SUP076,P01047,4897,20.73,101506.44,11/27/2023,11/29/2023,Delivered
PO-2022-00718,10/19/2023,SUP137,P01329,4093,36.41,149011.25,11/5/2023,11/4/2023,Delivered
PO-2022-00719,7/11/2023,SUP089,P01604,2244,11.78,26434.11,8/24/2023,,Pending
PO-2022-00720,12/9/2023,SUP039,P00136,3979,29.78,118504.29,2/4/2024,2/4/2024,Delivered
PO-2022-00721,9/5/2022,SUP077,P00746,3143,39.97,125634.91,10/24/2022,10/29/2022,Delivered
PO-2022-00722,10/1/2022,SUP013,P01846,4114,30.63,126025.85,11/4/2022,11/3/2022,Delivered
PO-2022-00723,10/3/2023,SUP100,P00451,2015,27.78,55971.02,10/13/2023,10/19/2023,Delivered
PO-2022-00724,11/2/2023,SUP104,P00768,1362,36.71,49999.63,12/3/2023,12/6/2023,Delivered
PO-2022-00725,1/10/2023,SUP058,P00364,4121,16.8,69221.88,1/20/2023,,Shipped
PO-2022-00726,5/21/2023,SUP108,P00107,956,11.78,11259.98,6/19/2023,6/26/2023,Delivered
PO-2022-00727,8/11/2023,SUP091,P00977,1711,23.21,39704.52,9/18/2023,9/22/2023,Delivered
PO-2022-00728,12/23/2023,SUP079,P01769,3248,12.47,40515.89,2/7/2024,2/8/2024,Delivered
PO-2022-00729,5/23/2023,SUP092,P00870,1230,30.49,37507.11,6/12/2023,6/15/2023,Delivered
PO-2022-00730,12/30/2022,SUP023,P01496,4608,17.57,80975.94,2/7/2023,2/6/2023,Delivered
PO-2022-00731,7/30/2023,SUP055,P01686,3329,1.73,5754.97,9/13/2023,9/10/2023,Delivered
PO-2022-00732,9/13/2022,SUP068,P01888,1895,27.85,52773.58,10/17/2022,10/23/2022,Delivered
PO-2022-00733,3/19/2023,SUP100,P01993,2178,22.78,49623.85,3/29/2023,3/24/2023,Delivered
PO-2022-00734,7/16/2023,SUP145,P00146,2326,45.99,106967.31,9/3/2023,9/8/2023,Delivered
PO-2022-00735,1/30/2022,SUP066,P01033,1087,16.52,17961.84,3/8/2022,3/13/2022,Delivered
PO-2022-00736,12/4/2023,SUP024,P01981,1007,38.96,39228.7,1/20/2024,1/24/2024,Delivered
PO-2022-00737,7/18/2022,SUP036,P00408,3465,32.48,112555.35,9/6/2022,9/8/2022,Delivered
PO-2022-00738,10/17/2022,SUP119,P00554,4075,20.55,83739.89,11/17/2022,11/17/2022,Delivered
PO-2022-00739,5/17/2023,SUP074,P01771,710,15.93,11308.61,7/2/2023,7/10/2023,Delivered
PO-2022-00740,1/10/2022,SUP001,P01286,2840,27.98,79460.39,2/19/2022,2/14/2022,Delivered
PO-2022-00741,8/2/2023,SUP107,P01613,2182,5.38,11729.85,8/11/2023,8/9/2023,Delivered
PO-2022-00742,9/11/2022,SUP019,P00261,3896,39.95,155657.82,10/28/2022,10/30/2022,Delivered
PO-2022-00743,5/16/2023,SUP033,P01962,2154,27.84,59963.31,6/1/2023,6/3/2023,Delivered
PO-2022-00744,10/21/2023,SUP059,P00243,2665,39.35,104856.72,11/9/2023,11/5/2023,Delivered
PO-2022-00745,1/10/2022,SUP029,P00901,313,38.15,11941.31,2/6/2022,2/2/2022,Delivered
PO-2022-00746,1/17/2022,SUP012,P01845,1087,13.14,14284.13,3/5/2022,3/3/2022,Delivered
PO-2022-00747,11/14/2022,SUP083,P01915,2688,17.58,47266.78,12/19/2022,12/25/2022,Delivered
PO-2022-00748,3/5/2023,SUP032,P01521,2619,21.32,55848.57,4/24/2023,4/30/2023,Delivered
PO-2022-00749,11/7/2023,SUP091,P00377,3484,4.79,16700.28,12/15/2023,12/10/2023,Delivered
PO-2022-00750,10/21/2022,SUP030,P00017,4770,30.75,146654.88,12/9/2022,,Cancelled
PO-2022-00751,4/25/2022,SUP052,P00216,1723,46.39,79926.1,6/22/2022,6/25/2022,Delivered
PO-2022-00752,3/16/2023,SUP112,P01405,1969,5.66,11134.82,4/19/2023,4/19/2023,Delivered
PO-2022-00753,12/21/2022,SUP030,P01576,125,24.53,3066.11,2/8/2023,2/12/2023,Delivered
PO-2022-00754,3/11/2022,SUP074,P00006,2943,11.9,35020.34,4/26/2022,5/4/2022,Delivered
PO-2022-00755,7/24/2022,SUP138,P01789,3202,32.5,104055.85,9/9/2022,9/12/2022,Delivered
PO-2022-00756,11/8/2023,SUP027,P01247,3996,14.73,58842.2,12/26/2023,12/30/2023,Delivered
PO-2022-00757,3/4/2023,SUP140,P01263,3151,30.17,95075.79,4/21/2023,4/30/2023,Delivered
PO-2022-00758,5/19/2022,SUP145,P01548,1367,28.69,39226.03,7/7/2022,,Cancelled
PO-2022-00759,9/26/2023,SUP060,P00986,4039,4.13,16661,11/6/2023,11/11/2023,Delivered
PO-2022-00760,2/23/2022,SUP001,P01269,2943,14.72,43307.9,4/4/2022,4/4/2022,Delivered
PO-2022-00761,4/12/2023,SUP120,P00129,3394,42.2,143237.65,5/7/2023,5/15/2023,Delivered
PO-2022-00762,11/22/2022,SUP099,P01027,4674,53.42,249702.03,12/18/2022,12/15/2022,Delivered
PO-2022-00763,6/20/2023,SUP106,P01421,4051,12.52,50722.26,6/30/2023,7/9/2023,Delivered
PO-2022-00764,5/10/2022,SUP075,P01883,927,46.65,43242.73,5/27/2022,5/22/2022,Delivered
PO-2022-00765,6/29/2023,SUP033,P01029,3823,50.51,193080.92,7/15/2023,,Pending
PO-2022-00766,7/5/2022,SUP117,P00552,1275,22.46,28640.97,8/3/2022,,Shipped
PO-2022-00767,10/12/2022,SUP080,P01301,1877,23.75,44584.48,12/9/2022,12/7/2022,Delivered
PO-2022-00768,11/24/2023,SUP122,P01519,435,4.99,2169.12,12/15/2023,12/21/2023,Delivered
PO-2022-00769,11/11/2022,SUP093,P01736,4266,7.12,30368.84,12/28/2022,12/31/2022,Delivered
PO-2022-00770,3/16/2022,SUP025,P00181,1168,11.51,13449.21,4/12/2022,4/12/2022,Delivered
PO-2022-00771,8/5/2023,SUP115,P01732,4577,38.58,176570.86,9/14/2023,9/11/2023,Delivered
PO-2022-00772,6/19/2023,SUP021,P00501,4654,48.11,223892.17,7/1/2023,6/29/2023,Delivered
PO-2022-00773,9/20/2023,SUP099,P01885,1579,25.47,40222.9,10/16/2023,10/15/2023,Delivered
PO-2022-00774,1/4/2022,SUP027,P01314,2915,31.71,92427.38,2/21/2022,2/19/2022,Delivered
PO-2022-00775,9/20/2022,SUP017,P00505,1673,15.7,26269.54,9/29/2022,9/27/2022,Delivered
PO-2022-00776,8/16/2023,SUP107,P01747,3690,54.48,201026.33,8/25/2023,,Pending
PO-2022-00777,2/16/2023,SUP003,P00142,3429,8.09,27751.21,3/24/2023,3/31/2023,Delivered
PO-2022-00778,9/24/2023,SUP053,P01676,2712,33.54,90948.17,11/3/2023,11/1/2023,Delivered
PO-2022-00779,3/3/2022,SUP061,P01994,2728,33.1,90302.44,4/24/2022,4/20/2022,Delivered
PO-2022-00780,3/12/2022,SUP074,P00413,711,49.55,35228.06,4/27/2022,,Shipped
PO-2022-00781,6/13/2023,SUP056,P00191,1847,45.26,83604.12,7/6/2023,7/13/2023,Delivered
PO-2022-00782,10/28/2022,SUP019,P00815,1697,26.85,45562.02,12/14/2022,12/12/2022,Delivered
PO-2022-00783,7/22/2022,SUP117,P00968,383,33.26,12740.15,8/20/2022,8/15/2022,Delivered
PO-2022-00784,4/28/2022,SUP098,P01364,3452,29.96,103414.23,5/23/2022,5/22/2022,Delivered
PO-2022-00785,9/10/2023,SUP036,P00760,1593,6.9,10995.62,10/30/2023,10/29/2023,Delivered
PO-2022-00786,4/13/2023,SUP083,P00947,3891,48.87,190161.83,5/18/2023,5/14/2023,Delivered
PO-2022-00787,8/10/2022,SUP105,P01208,1487,7.51,11165.87,10/8/2022,10/7/2022,Delivered
PO-2022-00788,7/18/2022,SUP144,P01094,4793,14.19,68022.2,8/23/2022,8/24/2022,Delivered
PO-2022-00789,10/5/2023,SUP011,P00003,3985,15.43,61506.85,10/13/2023,,Shipped
PO-2022-00790,11/14/2022,SUP105,P01081,4034,21.49,86697.72,1/12/2023,,Shipped
PO-2022-00791,1/10/2023,SUP059,P01748,140,10.29,1440.46,1/29/2023,1/27/2023,Delivered
PO-2022-00792,8/31/2023,SUP117,P00104,4037,7.81,31532.96,9/29/2023,10/6/2023,Delivered
PO-2022-00793,11/17/2023,SUP135,P00109,313,11.83,3702.81,12/27/2023,12/24/2023,Delivered
PO-2022-00794,9/25/2023,SUP084,P00095,368,24.48,9008.07,10/17/2023,10/13/2023,Delivered
PO-2022-00795,4/10/2023,SUP062,P01588,2695,21.4,57677.79,5/13/2023,5/11/2023,Delivered
PO-2022-00796,5/3/2023,SUP021,P01420,750,11.26,8447.1,5/15/2023,5/21/2023,Delivered
PO-2022-00797,12/20/2023,SUP054,P01347,1455,41.88,60942.32,2/6/2024,2/2/2024,Delivered
PO-2022-00798,4/5/2023,SUP016,P00366,4819,7.6,36607.14,4/27/2023,4/28/2023,Delivered
PO-2022-00799,10/25/2023,SUP088,P01420,1518,13.03,19773.27,12/15/2023,12/24/2023,Delivered
PO-2022-00800,1/5/2023,SUP032,P01280,1752,5.46,9572.93,2/24/2023,,Cancelled
PO-2022-00801,12/8/2022,SUP137,P01986,1362,40.11,54634.93,12/25/2022,12/30/2022,Delivered
PO-2022-00802,3/31/2023,SUP083,P00515,3252,20.05,65192.51,5/5/2023,5/5/2023,Delivered
PO-2022-00803,10/13/2022,SUP081,P01463,3294,27.45,90417.88,12/2/2022,12/10/2022,Delivered
PO-2022-00804,3/24/2023,SUP123,P01133,1830,19.44,35569.68,4/8/2023,4/17/2023,Delivered
PO-2022-00805,10/23/2022,SUP081,P00713,3217,19.44,62549.9,12/12/2022,12/10/2022,Delivered
PO-2022-00806,2/24/2023,SUP068,P01960,1126,6.01,6765.74,3/30/2023,4/8/2023,Delivered
PO-2022-00807,7/30/2023,SUP084,P00477,3264,27.15,88603.38,8/21/2023,8/18/2023,Delivered
PO-2022-00808,9/17/2022,SUP074,P01374,1693,2.12,3584.79,11/2/2022,11/7/2022,Delivered
PO-2022-00809,9/14/2022,SUP055,P00369,3091,45.48,140583.4,10/29/2022,10/25/2022,Delivered
PO-2022-00810,1/19/2022,SUP118,P01461,2652,2.95,7834.81,3/11/2022,3/20/2022,Delivered
PO-2022-00811,9/30/2023,SUP144,P00499,4592,20.05,92074.81,11/5/2023,11/6/2023,Delivered
PO-2022-00812,11/16/2023,SUP072,P01374,2266,1.98,4494.73,12/24/2023,12/29/2023,Delivered
PO-2022-00813,5/16/2023,SUP107,P00701,3492,35.55,124127.52,5/25/2023,,Shipped
PO-2022-00814,7/10/2022,SUP024,P01646,1450,9.26,13422.46,8/26/2022,,Shipped
PO-2022-00815,5/8/2022,SUP098,P01154,1745,24.07,42002.4,6/2/2022,,Pending
PO-2022-00816,11/6/2023,SUP082,P01735,4095,11.31,46330.39,12/30/2023,,Cancelled
PO-2022-00817,3/27/2023,SUP104,P00563,4509,4.33,19516.44,4/27/2023,4/26/2023,Delivered
PO-2022-00818,7/30/2023,SUP133,P00613,1976,43.72,86381.64,8/28/2023,9/4/2023,Delivered
PO-2022-00819,12/3/2023,SUP079,P00103,2480,24.69,61221.4,1/18/2024,1/13/2024,Delivered
PO-2022-00820,5/14/2022,SUP142,P00937,1441,33.6,48423.22,5/30/2022,5/28/2022,Delivered
PO-2022-00821,2/15/2023,SUP059,P01585,3737,9.88,36919.83,3/6/2023,3/2/2023,Delivered
PO-2022-00822,4/24/2023,SUP088,P01492,2879,27,77730.74,6/14/2023,,Shipped
PO-2022-00823,2/18/2023,SUP003,P01713,2445,39.7,97065.35,3/26/2023,3/23/2023,Delivered
PO-2022-00824,3/14/2023,SUP040,P00207,393,42.55,16723.04,4/28/2023,5/5/2023,Delivered
PO-2022-00825,6/28/2022,SUP046,P01494,1872,18.74,35081.03,8/3/2022,8/3/2022,Delivered
PO-2022-00826,12/21/2022,SUP019,P00086,2024,7.31,14793.68,2/6/2023,2/1/2023,Delivered
PO-2022-00827,5/25/2022,SUP066,P00225,3594,42.73,153559.62,7/1/2022,6/29/2022,Delivered
PO-2022-00828,9/11/2023,SUP085,P01021,3243,13.22,42877.47,11/3/2023,10/30/2023,Delivered
PO-2022-00829,12/25/2022,SUP023,P00883,1436,26.49,38045.97,2/2/2023,2/6/2023,Delivered
PO-2022-00830,5/8/2022,SUP083,P00547,4037,14.6,58951.51,6/12/2022,6/17/2022,Delivered
PO-2022-00831,7/22/2023,SUP101,P00618,4791,10.31,49413.76,8/25/2023,8/21/2023,Delivered
PO-2022-00832,5/5/2022,SUP002,P01356,4675,15.48,72390.75,5/29/2022,6/3/2022,Delivered
PO-2022-00833,2/2/2023,SUP029,P00815,3201,25.58,81889.65,3/1/2023,3/2/2023,Delivered
PO-2022-00834,1/30/2023,SUP139,P00908,4728,32.1,151768.33,2/28/2023,,Cancelled
PO-2022-00835,7/9/2023,SUP107,P00891,3520,5.42,19090.03,7/18/2023,7/13/2023,Delivered
PO-2022-00836,12/13/2023,SUP124,P01139,4849,36.18,175448.48,1/12/2024,1/15/2024,Delivered
PO-2022-00837,6/22/2023,SUP113,P00145,4172,52.2,217765.18,7/26/2023,7/23/2023,Delivered
PO-2022-00838,10/8/2022,SUP023,P01676,612,29.03,17765.09,11/16/2022,11/17/2022,Delivered
PO-2022-00839,9/23/2022,SUP044,P01280,2321,5.89,13666.2,11/11/2022,11/14/2022,Delivered
PO-2022-00840,12/22/2023,SUP057,P01085,4438,39.87,176959.16,2/6/2024,,Shipped
PO-2022-00841,1/8/2022,SUP026,P00715,2180,39.49,86089.72,3/4/2022,3/9/2022,Delivered
PO-2022-00842,2/6/2022,SUP038,P00455,4639,27.77,128828.14,3/28/2022,4/5/2022,Delivered
PO-2022-00843,8/31/2023,SUP112,P00304,4491,35.35,158737.03,10/4/2023,10/6/2023,Delivered
PO-2022-00844,10/26/2022,SUP019,P01512,2358,45.11,106374.96,12/12/2022,12/21/2022,Delivered
PO-2022-00845,4/26/2023,SUP077,P00572,1302,38.58,50231.78,6/14/2023,,Shipped
PO-2022-00846,1/16/2022,SUP042,P00171,288,8.58,2471.6,2/19/2022,2/21/2022,Delivered
PO-2022-00847,9/18/2022,SUP093,P00954,1725,2.59,4469.23,11/4/2022,11/5/2022,Delivered
PO-2022-00848,3/9/2023,SUP138,P01358,1927,14.77,28452.25,4/25/2023,5/1/2023,Delivered
PO-2022-00849,8/19/2022,SUP069,P00343,3601,20.53,73936.19,9/30/2022,10/9/2022,Delivered
PO-2022-00850,7/27/2023,SUP029,P00675,4386,22.3,97820.86,8/23/2023,8/30/2023,Delivered
PO-2022-00851,11/10/2023,SUP024,P01931,841,14.28,12013.04,12/27/2023,1/1/2024,Delivered
PO-2022-00852,2/27/2022,SUP007,P00648,2897,32.83,95094.83,4/10/2022,4/16/2022,Delivered
PO-2022-00853,8/7/2022,SUP010,P00430,3977,38.97,154996.08,9/25/2022,9/29/2022,Delivered
PO-2022-00854,8/13/2022,SUP074,P01833,3840,14.54,55825.35,9/28/2022,,Cancelled
PO-2022-00855,8/29/2022,SUP144,P01554,2391,1.56,3724.53,10/4/2022,,Cancelled
PO-2022-00856,12/11/2022,SUP061,P01585,1407,9.13,12848.43,2/1/2023,,Pending
PO-2022-00857,10/19/2022,SUP110,P00292,1742,39.99,69658.4,12/11/2022,12/15/2022,Delivered
PO-2022-00858,7/19/2022,SUP086,P00605,546,20.44,11158.4,8/23/2022,8/18/2022,Delivered
PO-2022-00859,2/3/2023,SUP145,P00984,2709,22.63,61317.5,3/24/2023,3/26/2023,Delivered
PO-2022-00860,4/4/2023,SUP111,P00831,888,3.56,3157.76,5/26/2023,6/4/2023,Delivered
PO-2022-00861,7/3/2023,SUP052,P00654,4750,35.47,168488.08,8/30/2023,8/25/2023,Delivered
PO-2022-00862,9/16/2022,SUP111,P00087,527,50.48,26604.4,11/7/2022,11/10/2022,Delivered
PO-2022-00863,4/6/2022,SUP093,P01160,1371,4.47,6132.19,5/23/2022,5/19/2022,Delivered
PO-2022-00864,8/27/2023,SUP002,P00699,2271,37.03,84103.19,9/20/2023,9/29/2023,Delivered
PO-2022-00865,10/17/2022,SUP094,P00013,3434,14.93,51275.75,11/8/2022,11/4/2022,Delivered
PO-2022-00866,8/27/2022,SUP054,P01189,275,3.84,1056.32,10/14/2022,10/21/2022,Delivered
PO-2022-00867,1/18/2023,SUP051,P01797,3467,11.81,40961.86,2/16/2023,2/20/2023,Delivered
PO-2022-00868,11/16/2023,SUP056,P00123,2765,18.55,51298.77,12/9/2023,12/16/2023,Delivered
PO-2022-00869,9/29/2023,SUP078,P01319,3603,42.09,151633.77,11/14/2023,11/9/2023,Delivered
PO-2022-00870,6/19/2023,SUP005,P01730,2001,2.57,5132.69,8/2/2023,8/9/2023,Delivered
PO-2022-00871,10/13/2023,SUP132,P00640,4051,11.62,47088.53,10/21/2023,10/27/2023,Delivered
PO-2022-00872,2/11/2022,SUP134,P01284,3447,2.69,9267.73,4/3/2022,4/11/2022,Delivered
PO-2022-00873,7/24/2023,SUP087,P00955,2571,48.84,125578.53,8/18/2023,8/17/2023,Delivered
PO-2022-00874,3/2/2023,SUP051,P00993,3040,45.07,137006.96,3/31/2023,3/28/2023,Delivered
PO-2022-00875,12/25/2023,SUP051,P01079,435,16.79,7301.9,1/23/2024,1/30/2024,Delivered
PO-2022-00876,11/30/2022,SUP033,P01559,1640,32.42,53172.87,12/16/2022,,Cancelled
PO-2022-00877,5/9/2023,SUP059,P01345,1120,33.76,37815.52,5/28/2023,6/2/2023,Delivered
PO-2022-00878,2/16/2023,SUP017,P00949,4267,23.42,99954.09,2/25/2023,3/2/2023,Delivered
PO-2022-00879,10/17/2022,SUP133,P01926,2951,2.88,8504.06,11/15/2022,11/11/2022,Delivered
PO-2022-00880,5/16/2022,SUP098,P01872,877,9.32,8170.28,6/10/2022,,Pending
PO-2022-00881,8/25/2022,SUP013,P00079,1681,13.34,22419.57,9/28/2022,10/2/2022,Delivered
PO-2022-00882,4/7/2023,SUP122,P00126,2720,20.04,54505.14,4/28/2023,4/24/2023,Delivered
PO-2022-00883,6/23/2022,SUP099,P01719,2532,6.65,16839.94,7/19/2022,7/15/2022,Delivered
PO-2022-00884,6/21/2023,SUP018,P00981,1264,44.37,56085.58,7/17/2023,7/23/2023,Delivered
PO-2022-00885,12/5/2022,SUP054,P01916,4787,40.3,192923.75,1/22/2023,1/28/2023,Delivered
PO-2022-00886,9/16/2023,SUP067,P01524,1849,28.03,51832.41,11/9/2023,11/17/2023,Delivered
PO-2022-00887,11/9/2023,SUP040,P01052,3466,39.47,136803.67,12/24/2023,12/21/2023,Delivered
PO-2022-00888,6/8/2022,SUP002,P00373,2237,25.69,57479.24,7/2/2022,7/2/2022,Delivered
PO-2022-00889,4/15/2023,SUP090,P01152,1905,2.34,4462.14,5/2/2023,4/28/2023,Delivered
PO-2022-00890,11/2/2022,SUP108,P00457,548,20.71,11350.65,12/1/2022,12/9/2022,Delivered
PO-2022-00891,4/12/2023,SUP111,P01411,227,39.77,9027.93,6/3/2023,6/1/2023,Delivered
PO-2022-00892,1/19/2022,SUP120,P00058,2704,46.82,126609.71,2/13/2022,,Shipped
PO-2022-00893,6/10/2022,SUP110,P00846,4607,11.32,52171.08,8/2/2022,8/6/2022,Delivered
PO-2022-00894,2/3/2023,SUP012,P01700,2802,36.95,103540.79,3/22/2023,3/26/2023,Delivered
PO-2022-00895,3/23/2023,SUP094,P00427,2965,36.71,108841.85,4/14/2023,4/23/2023,Delivered
PO-2022-00896,7/22/2022,SUP044,P00287,4532,33.12,150079.94,9/9/2022,9/11/2022,Delivered
PO-2022-00897,7/17/2023,SUP064,P00644,3591,8.79,31566.06,9/13/2023,9/9/2023,Delivered
PO-2022-00898,6/23/2022,SUP040,P00266,3823,19.15,73207.42,8/7/2022,8/6/2022,Delivered
PO-2022-00899,7/26/2023,SUP103,P00254,1643,4.63,7605.07,9/21/2023,,Pending
PO-2022-00900,12/8/2022,SUP038,P00084,1240,49.94,61919.42,1/27/2023,1/26/2023,Delivered
PO-2022-00901,4/12/2022,SUP005,P00791,4336,15.93,69084.72,5/26/2022,5/30/2022,Delivered
PO-2022-00902,1/31/2022,SUP106,P00205,3141,8.71,27343.28,2/10/2022,2/11/2022,Delivered
PO-2022-00903,1/8/2023,SUP135,P01711,361,42.77,15441.14,2/17/2023,2/16/2023,Delivered
PO-2022-00904,4/18/2022,SUP039,P01895,754,28.8,21711.73,6/14/2022,6/16/2022,Delivered
PO-2022-00905,10/12/2022,SUP006,P01754,126,5.83,734.44,11/23/2022,11/25/2022,Delivered
PO-2022-00906,1/3/2023,SUP061,P00848,1228,1.25,1533.22,2/24/2023,2/28/2023,Delivered
PO-2022-00907,6/6/2022,SUP011,P00134,2611,49.95,130413.75,6/14/2022,6/10/2022,Delivered
PO-2022-00908,3/24/2022,SUP141,P01452,3013,34.78,104790.21,5/20/2022,5/15/2022,Delivered
PO-2022-00909,3/18/2023,SUP067,P01282,1415,25.09,35495.79,5/11/2023,5/12/2023,Delivered
PO-2022-00910,6/24/2022,SUP124,P01516,3016,15.65,47195.75,7/24/2022,,Shipped
PO-2022-00911,11/1/2022,SUP095,P00570,3009,25.01,75260.1,11/18/2022,,Shipped
PO-2022-00912,8/11/2023,SUP060,P01013,2624,47.69,125140.93,9/21/2023,9/22/2023,Delivered
PO-2022-00913,8/29/2023,SUP067,P00778,4553,4.63,21062.23,10/22/2023,,Pending
PO-2022-00914,2/21/2023,SUP147,P01667,3500,28.38,99326.5,4/17/2023,,Shipped
PO-2022-00915,4/25/2023,SUP078,P01956,4215,5.73,24131.87,6/10/2023,6/7/2023,Delivered
PO-2022-00916,3/20/2023,SUP120,P00899,988,5.22,5154.21,4/14/2023,4/13/2023,Delivered
PO-2022-00917,5/19/2023,SUP087,P01464,2345,30.44,71371.38,6/13/2023,6/9/2023,Delivered
PO-2022-00918,10/14/2022,SUP149,P00996,2665,8.29,22088.89,11/4/2022,11/6/2022,Delivered
PO-2022-00919,3/1/2022,SUP036,P01017,1330,15.14,20137.5,4/20/2022,4/29/2022,Delivered
PO-2022-00920,12/15/2022,SUP002,P00655,1170,25,29247.06,1/8/2023,1/15/2023,Delivered
PO-2022-00921,5/25/2022,SUP082,P01723,2669,20.48,54649.54,7/18/2022,7/26/2022,Delivered
PO-2022-00922,11/4/2023,SUP145,P01442,4522,35.49,160492.8,12/23/2023,12/24/2023,Delivered
PO-2022-00923,3/25/2022,SUP085,P00424,2910,18.9,54990.91,5/17/2022,5/22/2022,Delivered
PO-2022-00924,2/12/2023,SUP142,P01706,713,40.88,29146.86,2/28/2023,,Cancelled
PO-2022-00925,6/28/2023,SUP006,P01866,593,4.59,2723.1,8/9/2023,8/5/2023,Delivered
PO-2022-00926,9/20/2022,SUP088,P01869,1538,47.93,73711.75,11/10/2022,11/5/2022,Delivered
PO-2022-00927,7/19/2022,SUP080,P01704,2387,16.87,40271.65,9/15/2022,9/10/2022,Delivered
PO-2022-00928,12/25/2022,SUP142,P00721,2507,2.08,5204.36,1/10/2023,1/18/2023,Delivered
PO-2022-00929,11/6/2023,SUP117,P00072,3411,49.01,167176.36,12/5/2023,,Pending
PO-2022-00930,6/11/2023,SUP063,P01468,4478,11.79,52814.41,7/7/2023,,Shipped
PO-2022-00931,11/20/2022,SUP088,P00341,3450,15.9,54858.13,1/10/2023,1/18/2023,Delivered
PO-2022-00932,12/14/2023,SUP041,P00798,832,12.91,10742.01,1/13/2024,1/14/2024,Delivered
PO-2022-00933,3/31/2023,SUP125,P00265,231,34.94,8071.71,5/5/2023,4/30/2023,Delivered
PO-2022-00934,11/3/2023,SUP051,P00109,1361,11.91,16207.68,12/2/2023,12/8/2023,Delivered
PO-2022-00935,7/6/2022,SUP040,P01585,2403,8.66,20804.23,8/20/2022,8/16/2022,Delivered
PO-2022-00936,8/30/2022,SUP046,P01381,2260,20.47,46264.24,10/5/2022,10/5/2022,Delivered
PO-2022-00937,3/19/2022,SUP062,P00878,3367,37.19,125202.74,4/21/2022,4/21/2022,Delivered
PO-2022-00938,3/1/2023,SUP047,P00373,4127,26.45,109145.77,3/25/2023,3/26/2023,Delivered
PO-2022-00939,8/8/2023,SUP146,P01177,461,44.41,20474.82,9/7/2023,9/15/2023,Delivered
PO-2022-00940,6/27/2023,SUP013,P01663,2341,1.48,3465.04,7/31/2023,8/7/2023,Delivered
PO-2022-00941,2/27/2022,SUP014,P00949,2196,25.64,56306.33,4/27/2022,4/29/2022,Delivered
PO-2022-00942,3/27/2023,SUP132,P00010,2821,29.77,83979.72,4/4/2023,4/11/2023,Delivered
PO-2022-00943,10/29/2022,SUP084,P00571,3104,9.08,28169.71,11/20/2022,,Cancelled
PO-2022-00944,1/24/2023,SUP010,P00532,4344,44.41,192937.31,3/14/2023,,Cancelled
PO-2022-00945,8/2/2023,SUP142,P01980,1176,33.16,38990.39,8/18/2023,,Shipped
PO-2022-00946,2/23/2022,SUP075,P01514,443,37.29,16519.91,3/12/2022,,Shipped
PO-2022-00947,6/11/2023,SUP034,P01899,3693,25.15,92862.88,7/16/2023,,Pending
PO-2022-00948,4/19/2023,SUP134,P00765,1754,22.88,40137.59,6/9/2023,6/9/2023,Delivered
PO-2022-00949,6/17/2022,SUP031,P01518,3370,42.27,142459.66,8/10/2022,,Shipped
PO-2022-00950,8/1/2023,SUP010,P00134,1754,49.11,86144.84,9/19/2023,9/23/2023,Delivered
PO-2022-00951,2/25/2023,SUP136,P01516,3770,13.23,49888.52,3/9/2023,3/15/2023,Delivered
PO-2022-00952,2/20/2022,SUP078,P01946,3059,48.13,147233.1,4/7/2022,4/8/2022,Delivered
PO-2022-00953,7/2/2022,SUP130,P00705,596,30.42,18129.51,7/22/2022,7/29/2022,Delivered
PO-2022-00954,2/6/2022,SUP094,P01665,418,40.67,17000.24,2/28/2022,3/3/2022,Delivered
PO-2022-00955,8/17/2022,SUP008,P01954,660,47.29,31212.36,9/10/2022,,Shipped
PO-2022-00956,1/25/2022,SUP140,P01965,4565,23.42,106919.46,3/14/2022,3/10/2022,Delivered
PO-2022-00957,4/30/2023,SUP117,P01884,3391,33.39,113226.53,5/29/2023,5/25/2023,Delivered
PO-2022-00958,6/21/2023,SUP138,P01032,4831,41.46,200312.05,8/7/2023,8/11/2023,Delivered
PO-2022-00959,1/2/2023,SUP003,P01927,4551,35.83,163065.64,2/7/2023,2/13/2023,Delivered
PO-2022-00960,7/4/2023,SUP131,P01944,3473,4.13,14327.52,8/17/2023,8/21/2023,Delivered
PO-2022-00961,3/26/2023,SUP044,P00694,1476,23.86,35211.4,5/14/2023,5/15/2023,Delivered
PO-2022-00962,12/30/2023,SUP098,P01041,3431,48.26,165567.77,1/24/2024,,Cancelled
PO-2022-00963,8/27/2022,SUP068,P01268,331,4.99,1653.31,9/30/2022,10/5/2022,Delivered
PO-2022-00964,7/15/2023,SUP030,P01311,2179,11.53,25121.76,9/2/2023,,Shipped
PO-2022-00965,5/8/2022,SUP018,P00163,3105,23.62,73350.18,6/3/2022,5/31/2022,Delivered
PO-2022-00966,8/17/2022,SUP123,P00394,2839,10.64,30219.76,9/1/2022,8/29/2022,Delivered
PO-2022-00967,1/14/2023,SUP149,P00136,2877,30.62,88107.44,2/4/2023,2/8/2023,Delivered
PO-2022-00968,6/14/2023,SUP083,P00935,4718,21.44,101143.43,7/19/2023,7/26/2023,Delivered
PO-2022-00969,10/6/2023,SUP068,P01928,1392,31.85,44331.66,11/9/2023,11/6/2023,Delivered
PO-2022-00970,7/9/2023,SUP119,P01346,2674,2.76,7387.2,8/9/2023,,Pending
PO-2022-00971,4/18/2023,SUP058,P00994,3559,38.75,137899.26,4/28/2023,4/28/2023,Delivered
PO-2022-00972,2/25/2022,SUP076,P00658,359,21.81,7830.7,3/23/2022,3/21/2022,Delivered
PO-2022-00973,6/16/2023,SUP030,P01562,1283,28.85,37011.4,8/4/2023,8/10/2023,Delivered
PO-2022-00974,12/15/2023,SUP095,P01560,2057,28.67,58974.3,1/1/2024,,Cancelled
PO-2022-00975,5/6/2023,SUP095,P01296,4855,1.89,9171.46,5/23/2023,5/22/2023,Delivered
PO-2022-00976,8/11/2023,SUP079,P00275,3547,33.4,118472.72,9/26/2023,10/5/2023,Delivered
PO-2022-00977,4/20/2022,SUP007,P01968,3630,24.2,87852.82,6/1/2022,,Pending
PO-2022-00978,4/6/2023,SUP149,P00861,2439,16.68,40685.31,4/27/2023,4/24/2023,Delivered
PO-2022-00979,9/19/2022,SUP061,P00344,4852,47.57,230810.93,11/10/2022,,Pending
PO-2022-00980,12/28/2022,SUP138,P01336,4777,5.7,27244.2,2/13/2023,2/22/2023,Delivered
PO-2022-00981,1/28/2022,SUP119,P01899,4827,24.26,117083.9,2/28/2022,,Pending
PO-2022-00982,10/14/2022,SUP031,P00903,3820,50.38,192467.31,12/7/2022,12/13/2022,Delivered
PO-2022-00983,4/27/2022,SUP096,P00619,3904,9.97,38913.07,5/11/2022,5/6/2022,Delivered
PO-2022-00984,8/26/2023,SUP129,P01794,624,20.16,12582.01,9/5/2023,,Shipped
PO-2022-00985,1/19/2022,SUP033,P00049,2062,6.36,13105.27,2/4/2022,2/6/2022,Delivered
PO-2022-00986,1/30/2023,SUP085,P00496,2578,32.61,84056.58,3/24/2023,,Pending
PO-2022-00987,12/30/2022,SUP061,P00982,3323,34.56,114831.92,2/20/2023,2/22/2023,Delivered
PO-2022-00988,2/17/2022,SUP120,P00204,3041,1.4,4268.1,3/14/2022,3/12/2022,Delivered
PO-2022-00989,11/9/2023,SUP006,P00264,1652,40.92,67601.44,12/21/2023,12/29/2023,Delivered
PO-2022-00990,6/30/2023,SUP077,P01362,4313,34.49,148764.54,8/18/2023,8/20/2023,Delivered
PO-2022-00991,10/11/2023,SUP060,P01782,1321,28.9,38181.86,11/21/2023,11/16/2023,Delivered
PO-2022-00992,2/18/2023,SUP133,P00880,100,32.3,3229.51,3/19/2023,,Cancelled
PO-2022-00993,8/17/2023,SUP106,P00671,3211,15.01,48206.32,8/27/2023,8/25/2023,Delivered
PO-2022-00994,5/12/2023,SUP126,P00965,380,20.58,7821.97,6/15/2023,6/18/2023,Delivered
PO-2022-00995,6/8/2023,SUP030,P01965,4923,20.26,99726,7/27/2023,8/4/2023,Delivered
PO-2022-00996,2/25/2022,SUP093,P01818,4394,33.55,147422.74,4/13/2022,,Cancelled
PO-2022-00997,3/17/2023,SUP085,P00112,4730,2.81,13309.43,5/9/2023,5/8/2023,Delivered
PO-2022-00998,6/24/2023,SUP048,P01100,1602,16.14,25855.08,8/5/2023,8/3/2023,Delivered
PO-2022-00999,5/5/2022,SUP007,P00023,4357,21.6,94106.02,6/16/2022,6/15/2022,Delivered
PO-2022-01000,4/9/2023,SUP060,P01620,2350,9.48,22276.82,5/20/2023,5/26/2023,Delivered
PO-2022-01001,9/7/2023,SUP114,P00529,3708,40.17,148947.37,10/31/2023,11/7/2023,Delivered
PO-2022-01002,11/19/2023,SUP039,P00805,1434,18.92,27130.04,1/15/2024,1/18/2024,Delivered
PO-2022-01003,7/2/2022,SUP121,P00701,112,33.05,3701.98,7/19/2022,7/18/2022,Delivered
PO-2022-01004,10/14/2022,SUP008,P00072,2245,51.81,116303.36,11/7/2022,11/10/2022,Delivered
PO-2022-01005,10/16/2022,SUP145,P00609,549,27.39,15035.85,12/4/2022,12/7/2022,Delivered
PO-2022-01006,1/1/2023,SUP019,P00332,1175,26.86,31554.86,2/17/2023,2/16/2023,Delivered
PO-2022-01007,8/20/2023,SUP023,P00399,2349,19.07,44785,9/28/2023,9/28/2023,Delivered
PO-2022-01008,5/19/2023,SUP029,P01845,165,11.76,1941.12,6/15/2023,,Cancelled
PO-2022-01009,12/9/2022,SUP002,P01239,4189,48.61,203624.64,1/2/2023,1/6/2023,Delivered
PO-2022-01010,4/28/2023,SUP056,P01993,1155,25.56,29526.69,5/21/2023,5/18/2023,Delivered
PO-2022-01011,1/17/2022,SUP024,P01780,2049,11.15,22854.04,3/5/2022,3/10/2022,Delivered
PO-2022-01012,11/10/2023,SUP034,P00780,1924,14.84,28556.73,12/15/2023,12/11/2023,Delivered
PO-2022-01013,3/24/2022,SUP062,P00643,424,36.14,15322.35,4/26/2022,,Cancelled
PO-2022-01014,6/29/2023,SUP069,P00657,1294,45.39,58737.01,8/10/2023,8/6/2023,Delivered
PO-2022-01015,3/1/2022,SUP147,P00502,4994,5.77,28827.65,4/25/2022,4/24/2022,Delivered
PO-2022-01016,10/26/2023,SUP026,P00221,3157,2.23,7045.29,12/20/2023,12/22/2023,Delivered
PO-2022-01017,7/30/2022,SUP025,P00931,3746,42.75,160132.39,8/26/2022,8/28/2022,Delivered
PO-2022-01018,9/14/2022,SUP070,P01416,2687,21.12,56759.86,10/18/2022,10/18/2022,Delivered
PO-2022-01019,11/4/2022,SUP085,P01675,997,34.47,34364.92,12/27/2022,,Pending
PO-2022-01020,5/1/2023,SUP074,P01161,4130,7.44,30731.74,6/16/2023,6/13/2023,Delivered
PO-2022-01021,1/8/2022,SUP145,P01595,3618,31.03,112258.28,2/26/2022,2/23/2022,Delivered
PO-2022-01022,6/14/2023,SUP052,P01889,584,5.86,3423.87,8/11/2023,8/18/2023,Delivered
PO-2022-01023,11/11/2022,SUP090,P00669,2089,23.04,48123.99,11/28/2022,12/5/2022,Delivered
PO-2022-01024,7/21/2023,SUP145,P00091,438,17.78,7789.07,9/8/2023,9/7/2023,Delivered
PO-2022-01025,8/1/2023,SUP119,P01208,4975,7.52,37420.29,9/1/2023,9/5/2023,Delivered
PO-2022-01026,1/28/2022,SUP007,P01422,3112,43.12,134176.94,3/11/2022,3/7/2022,Delivered
PO-2022-01027,10/3/2023,SUP012,P00107,2707,12.37,33476.95,11/19/2023,11/26/2023,Delivered
PO-2022-01028,10/27/2023,SUP120,P00006,622,12.2,7586.37,11/21/2023,11/17/2023,Delivered
PO-2022-01029,2/24/2023,SUP090,P00934,4693,28.31,132845.28,3/13/2023,3/22/2023,Delivered
PO-2022-01030,5/11/2022,SUP020,P01743,3609,22.61,81598.9,5/29/2022,5/24/2022,Delivered
PO-2022-01031,4/11/2023,SUP122,P00363,3381,31.64,106990.75,5/2/2023,5/10/2023,Delivered
PO-2022-01032,11/30/2023,SUP020,P00133,3964,2.89,11459.29,12/18/2023,12/20/2023,Delivered
PO-2022-01033,3/21/2023,SUP069,P01589,4102,40.35,165517.55,5/2/2023,4/28/2023,Delivered
PO-2022-01034,7/18/2022,SUP147,P00036,2453,36.29,89022.98,9/11/2022,9/8/2022,Delivered
PO-2022-01035,2/1/2022,SUP093,P01987,1534,32.41,49720.26,3/20/2022,3/17/2022,Delivered
PO-2022-01036,9/13/2022,SUP139,P01956,2112,5.81,12265.45,10/12/2022,10/10/2022,Delivered
PO-2022-01037,1/1/2022,SUP096,P00282,2798,44.23,123764.07,1/15/2022,1/17/2022,Delivered
PO-2022-01038,4/29/2022,SUP141,P01529,1203,52.7,63402.45,6/25/2022,,Shipped
PO-2022-01039,6/1/2023,SUP029,P00518,911,18.81,17134.48,6/28/2023,7/6/2023,Delivered
PO-2022-01040,9/6/2023,SUP055,P01394,4137,26.21,108419.27,10/21/2023,10/18/2023,Delivered
PO-2022-01041,7/15/2022,SUP130,P00948,4007,19.31,77389.77,8/4/2022,7/31/2022,Delivered
PO-2022-01042,1/26/2023,SUP090,P01003,580,27.64,16034.09,2/12/2023,2/17/2023,Delivered
PO-2022-01043,8/13/2022,SUP121,P00652,3356,6.26,21005.42,8/30/2022,9/6/2022,Delivered
PO-2022-01044,11/2/2023,SUP029,P00319,377,40.73,15354.32,11/29/2023,11/26/2023,Delivered
PO-2022-01045,2/23/2023,SUP029,P01607,3720,23.32,86752.03,3/22/2023,,Cancelled
PO-2022-01046,9/19/2023,SUP099,P00242,1323,13.89,18383.05,10/15/2023,10/12/2023,Delivered
PO-2022-01047,10/19/2022,SUP029,P01325,783,13.94,10917.7,11/15/2022,11/18/2022,Delivered
PO-2022-01048,1/26/2022,SUP102,P00079,2117,12.89,27293.67,3/14/2022,,Shipped
PO-2022-01049,8/18/2022,SUP133,P01112,4020,27.37,110010.37,9/16/2022,9/21/2022,Delivered
PO-2022-01050,7/21/2023,SUP088,P00662,3836,31.87,122265.46,9/10/2023,9/16/2023,Delivered
PO-2022-01051,9/15/2022,SUP141,P00045,368,45.72,16826.78,11/11/2022,11/14/2022,Delivered
PO-2022-01052,4/20/2023,SUP062,P00145,334,49.69,16596.19,5/23/2023,5/18/2023,Delivered
PO-2022-01053,1/29/2023,SUP021,P01408,3354,26.03,87308.18,2/10/2023,2/11/2023,Delivered
PO-2022-01054,10/13/2023,SUP144,P00034,2852,30.28,86360.23,11/18/2023,11/19/2023,Delivered
PO-2022-01055,7/29/2022,SUP088,P00322,4610,16.06,74028.94,9/18/2022,9/24/2022,Delivered
PO-2022-01056,8/21/2022,SUP146,P01962,3340,25.49,85150.86,9/20/2022,9/20/2022,Delivered
PO-2022-01057,10/26/2023,SUP042,P01410,2528,14.61,36929.33,11/29/2023,11/25/2023,Delivered
PO-2022-01058,3/3/2022,SUP018,P00862,4345,19.5,84723.84,3/29/2022,4/5/2022,Delivered
PO-2022-01059,11/6/2022,SUP093,P01454,3171,17.21,54566.43,12/23/2022,,Cancelled
PO-2022-01060,10/23/2022,SUP043,P00873,268,44.93,12039.94,11/29/2022,11/30/2022,Delivered
PO-2022-01061,5/12/2022,SUP083,P00762,4542,49.04,222729.56,6/16/2022,6/23/2022,Delivered
PO-2022-01062,2/14/2023,SUP034,P00355,4908,21.79,106965.68,3/21/2023,3/30/2023,Delivered
PO-2022-01063,6/17/2023,SUP018,P00947,3573,42.92,153347.49,7/13/2023,7/21/2023,Delivered
PO-2022-01064,3/16/2023,SUP041,P01256,2547,5.56,14156.65,4/15/2023,4/20/2023,Delivered
PO-2022-01065,5/6/2022,SUP073,P01406,601,11.71,7038.14,5/27/2022,6/2/2022,Delivered
PO-2022-01066,12/12/2022,SUP101,P00328,2247,3.45,7744.65,1/15/2023,1/15/2023,Delivered
PO-2022-01067,5/9/2023,SUP104,P00869,3288,30.41,100004.44,6/9/2023,6/18/2023,Delivered
PO-2022-01068,2/28/2023,SUP105,P00526,2624,23.47,61595.16,4/28/2023,4/26/2023,Delivered
PO-2022-01069,6/8/2023,SUP047,P01762,2919,23.27,67927.88,7/2/2023,7/10/2023,Delivered
PO-2022-01070,2/4/2022,SUP072,P01171,3364,6.51,21912.21,3/14/2022,,Shipped
PO-2022-01071,4/24/2022,SUP029,P00233,3127,11.46,35828.07,5/21/2022,,Shipped
PO-2022-01072,4/29/2023,SUP027,P00798,3784,13,49177.76,6/16/2023,6/24/2023,Delivered
PO-2022-01073,8/29/2023,SUP124,P00509,1563,47.15,73695.02,9/28/2023,10/3/2023,Delivered
PO-2022-01074,6/19/2022,SUP091,P00169,1661,18.98,31523.6,7/27/2022,8/5/2022,Delivered
PO-2022-01075,11/7/2023,SUP108,P00575,1842,12.17,22411.79,12/6/2023,12/12/2023,Delivered
PO-2022-01076,1/29/2022,SUP021,P00991,2220,16.46,36551.89,2/10/2022,2/5/2022,Delivered
PO-2022-01077,4/18/2023,SUP064,P01462,1051,5.87,6171.27,6/15/2023,,Shipped
PO-2022-01078,11/26/2023,SUP079,P00977,1508,24.23,36531.98,1/11/2024,1/9/2024,Delivered
PO-2022-01079,4/7/2023,SUP089,P00970,516,16.05,8281.38,5/21/2023,5/23/2023,Delivered
PO-2022-01080,7/1/2023,SUP149,P00189,2959,44.2,130790.23,7/22/2023,7/21/2023,Delivered
PO-2022-01081,8/7/2022,SUP089,P00190,1811,35.57,64417.12,9/20/2022,,Shipped
PO-2022-01082,3/5/2023,SUP036,P00213,2526,48.5,122516.76,4/24/2023,4/29/2023,Delivered
PO-2022-01083,10/12/2023,SUP025,P00214,1408,5.95,8371.12,11/8/2023,11/4/2023,Delivered
PO-2022-01084,1/11/2022,SUP110,P01071,2585,23.18,59917.05,3/5/2022,,Cancelled
PO-2022-01085,1/22/2022,SUP133,P00389,4330,36.78,159255.61,2/20/2022,2/24/2022,Delivered
PO-2022-01086,3/1/2023,SUP047,P01528,4152,32.3,134112.63,3/25/2023,3/20/2023,Delivered
PO-2022-01087,7/13/2023,SUP132,P01058,3093,15.74,48693.98,7/21/2023,,Cancelled
PO-2022-01088,7/25/2023,SUP123,P00486,810,45.68,37000.15,8/9/2023,8/4/2023,Delivered
PO-2022-01089,3/24/2022,SUP025,P01547,1822,12.84,23399.33,4/20/2022,4/17/2022,Delivered
PO-2022-01090,6/3/2023,SUP113,P00684,1379,16.65,22964.21,7/7/2023,7/8/2023,Delivered
PO-2022-01091,11/10/2022,SUP022,P01947,543,17.76,9642.45,12/15/2022,,Cancelled
PO-2022-01092,8/5/2023,SUP110,P01384,4743,19.46,92296.16,9/27/2023,9/27/2023,Delivered
PO-2022-01093,5/17/2023,SUP090,P01865,815,37.62,30657.32,6/3/2023,5/29/2023,Delivered
PO-2022-01094,2/11/2023,SUP081,P00703,2433,41.2,100236.13,4/2/2023,4/7/2023,Delivered
PO-2022-01095,10/3/2022,SUP126,P01592,4498,21.39,96202.02,11/6/2022,11/10/2022,Delivered
PO-2022-01096,1/22/2022,SUP078,P00536,1829,8.63,15781.39,3/9/2022,3/11/2022,Delivered
PO-2022-01097,1/18/2023,SUP042,P00917,491,14.81,7272.15,2/21/2023,2/21/2023,Delivered
PO-2022-01098,6/8/2022,SUP124,P00228,2519,19.81,49902.89,7/8/2022,7/8/2022,Delivered
PO-2022-01099,11/22/2023,SUP083,P01061,1635,34.3,56085.79,12/27/2023,1/1/2024,Delivered
PO-2022-01100,4/5/2022,SUP128,P01902,2779,20.09,55818.95,4/25/2022,4/28/2022,Delivered
PO-2022-01101,11/22/2023,SUP076,P00407,618,13.07,8078.76,12/18/2023,12/22/2023,Delivered
PO-2022-01102,8/9/2023,SUP017,P01845,3086,11.69,36085.22,8/18/2023,8/27/2023,Delivered
PO-2022-01103,9/27/2022,SUP100,P00965,4573,19.43,88847.94,10/7/2022,10/14/2022,Delivered
PO-2022-01104,1/27/2022,SUP071,P00060,2878,1.42,4089.72,2/19/2022,2/17/2022,Delivered
PO-2022-01105,9/2/2022,SUP099,P00085,3770,18.4,69374.35,9/28/2022,9/30/2022,Delivered
PO-2022-01106,3/30/2022,SUP041,P00854,606,46.08,27924.39,4/29/2022,,Shipped
PO-2022-01107,3/24/2023,SUP034,P00949,2497,26.55,66289.12,4/28/2023,5/6/2023,Delivered
PO-2022-01108,2/4/2022,SUP023,P00623,2635,26.18,68980.34,3/15/2022,3/10/2022,Delivered
PO-2022-01109,6/8/2023,SUP099,P00828,1958,28.25,55317.09,7/4/2023,7/4/2023,Delivered
PO-2022-01110,4/5/2022,SUP001,P01867,1004,29.21,29331.41,5/15/2022,5/15/2022,Delivered
PO-2022-01111,4/18/2022,SUP021,P01389,1776,2.45,4351.27,4/30/2022,5/8/2022,Delivered
PO-2022-01112,2/18/2022,SUP034,P01439,2806,15.08,42315.25,3/25/2022,3/30/2022,Delivered
PO-2022-01113,12/20/2022,SUP001,P01237,2494,37.51,93554.49,1/29/2023,2/6/2023,Delivered
PO-2022-01114,5/26/2022,SUP063,P01492,2121,27.72,58790.84,6/21/2022,6/30/2022,Delivered
PO-2022-01115,4/16/2023,SUP096,P01775,2148,1.1,2355.04,4/30/2023,5/8/2023,Delivered
PO-2022-01116,3/5/2022,SUP060,P00262,3700,48.16,178196.01,4/15/2022,,Cancelled
PO-2022-01117,3/14/2022,SUP108,P00951,583,13.15,7669.1,4/12/2022,4/12/2022,Delivered
PO-2022-01118,5/17/2022,SUP012,P01428,4823,20.8,100311.56,7/3/2022,,Cancelled
PO-2022-01119,8/29/2023,SUP040,P00230,2409,29.26,70485.62,10/13/2023,10/17/2023,Delivered
PO-2022-01120,9/21/2023,SUP020,P01687,451,49.71,22419.7,10/9/2023,10/9/2023,Delivered
PO-2022-01121,4/10/2023,SUP102,P01158,2309,6.17,14239.84,5/27/2023,5/25/2023,Delivered
PO-2022-01122,8/9/2023,SUP043,P00750,1290,43.08,55567.86,9/15/2023,,Pending
PO-2022-01123,1/3/2022,SUP123,P00278,2663,5.34,14208.11,1/18/2022,,Cancelled
PO-2022-01124,4/21/2023,SUP018,P00928,163,26.21,4271.81,5/17/2023,5/14/2023,Delivered
PO-2022-01125,11/21/2022,SUP100,P00773,909,35.59,32349.12,12/1/2022,,Cancelled
PO-2022-01126,1/10/2022,SUP018,P01513,1267,35.36,44806.24,2/5/2022,2/8/2022,Delivered
PO-2022-01127,10/30/2023,SUP026,P00787,4497,1.26,5684.72,12/24/2023,12/25/2023,Delivered
PO-2022-01128,9/2/2022,SUP020,P01676,497,32.38,16093.48,9/20/2022,9/24/2022,Delivered
PO-2022-01129,4/14/2022,SUP144,P01368,1494,25.99,38822.97,5/20/2022,,Cancelled
PO-2022-01130,1/12/2022,SUP102,P01977,2888,48.32,139542.84,2/28/2022,2/28/2022,Delivered
PO-2022-01131,10/5/2023,SUP065,P01028,1359,42.78,58144.08,11/5/2023,11/6/2023,Delivered
PO-2022-01132,10/23/2022,SUP079,P00400,3229,27.28,88085.92,12/8/2022,12/3/2022,Delivered
PO-2022-01133,5/28/2023,SUP071,P00574,4049,39.67,160638.04,6/20/2023,6/15/2023,Delivered
PO-2022-01134,4/8/2022,SUP139,P01016,1366,37.83,51679.77,5/7/2022,5/10/2022,Delivered
PO-2022-01135,6/28/2022,SUP016,P01258,585,16.57,9692.18,7/20/2022,7/27/2022,Delivered
PO-2022-01136,3/24/2023,SUP079,P01381,3220,23.73,76418.56,5/9/2023,5/4/2023,Delivered
PO-2022-01137,11/4/2023,SUP077,P01569,1979,15.84,31349.47,12/23/2023,12/31/2023,Delivered
PO-2022-01138,10/13/2023,SUP039,P01447,3406,40.02,136308.97,12/9/2023,12/5/2023,Delivered
PO-2022-01139,9/28/2023,SUP119,P01056,2419,30.97,74907.07,10/29/2023,11/4/2023,Delivered
PO-2022-01140,11/12/2022,SUP085,P00588,2719,14.26,38785.47,1/4/2023,,Cancelled
PO-2022-01141,10/6/2022,SUP053,P00491,665,24.43,16249.07,11/15/2022,11/10/2022,Delivered
PO-2022-01142,6/5/2023,SUP077,P01196,2231,34.01,75871.26,7/24/2023,7/20/2023,Delivered
PO-2022-01143,12/5/2022,SUP036,P00320,3443,2.46,8478.88,1/24/2023,1/31/2023,Delivered
PO-2022-01144,11/6/2022,SUP041,P01289,3184,24.07,76624.88,12/6/2022,12/14/2022,Delivered
PO-2022-01145,1/19/2023,SUP139,P00316,2403,44.99,108106.19,2/17/2023,2/23/2023,Delivered
PO-2022-01146,9/13/2022,SUP149,P01742,4242,45.84,194445.63,10/4/2022,10/12/2022,Delivered
PO-2022-01147,5/3/2022,SUP034,P00055,2300,34.69,79788.68,6/7/2022,6/15/2022,Delivered
PO-2022-01148,9/13/2022,SUP040,P01278,607,40.02,24291.92,10/28/2022,10/23/2022,Delivered
PO-2022-01149,12/20/2023,SUP135,P01061,2136,33.17,70848.34,1/29/2024,1/31/2024,Delivered
PO-2022-01150,11/7/2022,SUP066,P00307,4814,39.51,190210.05,12/14/2022,12/9/2022,Delivered
PO-2022-01151,5/5/2023,SUP007,P01810,4117,7.13,29347.7,6/16/2023,6/21/2023,Delivered
PO-2022-01152,6/8/2023,SUP091,P01081,689,24.86,17131.14,7/16/2023,7/25/2023,Delivered
PO-2022-01153,8/30/2023,SUP059,P00056,2038,25.87,52720.82,9/18/2023,9/23/2023,Delivered
PO-2022-01154,9/10/2022,SUP091,P01540,1476,19.81,29239.52,10/18/2022,10/15/2022,Delivered
PO-2022-01155,5/20/2022,SUP100,P01975,1568,10.17,15942.99,5/30/2022,5/30/2022,Delivered
PO-2022-01156,5/30/2022,SUP046,P01375,4311,40.42,174249.22,7/5/2022,7/2/2022,Delivered
PO-2022-01157,3/10/2023,SUP010,P01775,729,1.17,851.99,4/28/2023,,Cancelled
PO-2022-01158,6/21/2023,SUP012,P00613,4074,42.27,172210.03,8/7/2023,8/3/2023,Delivered
PO-2022-01159,5/5/2023,SUP096,P01797,2515,10.42,26216.34,5/19/2023,5/18/2023,Delivered
PO-2022-01160,1/15/2022,SUP004,P01870,3547,43.9,155724.32,2/16/2022,2/20/2022,Delivered
PO-2022-01161,5/17/2022,SUP073,P00363,2098,30.76,64540.16,6/7/2022,6/4/2022,Delivered
PO-2022-01162,9/3/2022,SUP137,P01382,4273,37.18,158870.39,9/20/2022,9/20/2022,Delivered
PO-2022-01163,12/4/2022,SUP058,P00578,4291,22.8,97817.58,12/14/2022,12/21/2022,Delivered
PO-2022-01164,12/23/2022,SUP034,P00151,1442,18.86,27202.91,1/27/2023,,Pending
PO-2022-01165,5/4/2022,SUP107,P01370,2480,29.35,72783.72,5/13/2022,5/10/2022,Delivered
PO-2022-01166,4/4/2023,SUP010,P00719,4752,29.9,142105.38,5/23/2023,5/26/2023,Delivered
PO-2022-01167,4/28/2023,SUP030,P00397,2287,1.43,3273.35,6/16/2023,6/14/2023,Delivered
PO-2022-01168,9/1/2022,SUP084,P00667,1853,29.35,54382.34,9/23/2022,9/26/2022,Delivered
PO-2022-01169,3/29/2022,SUP113,P00915,2242,1.01,2271.31,5/2/2022,5/2/2022,Delivered
PO-2022-01170,8/31/2022,SUP118,P01790,723,18.51,13383.92,10/21/2022,10/19/2022,Delivered
PO-2022-01171,6/11/2022,SUP039,P00966,136,42.99,5846.72,8/7/2022,8/2/2022,Delivered
PO-2022-01172,6/5/2023,SUP021,P01657,4300,31,133319.13,6/17/2023,6/19/2023,Delivered
PO-2022-01173,6/21/2023,SUP106,P00886,4264,42.15,179719.83,7/1/2023,7/1/2023,Delivered
PO-2022-01174,11/16/2022,SUP065,P01692,3283,13.31,43701.01,12/17/2022,12/21/2022,Delivered
PO-2022-01175,7/22/2022,SUP004,P01153,3197,10.46,33436.3,8/23/2022,8/22/2022,Delivered
PO-2022-01176,8/6/2023,SUP071,P01049,171,16.36,2797.33,8/29/2023,9/2/2023,Delivered
PO-2022-01177,4/5/2022,SUP149,P00869,2511,29.2,73325.53,4/26/2022,4/26/2022,Delivered
PO-2022-01178,7/31/2023,SUP057,P00772,299,15.52,4641.12,9/15/2023,9/13/2023,Delivered
PO-2022-01179,9/9/2022,SUP048,P01897,4848,3.97,19224.4,10/21/2022,,Shipped
PO-2022-01180,7/21/2023,SUP103,P00167,2011,43.57,87613.42,9/16/2023,9/23/2023,Delivered
PO-2022-01181,9/16/2023,SUP135,P00941,2073,40.58,84114.36,10/26/2023,,Cancelled
PO-2022-01182,10/9/2023,SUP090,P01383,1223,48.5,59319.61,10/26/2023,10/24/2023,Delivered
PO-2022-01183,6/26/2023,SUP113,P00295,744,30.12,22413,7/30/2023,,Cancelled
PO-2022-01184,11/14/2023,SUP047,P01596,474,44.16,20933.99,12/8/2023,12/6/2023,Delivered
PO-2022-01185,7/6/2022,SUP103,P00854,823,47.79,39327.85,9/1/2022,9/7/2022,Delivered
PO-2022-01186,8/12/2023,SUP034,P00551,3897,35.14,136922,9/16/2023,9/18/2023,Delivered
PO-2022-01187,7/19/2022,SUP017,P00051,588,3.62,2127.88,7/28/2022,8/5/2022,Delivered
PO-2022-01188,8/9/2022,SUP011,P00073,4052,21.3,86297.68,8/17/2022,8/24/2022,Delivered
PO-2022-01189,3/6/2022,SUP108,P00936,4213,24.18,101861.14,4/4/2022,3/30/2022,Delivered
PO-2022-01190,3/12/2023,SUP010,P01494,2779,18.13,50376.99,4/30/2023,5/2/2023,Delivered
PO-2022-01191,6/24/2022,SUP003,P01154,1416,25.25,35746.99,7/30/2022,8/4/2022,Delivered
PO-2022-01192,6/8/2023,SUP120,P01690,3823,23.81,91014.44,7/3/2023,7/5/2023,Delivered
PO-2022-01193,3/9/2023,SUP099,P01287,4704,21.74,102277.46,4/4/2023,4/8/2023,Delivered
PO-2022-01194,10/17/2023,SUP069,P00146,2193,47.99,105250.12,11/28/2023,12/1/2023,Delivered
PO-2022-01195,5/14/2023,SUP048,P01964,2246,10.72,24079.52,6/25/2023,,Pending
PO-2022-01196,2/27/2023,SUP142,P01721,2034,36.93,75121.21,3/15/2023,3/15/2023,Delivered
PO-2022-01197,7/29/2022,SUP027,P01046,2907,10.29,29926.63,9/15/2022,9/16/2022,Delivered
PO-2022-01198,2/4/2023,SUP089,P01894,2544,35.48,90261.2,3/20/2023,3/18/2023,Delivered
PO-2022-01199,3/23/2022,SUP055,P01889,3017,5.03,15181.2,5/7/2022,5/15/2022,Delivered
PO-2022-01200,6/26/2023,SUP118,P01236,1899,37.81,71793.86,8/16/2023,8/20/2023,Delivered
PO-2022-01201,3/25/2022,SUP129,P01077,1990,39.01,77639,4/4/2022,,Shipped
PO-2022-01202,4/10/2022,SUP138,P00918,2366,41.33,97790.15,5/27/2022,5/27/2022,Delivered
PO-2022-01203,11/21/2023,SUP055,P00629,3166,48.62,153928.2,1/5/2024,,Pending
PO-2022-01204,12/5/2022,SUP111,P01883,1106,45.62,50451.64,1/26/2023,,Cancelled
PO-2022-01205,3/26/2022,SUP023,P01526,428,37.61,16096.2,5/4/2022,5/3/2022,Delivered
PO-2022-01206,9/6/2022,SUP091,P01158,1698,6.01,10208.71,10/14/2022,10/9/2022,Delivered
PO-2022-01207,1/23/2023,SUP054,P01012,4759,9.53,45337.42,3/12/2023,,Pending
PO-2022-01208,2/11/2022,SUP078,P00569,2123,22.35,47442.45,3/29/2022,3/25/2022,Delivered
PO-2022-01209,5/23/2023,SUP063,P01580,2693,10.79,29059.13,6/18/2023,6/27/2023,Delivered
PO-2022-01210,10/19/2023,SUP090,P00742,2284,5.98,13665.42,11/5/2023,11/11/2023,Delivered
PO-2022-01211,11/2/2022,SUP062,P00388,824,7.23,5960.57,12/5/2022,,Pending
PO-2022-01212,5/21/2023,SUP141,P00293,278,26.72,7428.28,7/17/2023,7/20/2023,Delivered
PO-2022-01213,11/8/2022,SUP087,P01038,4642,30.6,142038.19,12/3/2022,,Cancelled
PO-2022-01214,4/6/2022,SUP023,P01284,347,2.89,1001.43,5/15/2022,5/21/2022,Delivered
PO-2022-01215,10/2/2023,SUP033,P00094,835,15.93,13302.37,10/18/2023,10/13/2023,Delivered
PO-2022-01216,1/2/2023,SUP051,P00620,713,5.55,3959.25,1/31/2023,,Cancelled
PO-2022-01217,11/3/2023,SUP096,P01631,3418,28,95716.82,11/17/2023,,Pending
PO-2022-01218,3/31/2023,SUP074,P00987,2190,43.86,96044.8,5/16/2023,5/20/2023,Delivered
PO-2022-01219,7/18/2022,SUP087,P01056,4654,31.67,147371.68,8/12/2022,8/10/2022,Delivered
PO-2022-01220,5/9/2023,SUP115,P01949,3943,24.35,96001.65,6/18/2023,6/16/2023,Delivered
PO-2022-01221,11/23/2022,SUP036,P00143,3415,7.81,26654.83,1/12/2023,1/19/2023,Delivered
PO-2022-01222,8/5/2022,SUP142,P01998,2581,34.51,89063.72,8/21/2022,8/29/2022,Delivered
PO-2022-01223,8/15/2023,SUP149,P01916,2068,37.16,76852.77,9/5/2023,,Shipped
PO-2022-01224,4/29/2022,SUP061,P00771,1897,49.99,94825.49,6/20/2022,6/16/2022,Delivered
PO-2022-01225,2/26/2023,SUP005,P01710,2132,43.42,92579.38,4/11/2023,4/9/2023,Delivered
PO-2022-01226,2/13/2022,SUP097,P00801,4414,42.82,189012.48,3/18/2022,,Pending
PO-2022-01227,1/12/2023,SUP134,P00289,1071,47.74,51134.27,3/4/2023,3/2/2023,Delivered
PO-2022-01228,1/26/2022,SUP138,P01446,3517,47.97,168717.53,3/14/2022,3/16/2022,Delivered
PO-2022-01229,1/9/2023,SUP083,P00831,1019,4.08,4153.13,2/13/2023,2/20/2023,Delivered
PO-2022-01230,7/8/2023,SUP103,P00110,681,16.87,11485.4,9/3/2023,8/31/2023,Delivered
PO-2022-01231,7/16/2022,SUP005,P01125,3084,16.45,50722.96,8/29/2022,9/7/2022,Delivered
PO-2022-01232,1/9/2022,SUP069,P00566,1815,4.8,8703.01,2/20/2022,2/15/2022,Delivered
PO-2022-01233,9/27/2022,SUP036,P01142,3152,9.6,30269.83,11/16/2022,11/11/2022,Delivered
PO-2022-01234,5/4/2022,SUP035,P00357,4289,28.2,120928.73,6/28/2022,6/26/2022,Delivered
PO-2022-01235,2/27/2022,SUP108,P01515,456,22.58,10297.08,3/28/2022,4/4/2022,Delivered
PO-2022-01236,4/11/2022,SUP133,P01179,1717,12.22,20978.46,5/10/2022,5/18/2022,Delivered
PO-2022-01237,5/8/2022,SUP067,P01990,2886,27.18,78447.03,7/1/2022,7/3/2022,Delivered
PO-2022-01238,3/5/2022,SUP130,P00765,2921,24.98,72962.39,3/25/2022,3/24/2022,Delivered
PO-2022-01239,8/15/2022,SUP025,P00844,3235,20.01,64743.13,9/11/2022,9/12/2022,Delivered
PO-2022-01240,12/29/2022,SUP142,P00399,504,21.11,10638.99,1/14/2023,1/11/2023,Delivered
PO-2022-01241,2/24/2023,SUP130,P01423,4415,46.73,206316.48,3/16/2023,3/17/2023,Delivered
PO-2022-01242,12/8/2022,SUP102,P00416,3468,3.31,11483.11,1/24/2023,,Shipped
PO-2022-01243,10/25/2022,SUP063,P01607,4250,22.75,96702.9,11/20/2022,11/23/2022,Delivered
PO-2022-01244,6/24/2022,SUP042,P00880,2522,32.04,80800.47,7/28/2022,8/3/2022,Delivered
PO-2022-01245,1/25/2023,SUP025,P01264,1245,26.36,32815.93,2/21/2023,2/25/2023,Delivered
PO-2022-01246,6/2/2022,SUP134,P01750,3479,24.35,84722.23,7/23/2022,7/28/2022,Delivered
PO-2022-01247,12/11/2022,SUP076,P00597,3379,7.89,26676.29,1/6/2023,1/4/2023,Delivered
PO-2022-01248,1/8/2023,SUP146,P01097,1936,7.33,14182.73,2/7/2023,2/7/2023,Delivered
PO-2022-01249,4/16/2022,SUP108,P01383,1870,49.84,93192.49,5/15/2022,5/20/2022,Delivered
PO-2022-01250,2/4/2022,SUP146,P01297,3114,43.06,134087.85,3/6/2022,3/13/2022,Delivered
PO-2022-01251,9/13/2023,SUP057,P01650,1659,36.47,60507.67,10/29/2023,10/26/2023,Delivered
PO-2022-01252,7/28/2022,SUP062,P00539,2650,46.62,123532.59,8/30/2022,8/28/2022,Delivered
PO-2022-01253,10/4/2023,SUP090,P01066,3840,42.44,162982.33,10/21/2023,10/24/2023,Delivered
PO-2022-01254,9/16/2023,SUP142,P01295,721,43.29,31209.51,10/2/2023,10/1/2023,Delivered
PO-2022-01255,10/17/2023,SUP004,P00757,2814,18.24,51326.83,11/18/2023,11/19/2023,Delivered
PO-2022-01256,7/1/2022,SUP034,P00785,4962,19.45,96511.04,8/5/2022,8/11/2022,Delivered
PO-2022-01257,9/23/2022,SUP030,P00397,4153,1.42,5908.24,11/11/2022,11/16/2022,Delivered
PO-2022-01258,8/4/2023,SUP070,P01862,710,29.14,20688.17,9/7/2023,9/5/2023,Delivered
PO-2022-01259,11/23/2022,SUP100,P00655,302,24.51,7402.21,12/3/2022,12/8/2022,Delivered
PO-2022-01260,10/8/2023,SUP131,P00179,2079,11.14,23158.4,11/21/2023,11/16/2023,Delivered
PO-2022-01261,6/30/2023,SUP147,P00936,450,28.39,12775.51,8/24/2023,8/25/2023,Delivered
PO-2022-01262,3/12/2022,SUP060,P01968,4504,22.59,101729.69,4/22/2022,4/19/2022,Delivered
PO-2022-01263,2/22/2023,SUP001,P01642,2458,42.77,105125.86,4/3/2023,4/6/2023,Delivered
PO-2022-01264,2/11/2023,SUP073,P00942,327,9.85,3219.74,3/4/2023,,Cancelled
PO-2022-01265,10/19/2023,SUP079,P01378,1029,34.82,35827.75,12/4/2023,12/12/2023,Delivered
PO-2022-01266,4/21/2023,SUP018,P01102,2199,25.2,55404.77,5/17/2023,5/15/2023,Delivered
PO-2022-01267,1/17/2023,SUP059,P01833,4738,14.86,70386.02,2/5/2023,2/1/2023,Delivered
PO-2022-01268,4/5/2022,SUP012,P01928,4550,35.34,160788.79,5/22/2022,,Shipped
PO-2022-01269,9/13/2022,SUP023,P00041,3630,4.54,16463.06,10/22/2022,10/23/2022,Delivered
PO-2022-01270,9/27/2022,SUP086,P01609,407,22.47,9146.41,11/1/2022,11/6/2022,Delivered
PO-2022-01271,10/20/2023,SUP014,P01899,1764,27.73,48911.14,12/18/2023,12/25/2023,Delivered
PO-2022-01272,1/6/2023,SUP058,P00215,3172,34.37,109020.66,1/16/2023,1/18/2023,Delivered
PO-2022-01273,7/2/2022,SUP100,P01604,2978,11.02,32812.55,7/12/2022,7/15/2022,Delivered
PO-2022-01274,1/3/2022,SUP101,P01083,4602,21.02,96742.53,2/6/2022,2/12/2022,Delivered
PO-2022-01275,8/9/2023,SUP129,P00332,1112,25.41,28251.48,8/19/2023,,Pending
PO-2022-01276,7/25/2022,SUP108,P00521,3676,8.3,30496.56,8/23/2022,8/25/2022,Delivered
PO-2022-01277,3/28/2022,SUP102,P00743,2575,47.05,121152.83,5/14/2022,5/21/2022,Delivered
PO-2022-01278,12/16/2023,SUP002,P01102,2890,24.99,72210.02,1/9/2024,1/12/2024,Delivered
PO-2022-01279,5/3/2023,SUP046,P01991,470,20.3,9538.95,6/8/2023,,Shipped
PO-2022-01280,1/22/2022,SUP056,P00924,935,21.2,19820.13,2/14/2022,2/13/2022,Delivered
PO-2022-01281,1/12/2023,SUP087,P00426,3226,48.23,155599.5,2/6/2023,2/9/2023,Delivered
PO-2022-01282,3/30/2023,SUP141,P00764,3601,3.08,11073.69,5/26/2023,6/2/2023,Delivered
PO-2022-01283,5/2/2022,SUP039,P00581,3822,33.48,127968.89,6/28/2022,7/5/2022,Delivered
PO-2022-01284,8/3/2023,SUP066,P00770,4601,11.83,54407.99,9/9/2023,9/15/2023,Delivered
PO-2022-01285,8/13/2022,SUP108,P00854,1757,41.17,72333.23,9/11/2022,9/18/2022,Delivered
PO-2022-01286,12/5/2022,SUP085,P01693,2056,20.19,41506.34,1/27/2023,1/29/2023,Delivered
PO-2022-01287,1/12/2022,SUP090,P00431,3796,26.54,100761.15,1/29/2022,2/5/2022,Delivered
PO-2022-01288,9/28/2023,SUP123,P01742,3673,47.85,175763.59,10/13/2023,10/10/2023,Delivered
PO-2022-01289,12/9/2022,SUP120,P00654,1075,34.82,37431.54,1/3/2023,1/8/2023,Delivered
PO-2022-01290,12/31/2022,SUP012,P01212,4704,13.64,64179.11,2/16/2023,2/15/2023,Delivered
PO-2022-01291,11/7/2023,SUP035,P00327,173,41.53,7184.76,1/1/2024,12/31/2023,Delivered
PO-2022-01292,10/23/2022,SUP047,P01352,401,33.4,13392.58,11/16/2022,11/19/2022,Delivered
PO-2022-01293,4/4/2022,SUP141,P01635,152,13.7,2083.04,5/31/2022,6/7/2022,Delivered
PO-2022-01294,5/19/2023,SUP092,P00671,4035,15.42,62207.25,6/8/2023,,Shipped
PO-2022-01295,1/8/2022,SUP083,P01636,3187,44.8,142791.68,2/12/2022,,Pending
PO-2022-01296,6/10/2022,SUP102,P01198,117,19.17,2243.18,7/27/2022,7/29/2022,Delivered
PO-2022-01297,3/11/2023,SUP016,P00871,1153,26.87,30975.47,4/2/2023,,Cancelled
PO-2022-01298,11/16/2022,SUP016,P00279,4627,39.87,184466.93,12/8/2022,12/12/2022,Delivered
PO-2022-01299,6/21/2022,SUP109,P01037,4920,42.61,209661.48,8/11/2022,8/20/2022,Delivered
PO-2022-01300,7/14/2023,SUP005,P00573,4797,43.21,207272.52,8/27/2023,,Pending
PO-2022-01301,9/2/2023,SUP091,P01911,1015,24.38,24744.37,10/10/2023,10/10/2023,Delivered
PO-2022-01302,1/13/2023,SUP027,P00553,268,48.65,13037.81,3/2/2023,3/5/2023,Delivered
PO-2022-01303,3/24/2022,SUP081,P00691,3304,48.54,160367.03,5/13/2022,5/15/2022,Delivered
PO-2022-01304,4/4/2022,SUP135,P01892,4274,33.49,143136.41,5/14/2022,5/11/2022,Delivered
PO-2022-01305,10/31/2023,SUP135,P00159,4176,40.79,170345.64,12/10/2023,12/10/2023,Delivered
PO-2022-01306,12/5/2022,SUP148,P01262,1272,2.29,2914.54,12/23/2022,12/22/2022,Delivered
PO-2022-01307,8/2/2023,SUP084,P00489,1887,1.52,2859.2,8/24/2023,,Cancelled
PO-2022-01308,7/25/2023,SUP022,P00221,2276,2.42,5511.15,8/29/2023,9/5/2023,Delivered
PO-2022-01309,9/27/2022,SUP026,P00497,4388,17.92,78648.15,11/21/2022,11/21/2022,Delivered
PO-2022-01310,5/9/2022,SUP046,P01567,3207,9.42,30213.68,6/14/2022,6/21/2022,Delivered
PO-2022-01311,8/3/2022,SUP034,P00768,2516,33.07,83215.85,9/7/2022,9/14/2022,Delivered
PO-2022-01312,9/19/2022,SUP022,P00111,4336,37.77,163749.84,10/24/2022,11/2/2022,Delivered
PO-2022-01313,5/31/2023,SUP126,P00066,4083,17.53,71559.81,7/4/2023,7/5/2023,Delivered
PO-2022-01314,7/9/2023,SUP004,P01726,511,1.93,984.87,8/10/2023,8/18/2023,Delivered
PO-2022-01315,11/29/2022,SUP072,P00837,3589,2.55,9153.92,1/6/2023,1/14/2023,Delivered
PO-2022-01316,6/2/2022,SUP101,P00749,2981,10.25,30550.4,7/6/2022,7/1/2022,Delivered
PO-2022-01317,2/3/2023,SUP035,P00532,4248,41.67,177027.85,3/30/2023,3/27/2023,Delivered
PO-2022-01318,12/11/2022,SUP089,P00001,266,29.08,7736.14,1/24/2023,,Cancelled
PO-2022-01319,9/30/2022,SUP125,P01386,999,8.39,8379.05,11/4/2022,11/8/2022,Delivered
PO-2022-01320,8/11/2023,SUP057,P01220,3232,37.58,121449.08,9/26/2023,,Pending
PO-2022-01321,3/24/2022,SUP085,P00517,830,2.65,2198.33,5/16/2022,5/18/2022,Delivered
PO-2022-01322,12/22/2023,SUP019,P01601,4216,38.57,162621.52,2/7/2024,2/7/2024,Delivered
PO-2022-01323,7/2/2023,SUP080,P01115,4321,30.97,133807.5,8/29/2023,9/7/2023,Delivered
PO-2022-01324,2/13/2022,SUP104,P00548,1291,38.03,49093.22,3/16/2022,,Pending
PO-2022-01325,12/23/2022,SUP130,P01823,1371,43.77,60013.56,1/12/2023,1/7/2023,Delivered
PO-2022-01326,1/17/2023,SUP026,P01658,836,40.11,33528.12,3/13/2023,3/10/2023,Delivered
PO-2022-01327,5/3/2022,SUP042,P00685,2290,37.87,86732.21,6/6/2022,6/15/2022,Delivered
PO-2022-01328,11/12/2023,SUP064,P00042,3802,2.59,9861.1,1/9/2024,1/15/2024,Delivered
PO-2022-01329,4/1/2023,SUP092,P00341,3587,16.37,58702.4,4/21/2023,4/23/2023,Delivered
PO-2022-01330,7/29/2022,SUP012,P00182,2398,8.98,21534.8,9/14/2022,,Shipped
PO-2022-01331,3/28/2022,SUP047,P00293,2239,22.89,51244.93,4/21/2022,4/26/2022,Delivered
PO-2022-01332,10/26/2023,SUP041,P00533,2308,19.36,44682.44,11/25/2023,12/1/2023,Delivered
PO-2022-01333,5/23/2022,SUP001,P01643,3455,16.33,56409.06,7/2/2022,7/5/2022,Delivered
PO-2022-01334,2/12/2023,SUP141,P01720,4492,48.91,219684.49,4/10/2023,4/14/2023,Delivered
PO-2022-01335,2/8/2022,SUP027,P01340,2387,45.9,109551.83,3/28/2022,3/26/2022,Delivered
PO-2022-01336,5/2/2023,SUP133,P00623,3924,25.02,98188.22,5/31/2023,6/3/2023,Delivered
PO-2022-01337,10/31/2022,SUP035,P00664,3046,19.98,60874.2,12/25/2022,12/26/2022,Delivered
PO-2022-01338,10/9/2023,SUP136,P01317,618,45.33,28015.67,10/21/2023,10/21/2023,Delivered
PO-2022-01339,10/2/2022,SUP102,P00807,3288,1.61,5295.02,11/18/2022,11/24/2022,Delivered
PO-2022-01340,7/3/2022,SUP096,P01040,197,8.64,1701.44,7/17/2022,7/17/2022,Delivered
PO-2022-01341,11/3/2022,SUP020,P00261,1035,40.41,41819.69,11/21/2022,11/27/2022,Delivered
PO-2022-01342,3/14/2022,SUP113,P00406,3988,37.09,147912.52,4/17/2022,4/14/2022,Delivered
PO-2022-01343,2/4/2023,SUP016,P01856,1755,11.24,19721.37,2/26/2023,2/22/2023,Delivered
PO-2022-01344,9/23/2022,SUP082,P01114,604,34.55,20867.32,11/16/2022,11/16/2022,Delivered
PO-2022-01345,6/24/2023,SUP139,P00066,2527,17.57,44394.6,7/23/2023,7/22/2023,Delivered
PO-2022-01346,9/7/2023,SUP065,P00549,2068,52.15,107839.5,10/8/2023,10/9/2023,Delivered
PO-2022-01347,10/6/2023,SUP054,P01458,3617,18.93,68478.97,11/23/2023,11/26/2023,Delivered
PO-2022-01348,9/3/2022,SUP065,P00105,2839,40.01,113582.91,10/4/2022,10/7/2022,Delivered
PO-2022-01349,6/21/2023,SUP130,P01059,3186,36.17,115244.02,7/11/2023,7/13/2023,Delivered
PO-2022-01350,10/12/2022,SUP042,P01221,4475,11.87,53107.03,11/15/2022,11/18/2022,Delivered
PO-2022-01351,10/28/2023,SUP039,P00932,867,18.3,15868.61,12/24/2023,1/2/2024,Delivered
PO-2022-01352,9/12/2022,SUP063,P00293,736,26.94,19825.84,10/8/2022,10/5/2022,Delivered
PO-2022-01353,9/24/2022,SUP030,P00002,121,2.08,251.51,11/12/2022,11/7/2022,Delivered
PO-2022-01354,1/23/2023,SUP016,P00519,3393,21.34,72423.06,2/14/2023,2/9/2023,Delivered
PO-2022-01355,10/14/2022,SUP137,P01271,2023,8.15,16484.13,10/31/2022,11/3/2022,Delivered
PO-2022-01356,12/27/2023,SUP048,P01098,2901,20.31,58933.54,2/7/2024,,Cancelled
PO-2022-01357,5/24/2022,SUP080,P00209,1222,10.23,12498.9,7/21/2022,7/30/2022,Delivered
PO-2022-01358,2/8/2023,SUP040,P00381,3824,22.16,84724.99,3/25/2023,4/1/2023,Delivered
PO-2022-01359,12/10/2022,SUP044,P01774,4609,22.83,105230.46,1/28/2023,1/31/2023,Delivered
PO-2022-01360,6/3/2022,SUP026,P01377,4816,28.35,136554.66,7/28/2022,7/23/2022,Delivered
PO-2022-01361,7/17/2022,SUP022,P01196,2931,33.64,98584.21,8/21/2022,8/25/2022,Delivered
PO-2022-01362,12/2/2023,SUP004,P00664,3737,19.45,72700.36,1/3/2024,,Shipped
PO-2022-01363,7/8/2023,SUP100,P01284,4476,2.87,12858.8,7/18/2023,7/24/2023,Delivered
PO-2022-01364,12/14/2022,SUP146,P01365,2549,38.85,99039.17,1/13/2023,1/12/2023,Delivered
PO-2022-01365,9/29/2023,SUP119,P01352,614,35.73,21939.11,10/30/2023,11/2/2023,Delivered
PO-2022-01366,3/27/2023,SUP094,P01960,440,5.95,2616.63,4/18/2023,4/19/2023,Delivered
PO-2022-01367,2/25/2023,SUP134,P01641,2795,44.51,124406.85,4/17/2023,4/17/2023,Delivered
PO-2022-01368,3/19/2022,SUP021,P01741,2502,21.92,54840.62,3/31/2022,,Shipped
PO-2022-01369,9/29/2022,SUP136,P00349,1866,42.48,79263.24,10/11/2022,10/14/2022,Delivered
PO-2022-01370,12/13/2023,SUP085,P01103,4281,12.17,52080.08,2/4/2024,2/2/2024,Delivered
PO-2022-01371,5/4/2023,SUP139,P00838,2917,28.95,84433.73,6/2/2023,6/5/2023,Delivered
PO-2022-01372,11/6/2022,SUP046,P01651,3048,38.32,116790.19,12/12/2022,12/7/2022,Delivered
PO-2022-01373,1/25/2022,SUP062,P00471,462,44.29,20463.09,2/27/2022,2/26/2022,Delivered
PO-2022-01374,4/22/2022,SUP007,P01100,4961,15.26,75720.64,6/3/2022,6/1/2022,Delivered
PO-2022-01375,10/24/2023,SUP138,P01662,2022,19.5,39424.73,12/10/2023,12/17/2023,Delivered
PO-2022-01376,12/2/2023,SUP112,P00466,863,19.64,16947.68,1/5/2024,1/6/2024,Delivered
PO-2022-01377,9/5/2023,SUP029,P00900,774,49.24,38114.35,10/2/2023,9/30/2023,Delivered
PO-2022-01378,9/14/2022,SUP101,P00324,2938,6.71,19704.22,10/18/2022,10/26/2022,Delivered
PO-2022-01379,10/3/2023,SUP075,P00915,641,1.18,759.32,10/20/2023,,Pending
PO-2022-01380,2/10/2023,SUP057,P00962,3062,14.98,45865.81,3/28/2023,4/3/2023,Delivered
PO-2022-01381,4/21/2023,SUP138,P00304,4066,40.18,163391.83,6/7/2023,,Shipped
PO-2022-01382,5/31/2022,SUP088,P00047,4173,20.46,85392.02,7/21/2022,7/26/2022,Delivered
PO-2022-01383,12/2/2023,SUP059,P01611,1727,21.18,36583.28,12/21/2023,12/27/2023,Delivered
PO-2022-01384,2/4/2023,SUP139,P00985,2913,16.43,47849.71,3/5/2023,3/9/2023,Delivered
PO-2022-01385,8/25/2022,SUP094,P01632,4994,19.41,96933.83,9/16/2022,,Pending
PO-2022-01386,11/23/2023,SUP107,P01940,3756,48.85,183467.44,12/2/2023,11/28/2023,Delivered
PO-2022-01387,4/16/2023,SUP135,P00723,1130,27.06,30574.87,5/26/2023,5/24/2023,Delivered
PO-2022-01388,5/26/2023,SUP091,P00851,1996,45.04,89900.32,7/3/2023,7/9/2023,Delivered
PO-2022-01389,4/12/2022,SUP026,P01509,3136,24.38,76464.42,6/6/2022,6/12/2022,Delivered
PO-2022-01390,4/4/2022,SUP071,P01028,705,41.03,28925.58,4/27/2022,4/29/2022,Delivered
PO-2022-01391,8/16/2023,SUP051,P00963,3134,33.33,104463.92,9/14/2023,9/21/2023,Delivered
PO-2022-01392,5/6/2023,SUP026,P01068,981,43.24,42423.21,6/30/2023,,Cancelled
PO-2022-01393,7/22/2023,SUP016,P00690,4657,17.87,83241.7,8/13/2023,8/8/2023,Delivered
PO-2022-01394,9/25/2022,SUP123,P01386,507,9.32,4723.45,10/10/2022,10/9/2022,Delivered
PO-2022-01395,9/16/2022,SUP060,P01636,4820,46.47,223986.72,10/27/2022,,Pending
PO-2022-01396,9/25/2022,SUP035,P01947,1300,19.47,25309.66,11/19/2022,11/24/2022,Delivered
PO-2022-01397,8/20/2023,SUP039,P01141,787,8.11,6379.29,10/16/2023,10/18/2023,Delivered
PO-2022-01398,2/3/2023,SUP092,P00117,4557,49.5,225575.15,2/23/2023,,Shipped
PO-2022-01399,9/9/2023,SUP100,P01321,3658,9.35,34195.71,9/19/2023,9/23/2023,Delivered
PO-2022-01400,1/30/2023,SUP030,P00356,3572,53.66,191681.46,3/20/2023,3/29/2023,Delivered
PO-2022-01401,9/13/2023,SUP030,P00855,3843,11.46,44030.62,11/1/2023,10/28/2023,Delivered
PO-2022-01402,7/15/2023,SUP046,P01044,1160,23.93,27762.45,8/20/2023,,Pending
PO-2022-01403,3/5/2022,SUP025,P00032,1044,2,2089.87,4/1/2022,3/28/2022,Delivered
PO-2022-01404,7/25/2022,SUP074,P01703,4284,26.17,112106.42,9/9/2022,9/6/2022,Delivered
PO-2022-01405,7/27/2023,SUP005,P00211,128,25.53,3267.36,9/9/2023,9/9/2023,Delivered
PO-2022-01406,6/9/2023,SUP124,P01967,4352,16.11,70108.73,7/9/2023,7/17/2023,Delivered
PO-2022-01407,9/18/2023,SUP006,P01814,4427,5.85,25881.99,10/30/2023,11/6/2023,Delivered
PO-2022-01408,11/1/2022,SUP111,P00670,4041,14.22,57469.96,12/23/2022,12/23/2022,Delivered
PO-2022-01409,2/25/2023,SUP056,P00206,1559,8.71,13579.6,3/20/2023,3/21/2023,Delivered
PO-2022-01410,3/5/2023,SUP123,P00726,2431,1.22,2969.9,3/20/2023,3/16/2023,Delivered
PO-2022-01411,9/25/2023,SUP104,P00955,2512,53.73,134959.38,10/26/2023,,Pending
PO-2022-01412,4/3/2023,SUP069,P00382,556,11.87,6597.05,5/15/2023,,Shipped
PO-2022-01413,5/2/2023,SUP118,P00679,1103,39.43,43488.72,6/22/2023,6/27/2023,Delivered
PO-2022-01414,7/12/2022,SUP062,P00621,1728,40.64,70223.89,8/14/2022,8/23/2022,Delivered
PO-2022-01415,8/22/2022,SUP102,P01191,4454,51.3,228505.09,10/8/2022,10/8/2022,Delivered
PO-2022-01416,9/21/2023,SUP115,P01551,4169,42.41,176811.01,10/31/2023,,Cancelled
PO-2022-01417,3/29/2023,SUP073,P01429,674,13.22,8910.4,4/19/2023,,Pending
PO-2022-01418,2/27/2023,SUP107,P01163,2615,1.32,3441,3/8/2023,3/12/2023,Delivered
PO-2022-01419,8/30/2022,SUP120,P00682,4964,38.03,188804.58,9/24/2022,10/3/2022,Delivered
PO-2022-01420,8/24/2023,SUP145,P01530,2441,31.2,76159.01,10/12/2023,10/20/2023,Delivered
PO-2022-01421,11/14/2022,SUP080,P00259,1271,26.38,33528.85,1/11/2023,,Cancelled
PO-2022-01422,9/18/2022,SUP066,P00573,2964,49.96,148090.27,10/25/2022,11/3/2022,Delivered
PO-2022-01423,3/23/2023,SUP017,P01281,736,30.41,22383.11,4/1/2023,3/28/2023,Delivered
PO-2022-01424,9/2/2022,SUP064,P01068,523,41.98,21954.66,10/30/2022,10/25/2022,Delivered
PO-2022-01425,12/27/2022,SUP101,P01404,542,29.17,15811.18,1/30/2023,2/6/2023,Delivered
PO-2022-01426,3/30/2022,SUP052,P00454,479,30.87,14787.09,5/27/2022,6/2/2022,Delivered
PO-2022-01427,1/21/2023,SUP094,P00903,4640,41.98,194767.95,2/12/2023,2/9/2023,Delivered
PO-2022-01428,11/25/2022,SUP101,P01991,4965,18.28,90780.47,12/29/2022,,Shipped
PO-2022-01429,1/21/2022,SUP085,P01871,1686,4.98,8393.34,3/15/2022,,Shipped
PO-2022-01430,10/19/2022,SUP058,P00842,4687,41.8,195924.04,10/29/2022,11/3/2022,Delivered
PO-2022-01431,8/13/2022,SUP087,P00103,1069,22.1,23624.88,9/7/2022,,Cancelled
PO-2022-01432,7/13/2023,SUP011,P01721,3670,41.23,151309.82,7/21/2023,7/19/2023,Delivered
PO-2022-01433,8/21/2023,SUP070,P01455,3726,25.01,93188.29,9/24/2023,9/29/2023,Delivered
PO-2022-01434,6/20/2023,SUP108,P00717,2509,40.14,100716.81,7/19/2023,,Cancelled
PO-2022-01435,8/31/2023,SUP057,P01681,3429,35.17,120587.84,10/16/2023,,Cancelled
PO-2022-01436,11/20/2023,SUP139,P01352,209,35.51,7421.97,12/19/2023,12/20/2023,Delivered
PO-2022-01437,5/17/2022,SUP030,P00649,2103,26.07,54832.71,7/5/2022,7/4/2022,Delivered
PO-2022-01438,5/31/2022,SUP131,P00246,3281,11.03,36201.3,7/14/2022,7/11/2022,Delivered
PO-2022-01439,2/19/2022,SUP055,P00515,605,20.11,12163.73,4/5/2022,4/14/2022,Delivered
PO-2022-01440,4/28/2023,SUP044,P01917,1774,26.29,46633.73,6/16/2023,6/25/2023,Delivered
PO-2022-01441,7/23/2023,SUP139,P00294,2792,48.07,134208.08,8/21/2023,8/23/2023,Delivered
PO-2022-01442,12/18/2023,SUP128,P00765,184,22.41,4123.62,1/7/2024,1/9/2024,Delivered
PO-2022-01443,8/15/2022,SUP033,P01308,4304,42.72,183848.82,8/31/2022,9/8/2022,Delivered
PO-2022-01444,9/7/2023,SUP125,P01868,126,41.53,5233,10/12/2023,10/19/2023,Delivered
PO-2022-01445,8/12/2022,SUP023,P01411,566,34.72,19649.53,9/20/2022,9/25/2022,Delivered
PO-2022-01446,9/10/2023,SUP013,P01730,4653,2.62,12195.55,10/14/2023,,Pending
PO-2022-01447,6/29/2022,SUP068,P00538,2169,37.61,81575.67,8/2/2022,8/1/2022,Delivered
PO-2022-01448,2/12/2023,SUP018,P01440,3376,40.19,135682.31,3/10/2023,3/16/2023,Delivered
PO-2022-01449,9/29/2023,SUP014,P00715,3250,40.71,132302.66,11/27/2023,11/30/2023,Delivered
PO-2022-01450,1/22/2023,SUP018,P00300,820,10.25,8405.38,2/17/2023,,Shipped
PO-2022-01451,2/25/2023,SUP026,P01766,637,6,3824.39,4/21/2023,4/18/2023,Delivered
PO-2022-01452,6/24/2023,SUP145,P01837,4153,13.7,56908.7,8/12/2023,8/10/2023,Delivered
PO-2022-01453,1/5/2022,SUP059,P00243,1786,44.63,79711.49,1/24/2022,,Pending
PO-2022-01454,3/1/2023,SUP087,P00695,453,14.14,6404.88,3/26/2023,3/24/2023,Delivered
PO-2022-01455,6/13/2023,SUP035,P01692,4672,13.45,62815.7,8/7/2023,8/14/2023,Delivered
PO-2022-01456,9/30/2023,SUP051,P00358,1399,16.43,22990.7,10/29/2023,11/7/2023,Delivered
PO-2022-01457,12/13/2023,SUP058,P00439,3633,50.47,183349.74,12/23/2023,12/22/2023,Delivered
PO-2022-01458,5/23/2022,SUP107,P00353,1588,20.26,32180.66,6/1/2022,6/8/2022,Delivered
PO-2022-01459,1/29/2023,SUP020,P01777,1181,1.28,1513.38,2/16/2023,2/24/2023,Delivered
PO-2022-01460,4/6/2023,SUP059,P01012,913,11.25,10269.99,4/25/2023,4/22/2023,Delivered
PO-2022-01461,7/27/2023,SUP072,P01717,3075,40.97,125968.73,9/3/2023,9/2/2023,Delivered
PO-2022-01462,12/9/2022,SUP068,P00471,596,47.65,28398.32,1/12/2023,1/21/2023,Delivered
PO-2022-01463,6/24/2023,SUP014,P01707,4225,37.16,157021.85,8/22/2023,8/25/2023,Delivered
PO-2022-01464,12/21/2023,SUP059,P01599,1728,13.49,23312.5,1/9/2024,1/16/2024,Delivered
PO-2022-01465,9/12/2023,SUP053,P00077,2876,40.53,116571.11,10/22/2023,10/20/2023,Delivered
PO-2022-01466,9/25/2022,SUP095,P00765,4780,22.44,107243.44,10/12/2022,,Cancelled
PO-2022-01467,1/19/2023,SUP125,P00803,4625,34.1,157695.32,2/23/2023,2/27/2023,Delivered
PO-2022-01468,8/12/2023,SUP033,P00372,3075,38.9,119629.04,8/28/2023,8/31/2023,Delivered
PO-2022-01469,9/24/2022,SUP029,P01456,2287,7.09,16225.2,10/21/2022,10/16/2022,Delivered
PO-2022-01470,9/18/2022,SUP120,P01944,3121,4.5,14041.5,10/13/2022,10/13/2022,Delivered
PO-2022-01471,7/22/2022,SUP136,P01959,2078,11.53,23956.72,8/3/2022,,Pending
PO-2022-01472,9/15/2023,SUP060,P01161,3816,6.43,24553.35,10/26/2023,,Pending
PO-2022-01473,4/13/2022,SUP114,P01599,2904,13.2,38321.51,6/6/2022,6/11/2022,Delivered
PO-2022-01474,12/23/2023,SUP070,P00225,3494,41.45,144830.18,1/26/2024,1/26/2024,Delivered
PO-2022-01475,2/6/2022,SUP100,P00075,2903,30.92,89752.62,2/16/2022,2/16/2022,Delivered
PO-2022-01476,9/19/2023,SUP084,P00673,3696,3.74,13813.44,10/11/2023,,Pending
PO-2022-01477,1/14/2023,SUP122,P00664,1149,20.89,24000.01,2/4/2023,2/3/2023,Delivered
PO-2022-01478,9/2/2023,SUP098,P00476,2146,10.29,22091.42,9/27/2023,10/1/2023,Delivered
PO-2022-01479,7/14/2022,SUP024,P00698,184,14.82,2725.98,8/30/2022,,Shipped
PO-2022-01480,3/9/2023,SUP130,P00341,2321,14.58,33848.11,3/29/2023,3/25/2023,Delivered
PO-2022-01481,2/2/2023,SUP081,P00225,1900,42.6,80948.93,3/24/2023,,Cancelled
PO-2022-01482,3/14/2023,SUP018,P01304,322,15.37,4948.25,4/9/2023,4/16/2023,Delivered
PO-2022-01483,12/8/2022,SUP112,P01066,1376,40.58,55841.41,1/11/2023,1/16/2023,Delivered
PO-2022-01484,6/1/2022,SUP135,P00211,2096,23.44,49131.8,7/11/2022,7/9/2022,Delivered
PO-2022-01485,2/26/2022,SUP082,P01278,3834,38.31,146874.37,4/21/2022,4/25/2022,Delivered
PO-2022-01486,5/26/2022,SUP078,P01057,895,14.43,12919.24,7/11/2022,7/20/2022,Delivered
PO-2022-01487,12/8/2022,SUP055,P00364,3958,16.95,67093.64,1/22/2023,1/21/2023,Delivered
PO-2022-01488,11/17/2022,SUP029,P00138,4550,33.72,153446.4,12/14/2022,12/11/2022,Delivered
PO-2022-01489,12/21/2023,SUP066,P00771,488,45.84,22370.67,1/27/2024,1/24/2024,Delivered
PO-2022-01490,11/8/2023,SUP091,P00436,1573,36.82,57924.68,12/16/2023,12/15/2023,Delivered
PO-2022-01491,4/24/2022,SUP006,P01927,2319,37.9,87898.55,6/5/2022,6/12/2022,Delivered
PO-2022-01492,12/24/2023,SUP027,P00831,3367,3.49,11759.27,2/10/2024,2/7/2024,Delivered
PO-2022-01493,2/22/2023,SUP031,P00585,2769,17.03,47169.77,4/17/2023,4/13/2023,Delivered
PO-2022-01494,10/21/2022,SUP128,P00534,3586,38.45,137896.5,11/10/2022,11/14/2022,Delivered
PO-2022-01495,1/17/2023,SUP102,P00940,3675,11.68,42914.88,3/5/2023,2/28/2023,Delivered
PO-2022-01496,11/2/2022,SUP088,P00732,2601,30.85,80248.82,12/23/2022,1/1/2023,Delivered
PO-2022-01497,11/28/2023,SUP112,P01204,1990,29.52,58744.63,1/1/2024,12/31/2023,Delivered
PO-2022-01498,7/27/2023,SUP106,P00148,4765,46.5,221588.79,8/6/2023,8/3/2023,Delivered
PO-2022-01499,10/30/2022,SUP053,P01623,1163,19.03,22130.89,12/9/2022,12/11/2022,Delivered
PO-2022-01500,7/23/2022,SUP103,P01303,3314,27.35,90640.18,9/18/2022,9/17/2022,Delivered
PO-2022-01501,6/17/2022,SUP023,P01999,4241,39.74,168516.32,7/26/2022,7/25/2022,Delivered
PO-2022-01502,5/28/2022,SUP023,P01114,332,38.71,12852.72,7/6/2022,7/4/2022,Delivered
PO-2022-01503,9/20/2023,SUP148,P01238,550,51.77,28471.86,10/8/2023,10/7/2023,Delivered
PO-2022-01504,8/6/2023,SUP042,P00728,4834,43.14,208559.44,9/9/2023,,Cancelled
PO-2022-01505,3/20/2023,SUP031,P00412,913,31.86,29090.51,5/13/2023,,Cancelled
PO-2022-01506,7/4/2023,SUP125,P01774,2037,23,46847.96,8/8/2023,,Pending
PO-2022-01507,5/4/2023,SUP114,P01764,2801,1.49,4162.85,6/27/2023,6/28/2023,Delivered
PO-2022-01508,6/12/2023,SUP071,P01061,2646,35.89,94961.24,7/5/2023,7/8/2023,Delivered
PO-2022-01509,2/6/2023,SUP097,P00952,4413,26.22,115715.45,3/11/2023,,Shipped
PO-2022-01510,10/15/2022,SUP095,P01003,2305,31.35,72269.92,11/1/2022,11/7/2022,Delivered
PO-2022-01511,4/4/2023,SUP073,P00691,1936,51.82,100315.66,4/25/2023,5/2/2023,Delivered
PO-2022-01512,12/19/2023,SUP121,P01814,3063,5.21,15960.1,1/5/2024,1/13/2024,Delivered
PO-2022-01513,4/20/2023,SUP033,P01371,2640,7.41,19554.15,5/6/2023,5/4/2023,Delivered
PO-2022-01514,9/10/2022,SUP126,P00939,129,31.03,4002.68,10/14/2022,10/15/2022,Delivered
PO-2022-01515,12/8/2022,SUP046,P01311,2068,13.51,27938.56,1/13/2023,1/11/2023,Delivered
PO-2022-01516,8/9/2022,SUP136,P01772,1443,14.95,21575.17,8/21/2022,,Cancelled
PO-2022-01517,7/19/2022,SUP027,P00934,957,27.91,26706.79,9/5/2022,9/13/2022,Delivered
PO-2022-01518,1/20/2022,SUP042,P02000,1480,13.15,19460.03,2/23/2022,3/2/2022,Delivered
PO-2022-01519,12/21/2022,SUP121,P01061,1433,34.66,49666.25,1/7/2023,1/5/2023,Delivered
PO-2022-01520,5/25/2023,SUP012,P01112,1846,25.14,46399.27,7/11/2023,7/17/2023,Delivered
PO-2022-01521,3/2/2022,SUP074,P01250,4096,14.36,58814.09,4/17/2022,4/26/2022,Delivered
PO-2022-01522,5/6/2023,SUP018,P01837,2181,12.64,27571.94,6/1/2023,6/2/2023,Delivered
PO-2022-01523,12/19/2023,SUP129,P01706,3929,34.32,134835.43,12/29/2023,1/4/2024,Delivered
PO-2022-01524,2/3/2023,SUP057,P01677,1746,3.46,6040.95,3/21/2023,3/23/2023,Delivered
PO-2022-01525,8/26/2023,SUP029,P00669,4779,22.25,106331.19,9/22/2023,,Pending
PO-2022-01526,1/18/2023,SUP121,P01135,3847,4.49,17281.13,2/4/2023,2/8/2023,Delivered
PO-2022-01527,7/2/2023,SUP027,P00546,374,31.89,11927.27,8/19/2023,8/24/2023,Delivered
PO-2022-01528,5/9/2022,SUP067,P01347,1970,42.46,83650.96,7/2/2022,7/8/2022,Delivered
PO-2022-01529,12/9/2023,SUP095,P01533,1628,32.97,53667.14,12/26/2023,1/3/2024,Delivered
PO-2022-01530,7/10/2022,SUP068,P01029,1160,45.85,53187.94,8/13/2022,8/15/2022,Delivered
PO-2022-01531,5/19/2022,SUP113,P01123,2827,12.35,34922.89,6/22/2022,,Shipped
PO-2022-01532,11/23/2022,SUP101,P00379,2378,43.71,103945.36,12/27/2022,12/22/2022,Delivered
PO-2022-01533,3/27/2023,SUP007,P00491,1992,23.88,47573.96,5/8/2023,5/3/2023,Delivered
PO-2022-01534,9/18/2022,SUP014,P00810,1000,33.59,33586.62,11/16/2022,,Cancelled
PO-2022-01535,8/7/2022,SUP061,P01224,2007,32.06,64352.12,9/28/2022,9/24/2022,Delivered
PO-2022-01536,11/1/2022,SUP034,P01776,1368,1.82,2494.18,12/6/2022,12/4/2022,Delivered
PO-2022-01537,5/26/2023,SUP003,P01404,837,31.55,26408.3,7/1/2023,7/1/2023,Delivered
PO-2022-01538,6/14/2023,SUP038,P01848,4518,23.3,105289.01,8/3/2023,7/31/2023,Delivered
PO-2022-01539,12/22/2023,SUP118,P01703,344,27.23,9366.71,2/11/2024,2/17/2024,Delivered
PO-2022-01540,5/13/2022,SUP098,P00049,1187,6.99,8299.23,6/7/2022,6/4/2022,Delivered
PO-2022-01541,8/1/2022,SUP005,P00119,3003,48.54,145777.99,9/14/2022,,Shipped
PO-2022-01542,11/2/2022,SUP065,P01537,1806,10.3,18601.57,12/3/2022,,Pending
PO-2022-01543,1/16/2022,SUP094,P00346,3710,21.08,78221.36,2/7/2022,,Pending
PO-2022-01544,2/20/2023,SUP147,P00267,3144,10.48,32940.04,4/16/2023,4/21/2023,Delivered
PO-2022-01545,7/14/2023,SUP101,P01746,2223,31.08,69094.32,8/17/2023,8/17/2023,Delivered
PO-2022-01546,8/15/2023,SUP094,P00715,1305,42.21,55086.74,9/6/2023,9/8/2023,Delivered
PO-2022-01547,2/3/2023,SUP086,P00714,4487,16.78,75294.26,3/10/2023,3/11/2023,Delivered
PO-2022-01548,4/22/2023,SUP024,P01355,3407,20.27,69073.64,6/8/2023,6/16/2023,Delivered
PO-2022-01549,6/14/2023,SUP042,P00101,1413,49.29,69647.45,7/18/2023,7/26/2023,Delivered
PO-2022-01550,8/2/2023,SUP048,P01659,889,36.17,32157.2,9/13/2023,9/17/2023,Delivered
PO-2022-01551,10/31/2023,SUP044,P01384,602,17.79,10708.33,12/19/2023,,Pending
PO-2022-01552,4/30/2022,SUP019,P01382,1509,34.52,52083.56,6/16/2022,6/16/2022,Delivered
PO-2022-01553,11/15/2022,SUP005,P01305,1452,6.87,9982.16,12/29/2022,,Shipped
PO-2022-01554,7/1/2023,SUP062,P00128,631,15.34,9681.54,8/3/2023,8/4/2023,Delivered
PO-2022-01555,7/10/2022,SUP081,P01960,4808,6.93,33342.22,8/29/2022,9/7/2022,Delivered
PO-2022-01556,10/6/2022,SUP063,P00649,205,27.37,5611.39,11/1/2022,11/1/2022,Delivered
PO-2022-01557,6/28/2023,SUP002,P00635,184,18.38,3382.73,7/22/2023,7/30/2023,Delivered
PO-2022-01558,2/6/2022,SUP030,P01688,4265,40.54,172900.85,3/27/2022,4/3/2022,Delivered
PO-2022-01559,3/15/2022,SUP031,P00571,248,10.74,2663.02,5/8/2022,5/16/2022,Delivered
PO-2022-01560,1/23/2023,SUP136,P00774,3755,42.78,160621.44,2/4/2023,2/11/2023,Delivered
PO-2022-01561,11/17/2022,SUP135,P01107,3605,26.47,95438.67,12/27/2022,1/2/2023,Delivered
PO-2022-01562,8/5/2023,SUP078,P00255,2790,40.49,112957.59,9/20/2023,9/26/2023,Delivered
PO-2022-01563,11/30/2023,SUP035,P00715,1139,41.77,47581.71,1/24/2024,1/21/2024,Delivered
PO-2022-01564,7/27/2023,SUP111,P01341,806,45.3,36514.51,9/17/2023,9/16/2023,Delivered
PO-2022-01565,5/12/2022,SUP110,P01259,2907,1.04,3030.78,7/4/2022,,Pending
PO-2022-01566,6/6/2022,SUP082,P00435,1301,3.3,4291.85,7/30/2022,8/1/2022,Delivered
PO-2022-01567,5/7/2022,SUP130,P01369,4420,13.72,60658.88,5/27/2022,5/22/2022,Delivered
PO-2022-01568,11/7/2022,SUP147,P00475,4412,9.63,42499.03,1/1/2023,1/8/2023,Delivered
PO-2022-01569,8/13/2023,SUP092,P01353,3106,27.03,83955.73,9/2/2023,9/6/2023,Delivered
PO-2022-01570,1/8/2023,SUP147,P01203,1555,42.02,65347.02,3/4/2023,3/3/2023,Delivered
PO-2022-01571,7/20/2023,SUP086,P01807,4078,17.39,70898.43,8/24/2023,8/27/2023,Delivered
PO-2022-01572,10/30/2022,SUP126,P01918,3912,38.35,150015,12/3/2022,11/29/2022,Delivered
PO-2022-01573,1/16/2022,SUP142,P00193,2870,25.66,73636.71,2/1/2022,2/2/2022,Delivered
PO-2022-01574,6/20/2023,SUP025,P00343,357,19.74,7047.31,7/17/2023,7/20/2023,Delivered
PO-2022-01575,1/31/2023,SUP131,P01915,1022,18.84,19254.62,3/16/2023,3/21/2023,Delivered
PO-2022-01576,6/17/2023,SUP056,P00190,304,35.63,10830.84,7/10/2023,7/15/2023,Delivered
PO-2022-01577,10/2/2023,SUP025,P00713,3556,18.76,66718.27,10/29/2023,11/1/2023,Delivered
PO-2022-01578,10/1/2022,SUP042,P01475,4726,30.02,141851.84,11/4/2022,,Cancelled
PO-2022-01579,10/31/2022,SUP048,P00093,2778,13.87,38522.77,12/12/2022,12/19/2022,Delivered
PO-2022-01580,11/24/2022,SUP014,P00730,4449,35.4,157499.55,1/22/2023,1/24/2023,Delivered
PO-2022-01581,5/29/2023,SUP126,P01573,1493,31.56,47112.13,7/2/2023,,Pending
PO-2022-01582,2/26/2022,SUP077,P01972,4751,28.21,134035.15,4/16/2022,4/24/2022,Delivered
PO-2022-01583,3/26/2022,SUP073,P00309,4479,11.18,50090.64,4/16/2022,4/15/2022,Delivered
PO-2022-01584,5/14/2022,SUP109,P00649,1616,28.72,46415.37,7/4/2022,7/4/2022,Delivered
PO-2022-01585,11/2/2022,SUP067,P01933,218,11.44,2493.27,12/26/2022,12/29/2022,Delivered
PO-2022-01586,6/8/2022,SUP071,P01871,3360,4.86,16317.21,7/1/2022,7/5/2022,Delivered
PO-2022-01587,1/29/2023,SUP023,P01699,3765,33.13,124729.72,3/9/2023,3/5/2023,Delivered
PO-2022-01588,8/12/2022,SUP026,P00980,1499,44.58,66823.57,10/6/2022,10/12/2022,Delivered
PO-2022-01589,11/28/2023,SUP038,P00553,829,42.96,35610.83,1/17/2024,1/13/2024,Delivered
PO-2022-01590,7/19/2023,SUP134,P00175,2651,18.48,49002.94,9/8/2023,9/14/2023,Delivered
PO-2022-01591,7/25/2023,SUP113,P01971,1760,42.03,73966.53,8/28/2023,8/31/2023,Delivered
PO-2022-01592,4/22/2023,SUP066,P01309,3635,20.46,74384.05,5/29/2023,5/29/2023,Delivered
PO-2022-01593,3/5/2023,SUP117,P00181,4929,11.6,57187.97,4/3/2023,4/6/2023,Delivered
PO-2022-01594,3/17/2022,SUP121,P00262,330,48.11,15877.31,4/3/2022,4/9/2022,Delivered
PO-2022-01595,1/23/2023,SUP010,P01349,941,37.67,35443.01,3/13/2023,3/11/2023,Delivered
PO-2022-01596,3/18/2023,SUP041,P00583,3634,16.05,58315.04,4/17/2023,4/14/2023,Delivered
PO-2022-01597,6/7/2023,SUP011,P01213,4060,10.33,41925.56,6/15/2023,6/14/2023,Delivered
PO-2022-01598,7/21/2022,SUP013,P00948,1464,21.82,31947.36,8/24/2022,,Pending
PO-2022-01599,7/1/2022,SUP046,P01840,1430,28.45,40689.58,8/6/2022,8/12/2022,Delivered
PO-2022-01600,2/15/2022,SUP107,P01318,1363,34.13,46520.04,2/24/2022,3/2/2022,Delivered
PO-2022-01601,10/4/2023,SUP100,P00845,3142,30.42,95587.05,10/14/2023,10/17/2023,Delivered
PO-2022-01602,9/20/2023,SUP102,P01185,2320,3.58,8312.66,11/6/2023,11/15/2023,Delivered
PO-2022-01603,2/26/2022,SUP114,P01359,233,11.29,2631.11,4/21/2022,4/20/2022,Delivered
PO-2022-01604,5/7/2022,SUP004,P01850,4413,17.74,78276.95,6/8/2022,6/10/2022,Delivered
PO-2022-01605,10/17/2023,SUP004,P01242,1943,25.05,48677.27,11/18/2023,11/15/2023,Delivered
PO-2022-01606,7/1/2022,SUP100,P01653,4667,40.81,190479.36,7/11/2022,7/18/2022,Delivered
PO-2022-01607,2/11/2023,SUP092,P00319,2340,39.23,91804.23,3/3/2023,3/4/2023,Delivered
PO-2022-01608,10/27/2022,SUP109,P01581,4960,30.8,152747.12,12/17/2022,,Cancelled
PO-2022-01609,3/6/2022,SUP061,P01976,4661,36.78,171416.43,4/27/2022,5/1/2022,Delivered
PO-2022-01610,10/17/2023,SUP021,P00522,883,17.25,15229.58,10/29/2023,,Cancelled
PO-2022-01611,5/28/2022,SUP010,P01896,4845,9.19,44543.5,7/16/2022,7/23/2022,Delivered
PO-2022-01612,2/3/2023,SUP033,P01840,1603,29.9,47923.82,2/19/2023,2/23/2023,Delivered
PO-2022-01613,10/27/2022,SUP144,P01397,123,16.34,2010.09,12/2/2022,12/2/2022,Delivered
PO-2022-01614,6/10/2022,SUP092,P00878,1371,37.85,51887.03,6/30/2022,7/9/2022,Delivered
PO-2022-01615,5/24/2023,SUP149,P01244,1699,22.7,38560.91,6/14/2023,6/17/2023,Delivered
PO-2022-01616,2/7/2022,SUP061,P01666,3901,20.27,79078.32,3/31/2022,3/27/2022,Delivered
PO-2022-01617,9/9/2023,SUP134,P00848,1308,1.45,1893.4,10/30/2023,10/28/2023,Delivered
PO-2022-01618,7/22/2022,SUP098,P00101,3617,48.04,173769.18,8/16/2022,8/18/2022,Delivered
PO-2022-01619,7/15/2023,SUP120,P01263,4922,26.85,132167.1,8/9/2023,8/11/2023,Delivered
PO-2022-01620,4/12/2023,SUP067,P01101,915,35.47,32456.48,6/5/2023,6/8/2023,Delivered
PO-2022-01621,10/31/2023,SUP137,P00407,2434,13.39,32588.91,11/17/2023,11/23/2023,Delivered
PO-2022-01622,1/9/2022,SUP141,P01101,2885,36.72,105928.24,3/7/2022,3/11/2022,Delivered
PO-2022-01623,5/13/2023,SUP125,P00622,453,40.61,18395.34,6/17/2023,6/19/2023,Delivered
PO-2022-01624,11/4/2022,SUP062,P00037,999,4.56,4560.42,12/7/2022,12/10/2022,Delivered
PO-2022-01625,4/23/2023,SUP041,P00716,3397,32.35,109882.53,5/23/2023,5/30/2023,Delivered
PO-2022-01626,7/31/2022,SUP082,P00754,3850,37.74,145285.63,9/23/2022,9/21/2022,Delivered
PO-2022-01627,7/31/2022,SUP012,P00834,3952,35.71,141126.98,9/16/2022,9/18/2022,Delivered
PO-2022-01628,11/25/2023,SUP060,P00246,4147,10.91,45227.53,1/5/2024,1/3/2024,Delivered
PO-2022-01629,10/27/2022,SUP142,P01460,3021,28.89,87286.61,11/12/2022,11/18/2022,Delivered
PO-2022-01630,6/30/2022,SUP123,P01922,4889,18.31,89522.65,7/15/2022,7/19/2022,Delivered
PO-2022-01631,6/12/2022,SUP053,P00456,204,51.53,10512.37,7/22/2022,7/27/2022,Delivered
PO-2022-01632,6/25/2023,SUP054,P00879,1374,9.56,13142.02,8/12/2023,8/8/2023,Delivered
PO-2022-01633,11/16/2022,SUP099,P00780,1647,14.56,23981.5,12/12/2022,12/12/2022,Delivered
PO-2022-01634,8/20/2023,SUP081,P00763,835,41.09,34307.45,10/9/2023,10/6/2023,Delivered
PO-2022-01635,9/25/2023,SUP048,P01682,1176,36.23,42605.66,11/6/2023,11/2/2023,Delivered
PO-2022-01636,7/3/2023,SUP104,P00049,995,6.52,6488.51,8/3/2023,8/7/2023,Delivered
PO-2022-01637,7/7/2023,SUP002,P00211,3373,24.28,81889.96,7/31/2023,7/28/2023,Delivered
PO-2022-01638,10/9/2022,SUP061,P00755,3222,15.67,50494.09,11/30/2022,12/4/2022,Delivered
PO-2022-01639,4/30/2022,SUP053,P01267,4506,38.63,174089.02,6/9/2022,6/11/2022,Delivered
PO-2022-01640,2/17/2022,SUP130,P01592,107,20.71,2215.96,3/9/2022,3/11/2022,Delivered
PO-2022-01641,7/20/2023,SUP019,P00941,1000,39.61,39613.23,9/5/2023,9/1/2023,Delivered
PO-2022-01642,6/16/2023,SUP090,P01045,132,9.06,1196.55,7/3/2023,7/7/2023,Delivered
PO-2022-01643,12/30/2022,SUP096,P01116,4740,31.12,147525.51,1/13/2023,1/8/2023,Delivered
PO-2022-01644,1/27/2022,SUP056,P01458,4303,18.34,78904.72,2/19/2022,2/16/2022,Delivered
PO-2022-01645,6/15/2023,SUP027,P01128,1455,3.28,4771.28,8/2/2023,,Pending
PO-2022-01646,12/14/2022,SUP133,P01780,4238,12.24,51860.02,1/12/2023,1/11/2023,Delivered
PO-2022-01647,7/3/2022,SUP029,P00895,4728,28.09,132804.16,7/30/2022,7/31/2022,Delivered
PO-2022-01648,4/22/2023,SUP076,P01867,2048,26.42,54106.08,5/18/2023,5/16/2023,Delivered
PO-2022-01649,10/16/2023,SUP046,P00106,4781,36.08,172514.19,11/21/2023,11/26/2023,Delivered
PO-2022-01650,1/11/2022,SUP126,P00321,559,9.29,5191.17,2/14/2022,,Pending
PO-2022-01651,6/9/2022,SUP011,P01660,3106,42.96,133438.58,6/17/2022,6/21/2022,Delivered
PO-2022-01652,11/23/2022,SUP104,P00529,4015,38.84,155948.69,12/24/2022,,Shipped
PO-2022-01653,11/30/2022,SUP003,P01267,2497,41.31,103146.5,1/5/2023,,Shipped
PO-2022-01654,10/28/2023,SUP083,P01951,2903,27.45,79698.88,12/2/2023,12/6/2023,Delivered
PO-2022-01655,3/28/2023,SUP119,P00826,3761,3.71,13956.65,4/28/2023,4/30/2023,Delivered
PO-2022-01656,4/20/2022,SUP059,P01963,3461,6.69,23160.03,5/9/2022,,Shipped
PO-2022-01657,12/4/2022,SUP021,P00556,2139,45,96262.29,12/16/2022,12/11/2022,Delivered
PO-2022-01658,6/12/2022,SUP043,P00665,2507,7.37,18477.11,7/19/2022,7/14/2022,Delivered
PO-2022-01659,7/19/2022,SUP105,P01128,1004,3.08,3095.11,9/16/2022,9/15/2022,Delivered
PO-2022-01660,4/16/2022,SUP115,P01045,2121,10.45,22163.02,5/26/2022,5/27/2022,Delivered
PO-2022-01661,9/12/2023,SUP010,P00961,3591,31.95,114736.96,10/31/2023,10/27/2023,Delivered
PO-2022-01662,6/2/2022,SUP023,P01618,534,2.27,1212.55,7/11/2022,7/14/2022,Delivered
PO-2022-01663,5/19/2022,SUP025,P01441,4543,21.41,97272.96,6/15/2022,6/21/2022,Delivered
PO-2022-01664,7/17/2022,SUP132,P01949,480,25.83,12397.72,7/25/2022,7/25/2022,Delivered
PO-2022-01665,7/11/2022,SUP129,P00525,3207,23.43,75126.32,7/21/2022,7/27/2022,Delivered
PO-2022-01666,11/9/2022,SUP062,P01131,1776,37.03,65763.31,12/12/2022,,Pending
PO-2022-01667,1/25/2022,SUP088,P01061,1142,32.26,36837.44,3/17/2022,3/25/2022,Delivered
PO-2022-01668,6/2/2023,SUP138,P00199,1691,27.29,46153.62,7/19/2023,7/22/2023,Delivered
PO-2022-01669,5/16/2023,SUP098,P00294,1021,44.59,45523.53,6/10/2023,6/12/2023,Delivered
PO-2022-01670,1/2/2023,SUP023,P00316,4953,44.56,220691.53,2/10/2023,,Cancelled
PO-2022-01671,9/1/2023,SUP087,P01041,4747,50.77,241028.26,9/26/2023,9/22/2023,Delivered
PO-2022-01672,1/10/2022,SUP110,P01886,487,34.52,16809.88,3/4/2022,3/12/2022,Delivered
PO-2022-01673,4/19/2023,SUP111,P01826,4987,48.6,242391.12,6/10/2023,6/17/2023,Delivered
PO-2022-01674,3/25/2023,SUP141,P01564,2742,51.48,141156.24,5/21/2023,5/26/2023,Delivered
PO-2022-01675,1/5/2023,SUP113,P00773,1715,34.5,59170.96,2/8/2023,2/13/2023,Delivered
PO-2022-01676,7/1/2023,SUP003,P00260,3306,27.21,89941.15,8/6/2023,8/15/2023,Delivered
PO-2022-01677,2/28/2022,SUP081,P01263,2276,25.75,58597.76,4/19/2022,4/23/2022,Delivered
PO-2022-01678,3/31/2023,SUP110,P00899,3180,4.5,14308.56,5/23/2023,5/30/2023,Delivered
PO-2022-01679,11/11/2023,SUP122,P01598,417,41.6,17345.15,12/2/2023,12/3/2023,Delivered
PO-2022-01680,12/17/2023,SUP069,P01357,3412,46.5,158656.5,1/28/2024,1/31/2024,Delivered
PO-2022-01681,7/21/2022,SUP100,P01673,1156,14.38,16622.91,7/31/2022,,Cancelled
PO-2022-01682,12/21/2023,SUP063,P00944,3640,21.43,78014.23,1/16/2024,,Shipped
PO-2022-01683,7/25/2023,SUP131,P00632,2956,26.53,78416.1,9/7/2023,9/9/2023,Delivered
PO-2022-01684,2/9/2022,SUP109,P01214,2893,1.15,3324.94,4/1/2022,,Pending
PO-2022-01685,2/17/2022,SUP055,P01583,3276,48.41,158589.03,4/3/2022,,Cancelled
PO-2022-01686,5/22/2023,SUP020,P01388,2897,5.35,15489.04,6/9/2023,6/16/2023,Delivered
PO-2022-01687,8/1/2023,SUP087,P00965,3364,18.69,62880.76,8/26/2023,8/27/2023,Delivered
PO-2022-01688,4/16/2022,SUP135,P00958,4374,32.6,142609.12,5/26/2022,6/1/2022,Delivered
PO-2022-01689,11/19/2022,SUP005,P01636,1823,49.41,90074.72,1/2/2023,1/10/2023,Delivered
PO-2022-01690,2/17/2023,SUP075,P01408,4041,30.36,122698.03,3/6/2023,3/2/2023,Delivered
PO-2022-01691,12/5/2023,SUP123,P01450,1352,26.23,35459.69,12/20/2023,12/21/2023,Delivered
PO-2022-01692,2/5/2022,SUP008,P00028,185,11.74,2171.46,3/1/2022,3/5/2022,Delivered
PO-2022-01693,1/5/2022,SUP053,P01890,2656,33.44,88814.56,2/14/2022,,Pending
PO-2022-01694,9/14/2022,SUP075,P01523,2344,6.41,15020.91,10/1/2022,9/27/2022,Delivered
PO-2022-01695,4/17/2022,SUP019,P00125,582,16.65,9690.15,6/3/2022,6/12/2022,Delivered
PO-2022-01696,10/11/2023,SUP034,P00901,327,36.24,11849.03,11/15/2023,11/13/2023,Delivered
PO-2022-01697,9/3/2022,SUP033,P00794,4372,8.72,38111.07,9/19/2022,,Pending
PO-2022-01698,11/9/2023,SUP042,P00491,1116,25.48,28438.66,12/13/2023,12/19/2023,Delivered
PO-2022-01699,4/21/2022,SUP096,P01343,2041,41.48,84655.34,5/5/2022,5/14/2022,Delivered
PO-2022-01700,2/8/2023,SUP108,P01219,2142,17.48,37451.39,3/9/2023,3/6/2023,Delivered
PO-2022-01701,8/8/2023,SUP128,P01206,3901,13.02,50781.21,8/28/2023,8/25/2023,Delivered
PO-2022-01702,5/7/2023,SUP087,P01562,4828,29.83,144041.05,6/1/2023,6/2/2023,Delivered
PO-2022-01703,12/15/2023,SUP135,P01572,2784,19.92,55467.46,1/24/2024,1/29/2024,Delivered
PO-2022-01704,11/24/2023,SUP126,P00227,990,38.25,37869.77,12/28/2023,12/30/2023,Delivered
PO-2022-01705,3/13/2023,SUP013,P01146,3422,36.23,123989.05,4/16/2023,4/16/2023,Delivered
PO-2022-01706,12/3/2022,SUP079,P01270,3762,12.71,47824.11,1/18/2023,1/25/2023,Delivered
PO-2022-01707,5/15/2023,SUP103,P00754,3184,39.08,124445.58,7/11/2023,7/12/2023,Delivered
PO-2022-01708,12/23/2022,SUP051,P00544,3421,19.34,66164.46,1/21/2023,1/29/2023,Delivered
PO-2022-01709,6/15/2022,SUP004,P01487,264,12.34,3258.56,7/17/2022,7/15/2022,Delivered
PO-2022-01710,11/10/2022,SUP008,P01987,3607,37.16,134034.47,12/4/2022,12/9/2022,Delivered
PO-2022-01711,6/26/2023,SUP108,P01603,1984,29.93,59373.68,7/25/2023,7/27/2023,Delivered
PO-2022-01712,7/30/2022,SUP058,P00575,3169,13.21,41860.17,8/9/2022,,Pending
PO-2022-01713,1/19/2022,SUP108,P01443,3777,28.01,105789.83,2/17/2022,2/24/2022,Delivered
PO-2022-01714,4/28/2022,SUP093,P01518,890,39.13,34823.31,6/14/2022,6/11/2022,Delivered
PO-2022-01715,5/17/2022,SUP085,P01253,3279,14.67,48115.35,7/9/2022,7/4/2022,Delivered
PO-2022-01716,9/24/2022,SUP113,P01619,1927,44.14,85058.35,10/28/2022,11/4/2022,Delivered
PO-2022-01717,12/14/2022,SUP056,P00143,2288,9.14,20906.61,1/6/2023,1/7/2023,Delivered
PO-2022-01718,8/17/2022,SUP126,P00688,929,45.76,42512.69,9/20/2022,9/16/2022,Delivered
PO-2022-01719,9/29/2022,SUP132,P01032,502,43.02,21598.31,10/7/2022,10/10/2022,Delivered
PO-2022-01720,6/21/2023,SUP060,P00247,2484,37.59,93374.83,8/1/2023,8/2/2023,Delivered
PO-2022-01721,8/27/2022,SUP051,P00304,1793,40.4,72435.47,9/25/2022,9/25/2022,Delivered
PO-2022-01722,8/26/2023,SUP140,P01434,3909,29.24,114282.24,10/13/2023,,Pending
PO-2022-01723,7/31/2022,SUP087,P01262,4839,2.26,10919.72,8/25/2022,8/23/2022,Delivered
PO-2022-01724,12/18/2022,SUP014,P00637,4008,45.98,184275.71,2/15/2023,2/22/2023,Delivered
PO-2022-01725,11/12/2023,SUP149,P00933,1923,42.6,81923.39,12/3/2023,12/12/2023,Delivered
PO-2022-01726,5/28/2022,SUP051,P01956,1576,6.03,9499.42,6/26/2022,7/5/2022,Delivered
PO-2022-01727,9/10/2023,SUP024,P01257,1757,47.56,83555.63,10/27/2023,10/31/2023,Delivered
PO-2022-01728,8/25/2022,SUP077,P00966,800,48.3,38640.98,10/13/2022,10/20/2022,Delivered
PO-2022-01729,11/28/2023,SUP003,P01765,4418,45.12,199325.05,1/3/2024,12/29/2023,Delivered
PO-2022-01730,2/3/2023,SUP005,P00430,622,44.57,27724.81,3/19/2023,,Shipped
PO-2022-01731,2/11/2022,SUP101,P00486,2664,42.63,113554.87,3/17/2022,3/14/2022,Delivered
PO-2022-01732,1/6/2023,SUP136,P00628,1784,19.57,34914.08,1/18/2023,1/25/2023,Delivered
PO-2022-01733,2/16/2022,SUP136,P01827,2874,37.91,108964.14,2/28/2022,3/8/2022,Delivered
PO-2022-01734,2/15/2022,SUP147,P00954,4218,2.77,11665.74,4/11/2022,,Pending
PO-2022-01735,11/5/2022,SUP055,P01915,1205,18.48,22268,12/20/2022,12/20/2022,Delivered
PO-2022-01736,7/22/2023,SUP106,P01213,4159,10.77,44783.18,8/1/2023,7/27/2023,Delivered
PO-2022-01737,1/29/2023,SUP030,P00127,3706,24.6,91172.27,3/19/2023,3/18/2023,Delivered
PO-2022-01738,9/18/2022,SUP093,P01764,4581,1.48,6785.66,11/4/2022,11/10/2022,Delivered
PO-2022-01739,7/2/2022,SUP029,P00358,2523,15.99,40347.79,7/29/2022,7/25/2022,Delivered
PO-2022-01740,6/22/2023,SUP016,P00082,3529,43.49,153471.8,7/14/2023,7/19/2023,Delivered
PO-2022-01741,4/7/2023,SUP033,P01933,1296,11.31,14653.65,4/23/2023,4/29/2023,Delivered
PO-2022-01742,5/2/2022,SUP068,P00403,782,29.84,23338.56,6/5/2022,5/31/2022,Delivered
PO-2022-01743,12/7/2023,SUP148,P01967,118,15.66,1847.93,12/25/2023,,Shipped
PO-2022-01744,7/10/2022,SUP107,P00699,394,37.03,14590.34,7/19/2022,7/15/2022,Delivered
PO-2022-01745,11/5/2022,SUP053,P01332,2271,9.94,22565.16,12/15/2022,12/24/2022,Delivered
PO-2022-01746,5/4/2023,SUP124,P00508,545,22.19,12091.56,6/3/2023,6/2/2023,Delivered
PO-2022-01747,3/18/2023,SUP144,P00272,2271,5.93,13458.45,4/23/2023,4/29/2023,Delivered
PO-2022-01748,10/24/2022,SUP128,P00787,4816,1.25,6012.42,11/13/2022,11/11/2022,Delivered
PO-2022-01749,9/23/2023,SUP102,P01673,4450,14.48,64446.01,11/9/2023,11/6/2023,Delivered
PO-2022-01750,2/4/2022,SUP042,P00602,3374,31.73,107054,3/10/2022,3/17/2022,Delivered
PO-2022-01751,4/21/2022,SUP013,P01312,2834,30.8,87294.22,5/25/2022,6/1/2022,Delivered
PO-2022-01752,11/15/2023,SUP042,P00285,4759,34.45,163936.6,12/19/2023,12/22/2023,Delivered
PO-2022-01753,8/7/2022,SUP118,P00766,3359,12.32,41399.61,9/27/2022,9/25/2022,Delivered
PO-2022-01754,3/12/2022,SUP058,P00568,4426,6.42,28434.96,3/22/2022,3/31/2022,Delivered
PO-2022-01755,7/13/2023,SUP103,P00874,852,27.67,23577.83,9/8/2023,,Pending
PO-2022-01756,10/17/2023,SUP065,P01815,4748,29.43,139739.38,11/17/2023,11/14/2023,Delivered
PO-2022-01757,5/28/2023,SUP082,P01502,842,41.27,34749.34,7/21/2023,7/23/2023,Delivered
PO-2022-01758,4/8/2023,SUP101,P01021,1475,11.26,16601.52,5/12/2023,5/10/2023,Delivered
PO-2022-01759,4/1/2022,SUP051,P01480,1054,7.96,8388.09,4/30/2022,5/4/2022,Delivered
PO-2022-01760,11/29/2023,SUP062,P01441,4770,24.28,115801.71,1/1/2024,1/8/2024,Delivered
PO-2022-01761,4/5/2023,SUP102,P00581,2261,35.08,79325.95,5/22/2023,5/21/2023,Delivered
PO-2022-01762,1/22/2023,SUP011,P00855,2630,11.86,31195.37,1/30/2023,,Pending
PO-2022-01763,9/27/2023,SUP004,P01212,2493,13.46,33557.36,10/29/2023,,Pending
PO-2022-01764,12/9/2022,SUP034,P00819,1159,37.62,43604.13,1/13/2023,1/22/2023,Delivered
PO-2022-01765,11/30/2022,SUP044,P01486,4240,26.45,112137.41,1/18/2023,1/24/2023,Delivered
PO-2022-01766,12/12/2022,SUP063,P01590,1900,22.51,42762.81,1/7/2023,1/7/2023,Delivered
PO-2022-01767,8/2/2022,SUP042,P00497,204,18.02,3676.59,9/5/2022,9/1/2022,Delivered
PO-2022-01768,11/24/2023,SUP082,P00801,1589,45.47,72250.26,1/17/2024,1/25/2024,Delivered
PO-2022-01769,4/13/2022,SUP023,P01969,4787,39.75,190272.31,5/22/2022,5/21/2022,Delivered
PO-2022-01770,1/14/2022,SUP115,P01415,2825,24.84,70162.23,2/23/2022,2/18/2022,Delivered
PO-2022-01771,2/4/2022,SUP109,P00188,1347,5.48,7381.79,3/27/2022,3/29/2022,Delivered
PO-2022-01772,5/9/2023,SUP102,P00311,2668,14.89,39735.92,6/25/2023,6/30/2023,Delivered
PO-2022-01773,1/31/2022,SUP066,P01256,1097,5.49,6020.01,3/9/2022,3/18/2022,Delivered
PO-2022-01774,10/25/2022,SUP025,P01389,676,2.42,1635.12,11/21/2022,11/27/2022,Delivered
PO-2022-01775,8/17/2022,SUP012,P01855,3930,23.7,93151.97,10/3/2022,10/7/2022,Delivered
PO-2022-01776,6/16/2023,SUP100,P00562,189,11.77,2224.3,6/26/2023,6/30/2023,Delivered
PO-2022-01777,9/26/2022,SUP017,P01353,3881,29.41,114155.27,10/5/2022,10/9/2022,Delivered
PO-2022-01778,2/5/2022,SUP059,P01675,875,37.42,32739.53,2/24/2022,3/4/2022,Delivered
PO-2022-01779,8/13/2022,SUP139,P00064,1887,22.36,42192.22,9/11/2022,9/20/2022,Delivered
PO-2022-01780,11/16/2022,SUP108,P00093,2842,12.1,34375.74,12/15/2022,,Shipped
PO-2022-01781,1/24/2023,SUP106,P01817,2581,13.49,34809.4,2/3/2023,,Pending
PO-2022-01782,12/4/2022,SUP139,P00884,4687,23.35,109453.42,1/2/2023,,Cancelled
PO-2022-01783,4/29/2022,SUP007,P01495,1451,49.44,71741.83,6/10/2022,6/16/2022,Delivered
PO-2022-01784,12/16/2023,SUP137,P00350,3303,36.63,120977.02,1/2/2024,12/30/2023,Delivered
PO-2022-01785,4/21/2023,SUP075,P00825,2005,51.74,103742.96,5/8/2023,5/6/2023,Delivered
PO-2022-01786,7/15/2023,SUP033,P00456,4120,50.82,209372.8,7/31/2023,8/3/2023,Delivered
PO-2022-01787,6/5/2022,SUP023,P01544,2156,16.64,35878.24,7/14/2022,7/23/2022,Delivered
PO-2022-01788,5/16/2023,SUP125,P01092,1547,35.75,55312.07,6/20/2023,6/17/2023,Delivered
PO-2022-01789,5/31/2023,SUP006,P00329,893,36.87,32926.82,7/12/2023,7/12/2023,Delivered
PO-2022-01790,1/22/2023,SUP039,P01138,4766,38.87,185235.23,3/20/2023,3/25/2023,Delivered
PO-2022-01791,7/21/2022,SUP107,P01422,2063,42.32,87314.36,7/30/2022,7/27/2022,Delivered
PO-2022-01792,5/16/2023,SUP091,P01237,2846,36.8,104729.92,6/23/2023,6/20/2023,Delivered
PO-2022-01793,11/2/2023,SUP012,P00008,3796,40.93,155365.38,12/19/2023,12/26/2023,Delivered
PO-2022-01794,8/23/2022,SUP081,P01352,461,37.34,17212.02,10/12/2022,10/17/2022,Delivered
PO-2022-01795,10/18/2023,SUP047,P00736,1687,51.58,87014.47,11/11/2023,11/8/2023,Delivered
PO-2022-01796,4/5/2022,SUP145,P01282,3503,25.39,88927.71,5/24/2022,5/27/2022,Delivered
PO-2022-01797,7/22/2022,SUP094,P00593,4164,29.91,124566.04,8/13/2022,8/13/2022,Delivered
PO-2022-01798,12/8/2023,SUP047,P01479,1305,4.41,5755.31,1/1/2024,,Shipped
PO-2022-01799,9/29/2023,SUP030,P01339,4643,21.89,101629.84,11/17/2023,,Shipped
PO-2022-01800,4/2/2023,SUP133,P00839,2801,46.57,130447.85,5/1/2023,5/9/2023,Delivered
PO-2022-01801,9/7/2023,SUP098,P00705,1289,28.55,36805.6,10/2/2023,10/8/2023,Delivered
PO-2022-01802,3/14/2023,SUP058,P01702,2833,40.2,113875.08,3/24/2023,4/1/2023,Delivered
PO-2022-01803,2/21/2022,SUP024,P01263,4780,27.45,131232.99,4/9/2022,,Pending
PO-2022-01804,8/26/2022,SUP130,P01437,3945,9.99,39422.13,9/15/2022,9/14/2022,Delivered
PO-2022-01805,3/13/2022,SUP098,P01573,590,28.98,17098.39,4/7/2022,,Pending
PO-2022-01806,4/11/2023,SUP018,P00918,4346,35.5,154283.16,5/7/2023,5/8/2023,Delivered
PO-2022-01807,1/2/2023,SUP149,P00820,2386,33.81,80664.29,1/23/2023,1/31/2023,Delivered
PO-2022-01808,6/25/2023,SUP130,P00198,3827,45.46,173984.23,7/15/2023,7/20/2023,Delivered
PO-2022-01809,3/13/2023,SUP096,P00314,4214,29.72,125233.85,3/27/2023,3/28/2023,Delivered
PO-2022-01810,4/5/2023,SUP106,P00582,4824,8.5,41015.78,4/15/2023,4/12/2023,Delivered
PO-2022-01811,9/18/2023,SUP072,P01034,1218,19.73,24025.11,10/26/2023,,Pending
PO-2022-01812,11/17/2023,SUP052,P00635,2529,15.35,38809.95,1/14/2024,1/12/2024,Delivered
PO-2022-01813,5/16/2022,SUP056,P01632,3932,20.03,78775.41,6/8/2022,6/16/2022,Delivered
PO-2022-01814,2/12/2022,SUP103,P00027,2018,49.67,100234.2,4/10/2022,4/7/2022,Delivered
PO-2022-01815,10/8/2022,SUP128,P01176,3948,3.84,15145.34,10/28/2022,11/2/2022,Delivered
PO-2022-01816,6/13/2023,SUP102,P01988,1255,15.91,19966.91,7/30/2023,,Cancelled
PO-2022-01817,11/25/2022,SUP035,P00911,2485,31.42,78077.61,1/19/2023,1/14/2023,Delivered
PO-2022-01818,5/22/2023,SUP058,P00149,2050,16.8,34449.1,6/1/2023,,Shipped
PO-2022-01819,10/18/2023,SUP083,P01110,326,17.43,5680.96,11/22/2023,11/24/2023,Delivered
PO-2022-01820,1/28/2022,SUP130,P01514,2771,31.22,86499.9,2/17/2022,2/26/2022,Delivered
PO-2022-01821,8/15/2022,SUP109,P01274,4245,5.32,22593.36,10/5/2022,10/12/2022,Delivered
PO-2022-01822,10/15/2022,SUP086,P01015,3073,37.26,114489.88,11/19/2022,11/19/2022,Delivered
PO-2022-01823,11/20/2022,SUP029,P00191,2933,44.01,129080.75,12/17/2022,12/15/2022,Delivered
PO-2022-01824,3/10/2023,SUP070,P01477,3613,40.18,145161.03,4/13/2023,,Shipped
PO-2022-01825,5/6/2022,SUP010,P00007,1536,10.38,15941,6/24/2022,6/25/2022,Delivered
PO-2022-01826,3/19/2023,SUP065,P01320,4482,42.28,189499.82,4/19/2023,,Cancelled
PO-2022-01827,8/28/2022,SUP091,P01442,431,32.54,14025.55,10/5/2022,10/12/2022,Delivered
PO-2022-01828,7/10/2023,SUP039,P00876,2531,2.2,5575.23,9/5/2023,9/11/2023,Delivered
PO-2022-01829,2/2/2022,SUP102,P01020,4400,21.49,94538.82,3/21/2022,,Shipped
PO-2022-01830,9/1/2023,SUP043,P00173,4955,2.03,10075.65,10/8/2023,10/6/2023,Delivered
PO-2022-01831,9/7/2023,SUP024,P00005,2798,10.19,28498.29,10/24/2023,10/29/2023,Delivered
PO-2022-01832,10/19/2023,SUP090,P00667,4995,30.49,152275.82,11/5/2023,11/11/2023,Delivered
PO-2022-01833,2/28/2023,SUP098,P01678,4956,37.73,187004.58,3/25/2023,4/1/2023,Delivered
PO-2022-01834,5/5/2022,SUP071,P00206,3586,8.57,30728.28,5/28/2022,6/6/2022,Delivered
PO-2022-01835,10/16/2023,SUP018,P00965,3737,18.21,68053.59,11/11/2023,11/20/2023,Delivered
PO-2022-01836,3/29/2023,SUP136,P01694,3328,29.62,98586.52,4/10/2023,4/14/2023,Delivered
PO-2022-01837,4/1/2022,SUP105,P01837,260,13.14,3417.11,5/30/2022,,Pending
PO-2022-01838,3/18/2023,SUP097,P00312,1655,10.39,17187.53,4/20/2023,4/21/2023,Delivered
PO-2022-01839,9/19/2023,SUP101,P01942,1624,47.84,77690.38,10/23/2023,10/28/2023,Delivered
PO-2022-01840,11/13/2023,SUP072,P01122,3340,11.22,37478.78,12/21/2023,12/22/2023,Delivered
PO-2022-01841,3/6/2023,SUP097,P01986,3727,39.3,146475.21,4/8/2023,,Shipped
PO-2022-01842,12/21/2022,SUP056,P00200,2283,39.41,89970.33,1/13/2023,1/12/2023,Delivered
PO-2022-01843,10/29/2023,SUP142,P01365,1952,41.85,81684.31,11/14/2023,11/12/2023,Delivered
PO-2022-01844,11/8/2023,SUP136,P00399,2558,18.48,47280.14,11/20/2023,11/25/2023,Delivered
PO-2022-01845,5/17/2023,SUP129,P00644,2094,9.54,19973.54,5/27/2023,5/29/2023,Delivered
PO-2022-01846,2/11/2022,SUP099,P01285,2195,53.63,117721.59,3/9/2022,3/11/2022,Delivered
PO-2022-01847,3/22/2023,SUP117,P01671,1039,50.81,52788.56,4/20/2023,4/23/2023,Delivered
PO-2022-01848,2/25/2022,SUP140,P00894,4233,18.39,77833.2,4/14/2022,4/12/2022,Delivered
PO-2022-01849,12/8/2022,SUP001,P00434,4404,42.1,185393.45,1/17/2023,,Cancelled
PO-2022-01850,8/19/2023,SUP084,P01821,2183,17,37103.55,9/10/2023,9/10/2023,Delivered
PO-2022-01851,5/17/2022,SUP074,P00903,1153,48.15,55513.58,7/2/2022,7/7/2022,Delivered
PO-2022-01852,8/16/2022,SUP089,P00991,2420,14.95,36175.7,9/29/2022,10/2/2022,Delivered
PO-2022-01853,11/13/2023,SUP066,P00614,3680,5.39,19841.74,12/20/2023,12/23/2023,Delivered
PO-2022-01854,9/14/2022,SUP109,P00855,4830,13.61,65746.89,11/4/2022,11/13/2022,Delivered
PO-2022-01855,6/1/2022,SUP146,P01611,3197,24.3,77683.01,7/1/2022,6/28/2022,Delivered
PO-2022-01856,2/4/2023,SUP096,P01633,3057,29.63,90577.43,2/18/2023,2/21/2023,Delivered
PO-2022-01857,3/30/2023,SUP034,P00375,2611,36.95,96466.55,5/4/2023,5/1/2023,Delivered
PO-2022-01858,5/3/2022,SUP062,P00111,3427,35.99,123353.57,6/5/2022,,Cancelled
PO-2022-01859,3/26/2023,SUP044,P01822,1916,10.58,20270.32,5/14/2023,,Shipped
PO-2022-01860,12/3/2022,SUP103,P00513,702,21.31,14961.61,1/29/2023,,Shipped
PO-2022-01861,12/16/2022,SUP138,P01715,4105,7.21,29605.36,2/1/2023,1/30/2023,Delivered
PO-2022-01862,11/4/2023,SUP109,P01931,4395,12.72,55906.91,12/25/2023,12/24/2023,Delivered
PO-2022-01863,1/13/2023,SUP023,P00546,2633,32.04,84374.18,2/21/2023,2/23/2023,Delivered
PO-2022-01864,11/13/2023,SUP089,P01428,927,18.12,16795.09,12/27/2023,1/3/2024,Delivered
PO-2022-01865,10/16/2022,SUP056,P01476,615,29.32,18033.15,11/8/2022,11/17/2022,Delivered
PO-2022-01866,1/26/2022,SUP077,P00293,1357,25.52,34636.69,3/16/2022,,Cancelled
PO-2022-01867,5/1/2022,SUP006,P01048,805,2.98,2395.36,6/12/2022,6/11/2022,Delivered
PO-2022-01868,12/23/2023,SUP142,P01881,1069,43.7,46710.14,1/8/2024,1/15/2024,Delivered
PO-2022-01869,5/24/2023,SUP011,P01334,2217,26.56,58888.18,6/1/2023,6/1/2023,Delivered
PO-2022-01870,1/15/2022,SUP073,P00911,2774,31.61,87685.62,2/5/2022,,Shipped
PO-2022-01871,1/16/2023,SUP129,P00026,4259,10.44,44455.37,1/26/2023,1/25/2023,Delivered
PO-2022-01872,8/13/2023,SUP130,P01564,4163,49.9,207747.35,9/2/2023,9/5/2023,Delivered
PO-2022-01873,12/25/2022,SUP135,P00972,4902,4.69,23010.72,2/3/2023,2/4/2023,Delivered
PO-2022-01874,1/30/2023,SUP014,P00676,1101,41.35,45527.86,3/30/2023,3/27/2023,Delivered
PO-2022-01875,3/17/2022,SUP024,P00060,4581,1.45,6642.2,5/3/2022,4/28/2022,Delivered
PO-2022-01876,7/10/2022,SUP062,P01440,4991,39.33,196298.58,8/12/2022,8/15/2022,Delivered
PO-2022-01877,3/13/2023,SUP101,P01506,3772,24.63,92908.23,4/16/2023,4/22/2023,Delivered
PO-2022-01878,8/13/2022,SUP069,P00563,4185,4.72,19739.77,9/24/2022,9/30/2022,Delivered
PO-2022-01879,1/24/2022,SUP007,P00368,2482,18.83,46733.14,3/7/2022,3/8/2022,Delivered
PO-2022-01880,5/1/2022,SUP023,P00905,239,31.17,7450.62,6/9/2022,6/14/2022,Delivered
PO-2022-01881,4/28/2022,SUP005,P00207,444,41.64,18487.42,6/11/2022,6/8/2022,Delivered
PO-2022-01882,12/30/2022,SUP086,P00011,2222,19.04,42297.11,2/3/2023,2/3/2023,Delivered
PO-2022-01883,9/26/2023,SUP081,P01052,1586,38.86,61639.69,11/15/2023,11/14/2023,Delivered
PO-2022-01884,12/30/2022,SUP136,P01240,1954,23.53,45973.24,1/11/2023,1/15/2023,Delivered
PO-2022-01885,7/25/2022,SUP087,P00037,843,4.84,4082,8/19/2022,8/27/2022,Delivered
PO-2022-01886,2/1/2022,SUP065,P00973,3392,50.59,171584.91,3/4/2022,3/13/2022,Delivered
PO-2022-01887,7/13/2023,SUP065,P01449,2287,28.72,65673.86,8/13/2023,8/12/2023,Delivered
PO-2022-01888,3/4/2022,SUP059,P00778,4362,4.61,20087.37,3/23/2022,3/25/2022,Delivered
PO-2022-01889,5/16/2023,SUP137,P00999,659,10.19,6713.52,6/2/2023,5/31/2023,Delivered
PO-2022-01890,8/30/2023,SUP055,P01232,1020,6.15,6273.32,10/14/2023,10/9/2023,Delivered
PO-2022-01891,7/3/2023,SUP109,P00703,640,39.06,25000.4,8/23/2023,8/31/2023,Delivered
PO-2022-01892,2/19/2023,SUP093,P00622,2343,43,100742.24,4/7/2023,4/10/2023,Delivered
PO-2022-01893,3/19/2023,SUP097,P00155,3125,22.93,71657.07,4/21/2023,4/30/2023,Delivered
PO-2022-01894,9/10/2023,SUP140,P01757,1898,32.44,61570.53,10/28/2023,10/28/2023,Delivered
PO-2022-01895,8/24/2023,SUP021,P01027,4573,50.72,231946.18,9/5/2023,,Shipped
PO-2022-01896,8/5/2023,SUP090,P00357,784,29.37,23025.73,8/22/2023,8/19/2023,Delivered
PO-2022-01897,9/30/2022,SUP039,P01007,4707,10.53,49566.27,11/26/2022,11/25/2022,Delivered
PO-2022-01898,6/11/2023,SUP137,P00210,723,46.95,33943.03,6/28/2023,6/28/2023,Delivered
PO-2022-01899,3/23/2023,SUP128,P01739,110,35.79,3936.82,4/12/2023,4/9/2023,Delivered
PO-2022-01900,6/21/2023,SUP093,P00221,2557,2.12,5426.12,8/7/2023,8/9/2023,Delivered
PO-2022-01901,5/24/2023,SUP007,P01694,3939,33.07,130272.34,7/5/2023,,Cancelled
PO-2022-01902,4/6/2023,SUP126,P00217,1840,45.77,84207.82,5/10/2023,5/10/2023,Delivered
PO-2022-01903,1/26/2022,SUP137,P00374,753,1.72,1294.72,2/12/2022,,Shipped
PO-2022-01904,6/26/2022,SUP092,P01771,1661,18.3,30401.17,7/16/2022,7/20/2022,Delivered
PO-2022-01905,9/27/2022,SUP080,P01479,1418,5.13,7278.69,11/24/2022,11/26/2022,Delivered
PO-2022-01906,11/3/2022,SUP096,P00751,1996,6.59,13144.82,11/17/2022,11/23/2022,Delivered
PO-2022-01907,5/29/2022,SUP018,P01391,4004,37.3,149367.26,6/24/2022,6/30/2022,Delivered
PO-2022-01908,12/17/2022,SUP046,P01218,2124,50.44,107127.61,1/22/2023,1/29/2023,Delivered
PO-2022-01909,3/2/2023,SUP003,P00686,2899,9.98,28920.2,4/7/2023,4/5/2023,Delivered
PO-2022-01910,1/2/2023,SUP019,P00120,1705,21.74,37074.56,2/18/2023,2/18/2023,Delivered
PO-2022-01911,1/31/2022,SUP018,P01297,3556,42.52,151200.07,2/26/2022,2/22/2022,Delivered
PO-2022-01912,9/15/2023,SUP041,P00408,4023,31.33,126051,10/15/2023,,Pending
PO-2022-01913,10/18/2022,SUP122,P01262,3265,2.25,7337.86,11/8/2022,,Shipped
PO-2022-01914,1/23/2022,SUP112,P00271,4157,24.04,99924.76,2/26/2022,2/22/2022,Delivered
PO-2022-01915,1/12/2023,SUP095,P01446,3506,43.9,153899.57,1/29/2023,1/24/2023,Delivered
PO-2022-01916,5/16/2023,SUP011,P01164,234,31.95,7476.09,5/24/2023,6/1/2023,Delivered
PO-2022-01917,8/29/2022,SUP076,P01684,3087,31.79,98121.57,9/24/2022,9/28/2022,Delivered
PO-2022-01918,6/28/2022,SUP087,P01378,1991,34.44,68575.18,7/23/2022,7/28/2022,Delivered
PO-2022-01919,2/7/2023,SUP035,P00121,2874,23.07,66291.23,4/3/2023,4/9/2023,Delivered
PO-2022-01920,7/14/2023,SUP142,P01357,1873,47.05,88124.75,7/30/2023,,Pending
PO-2022-01921,7/21/2023,SUP060,P01045,4136,9.56,39537.87,8/31/2023,9/5/2023,Delivered
PO-2022-01922,3/9/2023,SUP066,P01175,1563,21.05,32894.83,4/15/2023,4/23/2023,Delivered
PO-2022-01923,10/20/2023,SUP135,P00751,1416,7.21,10209.08,11/29/2023,11/24/2023,Delivered
PO-2022-01924,10/16/2023,SUP112,P01285,2754,49.35,135910.54,11/19/2023,11/14/2023,Delivered
PO-2022-01925,11/15/2022,SUP022,P01835,4947,22.08,109243.06,12/20/2022,12/26/2022,Delivered
PO-2022-01926,12/16/2022,SUP081,P00984,3680,22.67,83422.76,2/4/2023,,Pending
PO-2022-01927,1/6/2022,SUP132,P00554,4110,23.1,94948.33,1/14/2022,1/23/2022,Delivered
PO-2022-01928,7/5/2023,SUP012,P01646,4692,9.78,45886.26,8/21/2023,8/27/2023,Delivered
PO-2022-01929,7/25/2023,SUP058,P01295,2611,46.84,122309.25,8/4/2023,,Pending
PO-2022-01930,11/12/2022,SUP123,P00621,4163,40.98,170590.82,11/27/2022,11/29/2022,Delivered
PO-2022-01931,10/9/2023,SUP088,P00240,2151,9.22,19834.96,11/29/2023,11/28/2023,Delivered
PO-2022-01932,10/2/2023,SUP005,P00603,4008,18.38,73660.6,11/15/2023,11/17/2023,Delivered
PO-2022-01933,6/9/2023,SUP120,P01288,3585,39.46,141446.56,7/4/2023,7/8/2023,Delivered
PO-2022-01934,1/18/2023,SUP121,P00820,644,29.1,18738.7,2/4/2023,2/3/2023,Delivered
PO-2022-01935,12/11/2023,SUP076,P00388,4435,7.48,33164.44,1/6/2024,,Cancelled
PO-2022-01936,12/18/2023,SUP067,P00068,3811,7.29,27772.8,2/10/2024,,Pending
PO-2022-01937,10/18/2022,SUP113,P00975,514,30.51,15684.63,11/21/2022,11/19/2022,Delivered
PO-2022-01938,4/11/2022,SUP038,P01913,841,32.01,26918.3,5/31/2022,5/31/2022,Delivered
PO-2022-01939,3/18/2023,SUP066,P01434,633,30.13,19072.34,4/24/2023,4/26/2023,Delivered
PO-2022-01940,12/7/2022,SUP101,P00756,2670,44.46,118712.18,1/10/2023,1/10/2023,Delivered
PO-2022-01941,5/11/2022,SUP135,P01249,1266,32.79,41517.27,6/20/2022,6/25/2022,Delivered
PO-2022-01942,9/25/2023,SUP128,P01697,3757,31.69,119067.37,10/15/2023,10/21/2023,Delivered
PO-2022-01943,5/2/2023,SUP130,P00721,2959,2.45,7249.11,5/22/2023,5/24/2023,Delivered
PO-2022-01944,1/3/2022,SUP057,P00925,3675,24.64,90548.8,2/18/2022,2/20/2022,Delivered
PO-2022-01945,10/10/2022,SUP132,P01350,3868,26.38,102053.88,10/18/2022,10/14/2022,Delivered
PO-2022-01946,4/25/2023,SUP065,P01386,3599,8.87,31931.05,5/26/2023,5/27/2023,Delivered
PO-2022-01947,4/15/2022,SUP096,P00601,2153,13,27995.44,4/29/2022,5/8/2022,Delivered
PO-2022-01948,2/6/2023,SUP036,P00509,3258,47.45,154604.08,3/28/2023,3/30/2023,Delivered
PO-2022-01949,6/2/2023,SUP043,P01015,359,34.64,12434.97,7/9/2023,7/13/2023,Delivered
PO-2022-01950,12/20/2023,SUP084,P00680,3001,17.59,52781.42,1/11/2024,1/6/2024,Delivered
PO-2022-01951,11/10/2023,SUP027,P00930,1914,47.34,90607.06,12/28/2023,12/30/2023,Delivered
PO-2022-01952,1/30/2022,SUP110,P01186,2876,24.05,69179.92,3/24/2022,3/27/2022,Delivered
PO-2022-01953,2/3/2023,SUP102,P01964,4670,12.4,57916.08,3/22/2023,3/21/2023,Delivered
PO-2022-01954,5/4/2022,SUP035,P01524,3950,26.68,105391.01,6/28/2022,,Pending
PO-2022-01955,4/5/2022,SUP036,P01142,1426,10.61,15130.11,5/25/2022,6/3/2022,Delivered
PO-2022-01956,11/2/2023,SUP030,P01625,4371,21.52,94063.69,12/21/2023,,Pending
PO-2022-01957,12/23/2022,SUP131,P01261,3599,17.47,62859.41,2/5/2023,2/3/2023,Delivered
PO-2022-01958,8/27/2023,SUP112,P01066,3568,39,139151.14,9/30/2023,10/2/2023,Delivered
PO-2022-01959,8/25/2023,SUP124,P01623,2004,21.03,42147.57,9/24/2023,9/26/2023,Delivered
PO-2022-01960,1/28/2022,SUP060,P00117,2850,45.84,130650.84,3/10/2022,3/6/2022,Delivered
PO-2022-01961,2/7/2022,SUP014,P01648,1560,22.44,35010.42,4/7/2022,4/11/2022,Delivered
PO-2022-01962,11/29/2022,SUP021,P01968,3636,24.83,90267.3,12/11/2022,12/13/2022,Delivered
PO-2022-01963,3/20/2022,SUP083,P01893,4014,10.58,42449.59,4/24/2022,4/20/2022,Delivered
PO-2022-01964,8/18/2023,SUP029,P01664,3060,10.36,31706.22,9/14/2023,,Shipped
PO-2022-01965,6/21/2023,SUP041,P01228,1828,25.66,46906.47,7/21/2023,7/24/2023,Delivered
PO-2022-01966,7/21/2022,SUP041,P00716,852,29.71,25315.23,8/20/2022,,Pending
PO-2022-01967,7/1/2022,SUP003,P00469,525,28.93,15190.5,8/6/2022,8/12/2022,Delivered
PO-2022-01968,4/30/2023,SUP012,P01656,1508,18.92,28536.28,6/16/2023,6/23/2023,Delivered
PO-2022-01969,9/9/2022,SUP099,P01508,312,24.13,7527.96,10/5/2022,10/10/2022,Delivered
PO-2022-01970,12/8/2023,SUP031,P00706,1858,23.97,44539.86,1/31/2024,2/7/2024,Delivered
PO-2022-01971,8/30/2023,SUP016,P01959,4321,12.09,52244.63,9/21/2023,9/29/2023,Delivered
PO-2022-01972,1/12/2022,SUP042,P01978,615,41.14,25300.23,2/15/2022,2/17/2022,Delivered
PO-2022-01973,5/23/2023,SUP133,P01396,3356,4,13408.03,6/21/2023,6/22/2023,Delivered
PO-2022-01974,3/25/2022,SUP023,P00253,2450,3.54,8680.53,5/3/2022,5/11/2022,Delivered
PO-2022-01975,10/2/2023,SUP062,P00552,2608,25.28,65918.14,11/4/2023,11/8/2023,Delivered
PO-2022-01976,9/21/2023,SUP112,P01373,3013,41.26,124322.4,10/25/2023,,Cancelled
PO-2022-01977,8/9/2023,SUP146,P01038,144,32.75,4716.11,9/8/2023,9/15/2023,Delivered
PO-2022-01978,8/31/2023,SUP074,P01276,2615,46.5,121588.22,10/16/2023,10/13/2023,Delivered
PO-2022-01979,3/21/2022,SUP054,P00623,3481,24.83,86426.12,5/8/2022,5/11/2022,Delivered
PO-2022-01980,7/21/2022,SUP012,P01534,2942,19.82,58311.74,9/6/2022,9/2/2022,Delivered
PO-2022-01981,6/4/2023,SUP084,P00426,3238,47.63,154216.01,6/26/2023,7/3/2023,Delivered
PO-2022-01982,11/28/2023,SUP062,P01929,1596,24.86,39679.3,12/31/2023,1/6/2024,Delivered
PO-2022-01983,11/10/2022,SUP071,P00220,4015,4.71,18919.5,12/3/2022,,Shipped
PO-2022-01984,4/28/2022,SUP089,P01287,3760,19.7,74080.39,6/11/2022,6/10/2022,Delivered
PO-2022-01985,8/25/2023,SUP002,P00673,275,3.5,961.67,9/18/2023,9/19/2023,Delivered
PO-2022-01986,10/13/2022,SUP046,P01284,574,2.68,1539.54,11/18/2022,11/14/2022,Delivered
PO-2022-01987,2/6/2022,SUP027,P00349,736,41.12,30265.13,3/26/2022,,Cancelled
PO-2022-01988,1/18/2023,SUP065,P00236,1304,28.88,37662.71,2/18/2023,2/16/2023,Delivered
PO-2022-01989,2/19/2023,SUP085,P00732,2700,32.96,88987.54,4/13/2023,4/22/2023,Delivered
PO-2022-01990,7/6/2022,SUP033,P00102,4154,34.78,144491.15,7/22/2022,7/19/2022,Delivered
PO-2022-01991,3/3/2023,SUP073,P00611,635,40.67,25825.02,3/24/2023,3/26/2023,Delivered
PO-2022-01992,8/29/2023,SUP094,P00124,4444,24.55,109090.41,9/20/2023,9/17/2023,Delivered
PO-2022-01993,12/14/2023,SUP079,P01007,4442,9.34,41500.91,1/29/2024,1/24/2024,Delivered
PO-2022-01994,3/1/2023,SUP072,P01448,2113,54.52,115205.1,4/8/2023,4/4/2023,Delivered
PO-2022-01995,3/28/2022,SUP041,P01947,4392,18.77,82454.55,4/27/2022,4/27/2022,Delivered
PO-2022-01996,5/15/2022,SUP097,P00206,3742,8.51,31859.22,6/17/2022,6/15/2022,Delivered
PO-2022-01997,12/28/2022,SUP004,P00658,1186,20.26,24026.53,1/29/2023,1/27/2023,Delivered
PO-2022-01998,9/15/2023,SUP146,P00246,4542,10.37,47119.27,10/15/2023,10/20/2023,Delivered
PO-2022-01999,2/26/2022,SUP136,P00737,3778,6.29,23758.78,3/10/2022,,Cancelled
PO-2022-02000,10/15/2022,SUP137,P01552,4335,23.95,103844.3,11/1/2022,11/6/2022,Delivered
PO-2022-02001,9/29/2023,SUP019,P01902,610,20.55,12534.43,11/15/2023,11/12/2023,Delivered
PO-2022-02002,9/22/2022,SUP094,P01062,4428,13.2,58461.01,10/14/2022,10/13/2022,Delivered
PO-2022-02003,4/21/2023,SUP113,P01271,403,7.56,3047.04,5/25/2023,5/26/2023,Delivered
PO-2022-02004,2/15/2022,SUP100,P01244,917,23.22,21294.52,2/25/2022,,Shipped
PO-2022-02005,5/18/2023,SUP112,P00255,2635,41.65,109742.71,6/21/2023,,Pending
PO-2022-02006,1/5/2023,SUP109,P00916,763,29.88,22801.5,2/25/2023,2/27/2023,Delivered
PO-2022-02007,6/25/2023,SUP142,P00363,2128,31.55,67148.59,7/11/2023,7/7/2023,Delivered
PO-2022-02008,12/9/2022,SUP081,P00135,3087,9.01,27801.81,1/28/2023,2/5/2023,Delivered
PO-2022-02009,1/15/2023,SUP134,P00038,880,42.8,37662.86,3/7/2023,3/3/2023,Delivered
PO-2022-02010,2/1/2023,SUP026,P01660,3968,43.17,171306.9,3/28/2023,3/27/2023,Delivered
PO-2022-02011,5/26/2022,SUP134,P01701,4122,18.72,77179.97,7/16/2022,7/19/2022,Delivered
PO-2022-02012,10/29/2022,SUP111,P01324,4170,15.59,64991.81,12/20/2022,12/19/2022,Delivered
PO-2022-02013,5/17/2022,SUP110,P00366,756,6.78,5125.32,7/9/2022,7/18/2022,Delivered
PO-2022-02014,4/25/2023,SUP036,P00477,3954,30.97,122456.48,6/14/2023,6/9/2023,Delivered
PO-2022-02015,9/16/2023,SUP089,P01237,546,36.94,20169.18,10/30/2023,11/6/2023,Delivered
PO-2022-02016,5/30/2022,SUP126,P01557,745,24.35,18139.53,7/3/2022,6/28/2022,Delivered
PO-2022-02017,10/24/2023,SUP125,P01688,2113,39.85,84205.27,11/28/2023,12/2/2023,Delivered
PO-2022-02018,1/23/2023,SUP090,P00976,3933,42.81,168385.79,2/9/2023,2/8/2023,Delivered
PO-2022-02019,10/2/2023,SUP107,P00457,4176,23.39,97676.7,10/11/2023,10/17/2023,Delivered
PO-2022-02020,11/26/2022,SUP079,P01972,4370,25.92,113251.11,1/11/2023,,Pending
PO-2022-02021,9/26/2022,SUP039,P00119,3739,52.91,197835.66,11/22/2022,11/24/2022,Delivered
PO-2022-02022,4/15/2022,SUP144,P00176,2253,39.28,88504.98,5/21/2022,,Shipped
PO-2022-02023,10/6/2022,SUP054,P01611,3102,21.93,68035.73,11/23/2022,11/25/2022,Delivered
PO-2022-02024,8/22/2022,SUP080,P00931,1909,39.15,74746.24,10/19/2022,10/17/2022,Delivered
PO-2022-02025,9/14/2022,SUP052,P01087,2059,16.88,34748.84,11/11/2022,11/8/2022,Delivered
PO-2022-02026,8/23/2023,SUP063,P01324,711,16.36,11628.69,9/18/2023,9/13/2023,Delivered
PO-2022-02027,5/14/2023,SUP123,P00502,2911,6.14,17878.53,5/29/2023,6/3/2023,Delivered
PO-2022-02028,2/18/2022,SUP114,P01903,4822,24.15,116456.87,4/13/2022,4/10/2022,Delivered
PO-2022-02029,8/4/2022,SUP136,P00323,3592,41.91,150542.43,8/16/2022,,Pending
PO-2022-02030,1/14/2022,SUP130,P01932,2522,18.46,46562.77,2/3/2022,2/3/2022,Delivered
PO-2022-02031,5/22/2023,SUP125,P00943,735,45.72,33606.72,6/26/2023,6/28/2023,Delivered
PO-2022-02032,9/28/2022,SUP121,P01040,2363,8.93,21103.4,10/15/2022,,Cancelled
PO-2022-02033,4/8/2022,SUP067,P00230,4580,29.92,137021.8,6/1/2022,6/9/2022,Delivered
PO-2022-02034,3/22/2022,SUP020,P01017,807,15.24,12296.52,4/9/2022,4/18/2022,Delivered
PO-2022-02035,2/1/2023,SUP005,P01275,4857,5.91,28691.23,3/17/2023,3/17/2023,Delivered
PO-2022-02036,10/12/2022,SUP041,P01187,518,43.12,22334.22,11/11/2022,,Cancelled
PO-2022-02037,5/22/2023,SUP113,P00312,2851,10.61,30238.92,6/25/2023,6/23/2023,Delivered
PO-2022-02038,9/7/2022,SUP024,P00477,1695,31.69,53708.35,10/24/2022,10/24/2022,Delivered
PO-2022-02039,12/8/2022,SUP089,P01504,1023,40.68,41616.88,1/21/2023,1/21/2023,Delivered
PO-2022-02040,8/8/2022,SUP086,P00235,2304,38.37,88415.9,9/12/2022,9/8/2022,Delivered
PO-2022-02041,9/13/2023,SUP082,P00985,1398,15.61,21819.22,11/6/2023,11/4/2023,Delivered
PO-2022-02042,8/29/2023,SUP089,P00864,3787,36.25,137267.24,10/12/2023,,Shipped
PO-2022-02043,7/27/2023,SUP042,P00118,2827,22.24,62879.77,8/30/2023,8/29/2023,Delivered
PO-2022-02044,8/18/2023,SUP047,P01635,2107,12.2,25707.28,9/11/2023,9/10/2023,Delivered
PO-2022-02045,9/21/2023,SUP077,P01533,4074,33.41,136092.81,11/9/2023,11/17/2023,Delivered
PO-2022-02046,9/5/2022,SUP089,P01377,1425,26.18,37302.33,10/19/2022,10/20/2022,Delivered
PO-2022-02047,10/23/2022,SUP066,P01020,2439,22.78,55563.85,11/29/2022,12/5/2022,Delivered
PO-2022-02048,7/9/2023,SUP144,P00349,4414,37.23,164331.79,8/14/2023,8/14/2023,Delivered
PO-2022-02049,9/8/2022,SUP010,P00523,3251,51.73,168174.81,10/27/2022,11/2/2022,Delivered
PO-2022-02050,1/18/2022,SUP104,P00500,4653,11.88,55287.36,2/18/2022,2/13/2022,Delivered
PO-2022-02051,3/23/2023,SUP104,P00625,1970,47.6,93780.55,4/23/2023,4/19/2023,Delivered
PO-2022-02052,12/27/2022,SUP021,P00834,4307,37.72,162473.71,1/8/2023,1/14/2023,Delivered
PO-2022-02053,11/20/2022,SUP100,P01272,3312,19.04,63051.37,11/30/2022,12/6/2022,Delivered
PO-2022-02054,2/8/2023,SUP057,P00601,1790,11.42,20447.04,3/26/2023,3/21/2023,Delivered
PO-2022-02055,4/9/2022,SUP121,P01643,3452,16,55219.72,4/26/2022,,Cancelled
PO-2022-02056,11/12/2022,SUP027,P00913,4847,24.41,118312.73,12/30/2022,1/3/2023,Delivered
PO-2022-02057,8/16/2023,SUP061,P00621,4002,39.32,157359.53,10/7/2023,10/10/2023,Delivered
PO-2022-02058,1/9/2023,SUP070,P00184,4227,24.01,101505.46,2/12/2023,2/13/2023,Delivered
PO-2022-02059,11/17/2023,SUP110,P00984,467,19.52,9114.18,1/9/2024,1/6/2024,Delivered
PO-2022-02060,12/6/2023,SUP019,P00602,3769,30.02,113128.55,1/22/2024,1/28/2024,Delivered
PO-2022-02061,8/1/2022,SUP070,P00737,833,6.17,5139.65,9/4/2022,,Shipped
PO-2022-02062,11/16/2022,SUP010,P00225,2653,37.3,98950,1/4/2023,1/13/2023,Delivered
PO-2022-02063,12/8/2023,SUP082,P01029,2615,49.28,128866.36,1/31/2024,1/28/2024,Delivered
PO-2022-02064,10/15/2023,SUP142,P00808,3702,12.12,44857.16,10/31/2023,11/5/2023,Delivered
PO-2022-02065,5/26/2022,SUP114,P00093,2687,12.26,32948.9,7/19/2022,,Shipped
PO-2022-02066,9/15/2022,SUP006,P00541,3581,40.88,146395.55,10/27/2022,11/3/2022,Delivered
PO-2022-02067,10/12/2023,SUP120,P01001,2123,51.68,109715.89,11/6/2023,11/7/2023,Delivered
PO-2022-02068,4/29/2022,SUP107,P00265,3574,38.36,137092.29,5/8/2022,5/9/2022,Delivered
PO-2022-02069,5/14/2023,SUP078,P01094,3876,12.9,49998.89,6/29/2023,7/8/2023,Delivered
PO-2022-02070,8/7/2022,SUP056,P01403,4792,29.51,141388.56,8/30/2022,8/28/2022,Delivered
PO-2022-02071,6/1/2023,SUP110,P01199,1109,28.28,31358.52,7/24/2023,7/24/2023,Delivered
PO-2022-02072,3/16/2023,SUP032,P00225,2712,39.41,106885.28,5/5/2023,5/5/2023,Delivered
PO-2022-02073,6/3/2023,SUP085,P01725,2363,25.9,61201.6,7/26/2023,,Pending
PO-2022-02074,7/27/2023,SUP135,P01069,271,13.61,3689.11,9/5/2023,9/11/2023,Delivered
PO-2022-02075,8/16/2022,SUP069,P00317,700,24.57,17197.42,9/27/2022,10/6/2022,Delivered
PO-2022-02076,12/16/2023,SUP046,P00545,1119,23.56,26363.42,1/21/2024,1/20/2024,Delivered
PO-2022-02077,10/16/2023,SUP038,P01231,4536,45.42,206033.11,12/5/2023,12/10/2023,Delivered
PO-2022-02078,4/14/2023,SUP113,P01582,4057,49.4,200420.6,5/18/2023,5/18/2023,Delivered
PO-2022-02079,12/30/2022,SUP002,P00541,995,45.3,45072.14,1/23/2023,1/18/2023,Delivered
PO-2022-02080,10/26/2022,SUP077,P01847,2863,22.98,65791.14,12/14/2022,12/16/2022,Delivered
PO-2022-02081,2/15/2023,SUP059,P01408,342,26.62,9105.33,3/6/2023,3/11/2023,Delivered
PO-2022-02082,1/27/2023,SUP142,P00573,3522,49.6,174695.53,2/12/2023,,Shipped
PO-2022-02083,5/28/2022,SUP077,P01996,1493,26.96,40255.85,7/16/2022,7/17/2022,Delivered
PO-2022-02084,9/3/2023,SUP133,P00467,4752,21.75,103349.59,10/2/2023,,Cancelled
PO-2022-02085,4/26/2023,SUP144,P00008,2175,37.51,81587.32,6/1/2023,6/1/2023,Delivered
PO-2022-02086,6/25/2023,SUP123,P01518,1157,38.24,44244.41,7/10/2023,,Cancelled
PO-2022-02087,3/27/2022,SUP124,P01601,1420,37.87,53771.89,4/26/2022,4/24/2022,Delivered
PO-2022-02088,1/30/2023,SUP108,P01586,3649,35.25,128621.45,2/28/2023,3/6/2023,Delivered
PO-2022-02089,7/3/2023,SUP003,P00605,1822,22.46,40919.98,8/8/2023,8/15/2023,Delivered
PO-2022-02090,7/12/2023,SUP122,P00231,2450,35.88,87916.81,8/2/2023,7/31/2023,Delivered
PO-2022-02091,4/1/2022,SUP065,P00434,4178,37.59,157071.26,5/2/2022,4/29/2022,Delivered
PO-2022-02092,1/2/2023,SUP130,P01853,3578,19.83,70950.07,1/22/2023,1/19/2023,Delivered
PO-2022-02093,2/15/2023,SUP034,P01147,2305,39.59,91259.85,3/22/2023,3/24/2023,Delivered
PO-2022-02094,7/9/2023,SUP012,P01645,4006,31.38,125689.93,8/25/2023,8/22/2023,Delivered
PO-2022-02095,7/23/2022,SUP053,P01067,894,26.96,24105.13,9/1/2022,9/5/2022,Delivered
PO-2022-02096,10/1/2023,SUP011,P00899,2096,4.63,9703.57,10/9/2023,,Pending
PO-2022-02097,3/3/2022,SUP053,P00638,4145,7.91,32786.64,4/12/2022,4/10/2022,Delivered
PO-2022-02098,1/16/2022,SUP081,P01904,4158,25.21,104826.26,3/7/2022,3/14/2022,Delivered
PO-2022-02099,9/30/2022,SUP005,P00175,1357,17.84,24206.26,11/13/2022,11/14/2022,Delivered
PO-2022-02100,6/17/2023,SUP075,P01779,4475,27.59,123443.24,7/4/2023,7/5/2023,Delivered
PO-2022-02101,11/6/2022,SUP134,P00117,1595,41.84,66738.08,12/27/2022,12/23/2022,Delivered
PO-2022-02102,12/1/2023,SUP083,P00785,3832,21.43,82115.18,1/5/2024,,Cancelled
PO-2022-02103,3/22/2023,SUP101,P00736,2629,52.9,139070.38,4/25/2023,4/27/2023,Delivered
PO-2022-02104,7/20/2023,SUP136,P01811,4237,25.38,107539.84,8/1/2023,8/10/2023,Delivered
PO-2022-02105,2/3/2023,SUP106,P00464,1173,42.82,50231.27,2/13/2023,2/8/2023,Delivered
PO-2022-02106,1/16/2022,SUP092,P01240,3653,25,91335.7,2/5/2022,2/6/2022,Delivered
PO-2022-02107,12/3/2022,SUP123,P00998,2957,37.61,111212.17,12/18/2022,12/23/2022,Delivered
PO-2022-02108,9/28/2023,SUP033,P00185,3736,8.02,29966.71,10/14/2023,10/14/2023,Delivered
PO-2022-02109,5/18/2023,SUP113,P01101,4545,33.59,152670.84,6/21/2023,,Shipped
PO-2022-02110,4/1/2022,SUP047,P01349,4475,38.66,172992.86,4/25/2022,5/3/2022,Delivered
PO-2022-02111,7/21/2023,SUP017,P01541,1511,8.21,12400.91,7/30/2023,8/2/2023,Delivered
PO-2022-02112,8/28/2022,SUP111,P00361,3535,30.27,106989.88,10/19/2022,10/20/2022,Delivered
PO-2022-02113,4/21/2023,SUP062,P01635,4292,14.14,60701.39,5/24/2023,5/25/2023,Delivered
PO-2022-02114,6/19/2022,SUP084,P01181,2064,32.28,66632.65,7/11/2022,7/8/2022,Delivered
PO-2022-02115,9/1/2022,SUP003,P01501,2809,14.53,40821.57,10/7/2022,10/4/2022,Delivered
PO-2022-02116,6/18/2023,SUP124,P00113,1147,6.03,6913.96,7/18/2023,7/20/2023,Delivered
PO-2022-02117,9/23/2022,SUP061,P01873,1837,15.11,27762.72,11/14/2022,11/18/2022,Delivered
PO-2022-02118,8/31/2022,SUP105,P01412,3349,32.76,109710.02,10/29/2022,10/29/2022,Delivered
PO-2022-02119,7/12/2023,SUP102,P01351,2467,23,56735.18,8/28/2023,,Pending
PO-2022-02120,1/25/2022,SUP005,P00640,1674,10.23,17124.93,3/10/2022,3/5/2022,Delivered
PO-2022-02121,1/29/2023,SUP027,P01001,1418,49.12,69653.68,3/18/2023,3/24/2023,Delivered
PO-2022-02122,7/5/2022,SUP035,P00575,2134,13.72,29273.36,8/29/2022,,Cancelled
PO-2022-02123,2/15/2023,SUP029,P01411,1674,36.17,60551.75,3/14/2023,3/22/2023,Delivered
PO-2022-02124,7/15/2022,SUP024,P00700,2537,5.04,12790.19,8/31/2022,9/9/2022,Delivered
PO-2022-02125,11/25/2022,SUP032,P01707,3629,33.42,121270.49,1/14/2023,1/12/2023,Delivered
PO-2022-02126,1/2/2022,SUP142,P01326,758,30.75,23305.28,1/18/2022,1/20/2022,Delivered
PO-2022-02127,10/3/2022,SUP060,P00486,4762,43.15,205469.09,11/13/2022,11/17/2022,Delivered
PO-2022-02128,6/11/2023,SUP001,P00863,2284,35.48,81032.57,7/21/2023,7/27/2023,Delivered
PO-2022-02129,5/2/2023,SUP020,P01249,1228,31.66,38872.43,5/20/2023,,Pending
PO-2022-02130,1/7/2023,SUP076,P01166,3889,27.45,106771.52,2/2/2023,1/30/2023,Delivered
PO-2022-02131,12/10/2023,SUP017,P01973,810,21.32,17266.73,12/19/2023,12/27/2023,Delivered
PO-2022-02132,12/29/2023,SUP039,P01093,3055,39.7,121282.55,2/24/2024,2/26/2024,Delivered
PO-2022-02133,2/24/2023,SUP092,P00048,4426,37.85,167532.84,3/16/2023,3/21/2023,Delivered
PO-2022-02134,2/21/2022,SUP024,P00422,710,28.48,20217.89,4/9/2022,4/11/2022,Delivered
PO-2022-02135,1/9/2023,SUP043,P00530,2534,43.83,111072.27,2/15/2023,2/10/2023,Delivered
PO-2022-02136,9/21/2023,SUP137,P00538,4691,38.11,178771.96,10/8/2023,10/11/2023,Delivered
PO-2022-02137,7/19/2023,SUP014,P00760,4323,7.05,30487.12,9/16/2023,9/13/2023,Delivered
PO-2022-02138,5/14/2023,SUP055,P01223,3674,5.69,20908.58,6/28/2023,6/28/2023,Delivered
PO-2022-02139,2/17/2022,SUP032,P01200,610,17.25,10521.07,4/8/2022,4/11/2022,Delivered
PO-2022-02140,3/1/2022,SUP047,P01357,3922,45.03,176595.58,3/25/2022,3/23/2022,Delivered
PO-2022-02141,12/1/2022,SUP082,P01719,1394,7.82,10903.14,1/24/2023,,Shipped
PO-2022-02142,3/14/2023,SUP014,P01428,4933,19.1,94196.11,5/12/2023,,Pending
PO-2022-02143,6/29/2022,SUP135,P01011,1406,8.67,12187.68,8/8/2022,8/13/2022,Delivered
PO-2022-02144,6/17/2023,SUP018,P01489,2692,37.98,102235.07,7/13/2023,7/8/2023,Delivered
PO-2022-02145,4/12/2023,SUP018,P00439,2677,52.87,141530.57,5/8/2023,,Pending
PO-2022-02146,7/22/2023,SUP100,P01974,2644,31.83,84168.94,8/1/2023,8/3/2023,Delivered
PO-2022-02147,6/21/2022,SUP132,P00603,4037,18.83,76021.93,6/29/2022,7/8/2022,Delivered
PO-2022-02148,9/13/2022,SUP014,P00440,1458,39.23,57196.69,11/11/2022,11/9/2022,Delivered
PO-2022-02149,11/4/2023,SUP102,P00409,4051,23.15,93764.04,12/21/2023,12/18/2023,Delivered
PO-2022-02150,1/7/2023,SUP018,P00642,3194,20.95,66909.72,2/2/2023,1/28/2023,Delivered
PO-2022-02151,6/18/2023,SUP059,P00367,1307,51.8,67708.64,7/7/2023,7/15/2023,Delivered
PO-2022-02152,7/29/2022,SUP142,P00053,4936,50.98,251628.12,8/14/2022,8/15/2022,Delivered
PO-2022-02153,4/5/2023,SUP148,P00482,219,32.36,7085.81,4/23/2023,4/19/2023,Delivered
PO-2022-02154,6/4/2022,SUP007,P00868,3326,38.65,128534.8,7/16/2022,,Pending
PO-2022-02155,9/16/2022,SUP016,P00077,3510,41.77,146616.31,10/8/2022,10/14/2022,Delivered
PO-2022-02156,3/9/2023,SUP042,P01479,3934,4.66,18322.98,4/12/2023,4/8/2023,Delivered
PO-2022-02157,10/16/2023,SUP138,P01860,2964,31.38,93002.71,12/2/2023,12/8/2023,Delivered
PO-2022-02158,8/18/2022,SUP027,P01711,3575,46.75,167141.89,10/5/2022,10/4/2022,Delivered
PO-2022-02159,9/6/2023,SUP125,P00618,4013,10.57,42403.39,10/11/2023,10/10/2023,Delivered
PO-2022-02160,1/1/2022,SUP102,P00007,4513,9.85,44460.39,2/17/2022,2/19/2022,Delivered
PO-2022-02161,4/7/2023,SUP094,P00635,4908,16.96,83240.05,4/29/2023,5/8/2023,Delivered
PO-2022-02162,7/5/2022,SUP136,P00928,3543,30.78,109062.19,7/17/2022,7/26/2022,Delivered
PO-2022-02163,11/17/2022,SUP097,P01755,3145,33.2,104407.17,12/20/2022,12/17/2022,Delivered
PO-2022-02164,9/16/2023,SUP122,P00541,3566,38.7,138012.5,10/7/2023,10/3/2023,Delivered
PO-2022-02165,12/26/2022,SUP055,P01179,1503,11.36,17072.8,2/9/2023,2/4/2023,Delivered
PO-2022-02166,6/16/2022,SUP119,P00251,3451,23.43,80866.44,7/17/2022,7/24/2022,Delivered
PO-2022-02167,6/19/2023,SUP018,P00429,638,35.26,22495.58,7/15/2023,7/11/2023,Delivered
PO-2022-02168,7/1/2023,SUP063,P01919,2134,16.42,35049.05,7/27/2023,7/27/2023,Delivered
PO-2022-02169,4/22/2023,SUP010,P01523,1634,6.71,10966.64,6/10/2023,,Shipped
PO-2022-02170,8/19/2023,SUP149,P01015,341,32.85,11202.08,9/9/2023,9/15/2023,Delivered
PO-2022-02171,11/21/2023,SUP074,P01093,2586,43.25,111847.82,1/6/2024,,Shipped
PO-2022-02172,2/21/2023,SUP092,P01644,2868,50.47,144746.76,3/13/2023,,Shipped
PO-2022-02173,12/6/2022,SUP090,P01601,1579,34.75,54864.05,12/23/2022,12/18/2022,Delivered
PO-2022-02174,1/30/2022,SUP078,P00982,704,35.91,25278.45,3/17/2022,3/22/2022,Delivered
PO-2022-02175,11/15/2022,SUP088,P00031,1077,1.31,1407.35,1/5/2023,,Shipped
PO-2022-02176,8/17/2022,SUP078,P01366,559,45.47,25415.76,10/2/2022,9/28/2022,Delivered
PO-2022-02177,12/17/2022,SUP019,P01239,3566,45.26,161408.08,2/2/2023,2/5/2023,Delivered
PO-2022-02178,1/6/2022,SUP013,P00087,2336,46.02,107506.28,2/9/2022,,Shipped
PO-2022-02179,9/10/2023,SUP099,P00207,3490,40.91,142782.21,10/6/2023,10/5/2023,Delivered
PO-2022-02180,12/26/2023,SUP142,P00115,4406,29.86,131558.34,1/11/2024,,Shipped
PO-2022-02181,1/1/2023,SUP029,P01151,4910,40.3,197874.87,1/28/2023,1/26/2023,Delivered
PO-2022-02182,10/24/2023,SUP149,P01647,3850,20.4,78526.74,11/14/2023,,Shipped
PO-2022-02183,4/3/2022,SUP133,P00829,1437,5.97,8574.16,5/2/2022,5/5/2022,Delivered
PO-2022-02184,1/13/2023,SUP112,P00683,3164,25.62,81068.7,2/16/2023,2/14/2023,Delivered
PO-2022-02185,7/15/2023,SUP006,P01324,3346,16.44,55019.2,8/26/2023,9/2/2023,Delivered
PO-2022-02186,7/23/2022,SUP103,P00282,3818,43.19,164910.85,9/18/2022,9/16/2022,Delivered
PO-2022-02187,8/30/2023,SUP138,P00703,1130,42.08,47555.19,10/16/2023,10/12/2023,Delivered
PO-2022-02188,7/17/2023,SUP129,P00138,466,38.8,18080.96,7/27/2023,7/31/2023,Delivered
PO-2022-02189,6/8/2023,SUP094,P00078,1669,51.45,85870.78,6/30/2023,6/25/2023,Delivered
PO-2022-02190,8/15/2022,SUP088,P01818,337,33.23,11199.4,10/5/2022,10/10/2022,Delivered
PO-2022-02191,9/22/2023,SUP124,P01014,914,28.92,26436.71,10/22/2023,,Cancelled
PO-2022-02192,10/7/2022,SUP033,P01236,4262,39.3,167517.36,10/23/2022,10/19/2022,Delivered
PO-2022-02193,3/7/2023,SUP053,P01616,1158,1.2,1391.76,4/16/2023,4/25/2023,Delivered
PO-2022-02194,5/16/2022,SUP038,P00793,1236,41.43,51206.72,7/5/2022,,Cancelled
PO-2022-02195,6/9/2023,SUP134,P01356,2354,17.76,41795.98,7/30/2023,7/26/2023,Delivered
PO-2022-02196,2/9/2022,SUP025,P01276,4126,43.87,180999.88,3/8/2022,3/9/2022,Delivered
PO-2022-02197,4/16/2022,SUP004,P00964,3371,23.04,77673.43,5/18/2022,5/14/2022,Delivered
PO-2022-02198,4/27/2022,SUP126,P00424,2302,15.76,36286.58,5/31/2022,5/26/2022,Delivered
PO-2022-02199,4/8/2022,SUP032,P00701,2319,36.97,85738,5/28/2022,,Pending
PO-2022-02200,9/13/2022,SUP144,P00864,515,33.38,17189.06,10/19/2022,10/26/2022,Delivered
PO-2022-02201,5/19/2022,SUP099,P00962,1720,14.92,25663.98,6/14/2022,6/17/2022,Delivered
PO-2022-02202,11/4/2022,SUP068,P01809,4993,40.46,202004.67,12/8/2022,12/7/2022,Delivered
PO-2022-02203,2/14/2023,SUP087,P01409,4332,13.31,57680.14,3/11/2023,3/20/2023,Delivered
PO-2022-02204,10/26/2023,SUP142,P01971,2313,41.82,96733.27,11/11/2023,11/14/2023,Delivered
PO-2022-02205,6/23/2022,SUP082,P01092,1822,33.12,60352.1,8/16/2022,,Cancelled
PO-2022-02206,8/26/2022,SUP020,P01100,4118,14.72,60620.85,9/13/2022,,Pending
PO-2022-02207,10/20/2023,SUP135,P00797,1743,25.18,43892.27,11/29/2023,12/5/2023,Delivered
PO-2022-02208,1/7/2022,SUP081,P00293,1607,26.33,42316.09,2/26/2022,3/5/2022,Delivered
PO-2022-02209,9/13/2023,SUP122,P01209,3068,6.33,19406.83,10/4/2023,10/3/2023,Delivered
PO-2022-02210,6/7/2022,SUP020,P01914,1240,44.66,55384.19,6/25/2022,6/20/2022,Delivered
PO-2022-02211,6/29/2022,SUP084,P00924,1368,20.06,27435.36,7/21/2022,7/20/2022,Delivered
PO-2022-02212,8/29/2023,SUP136,P01483,903,30.16,27238.64,9/10/2023,9/8/2023,Delivered
PO-2022-02213,7/21/2023,SUP067,P00675,4934,21.29,105037.08,9/13/2023,9/15/2023,Delivered
PO-2022-02214,5/7/2023,SUP026,P01284,296,2.79,825.43,7/1/2023,6/30/2023,Delivered
PO-2022-02215,6/9/2022,SUP102,P01952,3378,41.04,138637.81,7/26/2022,7/31/2022,Delivered
PO-2022-02216,11/23/2022,SUP107,P01262,3278,1.97,6443.12,12/2/2022,12/9/2022,Delivered
PO-2022-02217,2/12/2022,SUP070,P01097,1821,6.42,11690.5,3/18/2022,3/23/2022,Delivered
PO-2022-02218,8/11/2023,SUP039,P01373,499,36.84,18385.58,10/7/2023,10/6/2023,Delivered
PO-2022-02219,1/18/2023,SUP098,P00082,1950,44.21,86200.9,2/12/2023,2/16/2023,Delivered
PO-2022-02220,3/11/2022,SUP140,P00524,396,9.05,3585.54,4/28/2022,4/24/2022,Delivered
PO-2022-02221,1/8/2022,SUP012,P00785,510,20.8,10606.21,2/24/2022,,Shipped
PO-2022-02222,1/14/2023,SUP094,P00824,2497,22.05,55048.15,2/5/2023,2/14/2023,Delivered
PO-2022-02223,6/12/2023,SUP052,P01691,2592,16.27,42174.86,8/9/2023,8/6/2023,Delivered
PO-2022-02224,12/25/2022,SUP136,P01536,143,6.44,920.59,1/6/2023,1/15/2023,Delivered
PO-2022-02225,8/11/2022,SUP139,P00902,2418,6.96,16818.17,9/9/2022,9/6/2022,Delivered
PO-2022-02226,9/4/2022,SUP062,P00821,3467,53.05,183939.34,10/7/2022,10/14/2022,Delivered
PO-2022-02227,9/8/2023,SUP112,P00240,4593,9.18,42158.56,10/12/2023,10/7/2023,Delivered
PO-2022-02228,1/22/2022,SUP085,P00813,1830,48.75,89221.23,3/16/2022,3/15/2022,Delivered
PO-2022-02229,5/22/2023,SUP112,P00813,3468,50.4,174776.73,6/25/2023,6/24/2023,Delivered
PO-2022-02230,9/19/2023,SUP020,P01419,3017,23.06,69577.51,10/7/2023,10/14/2023,Delivered
PO-2022-02231,10/11/2023,SUP109,P00479,3162,24.57,77685.9,12/1/2023,,Shipped
PO-2022-02232,3/17/2023,SUP005,P00916,3016,31.99,96469.06,4/30/2023,4/29/2023,Delivered
PO-2022-02233,2/3/2022,SUP044,P00453,3879,25.16,97578.15,3/24/2022,3/22/2022,Delivered
PO-2022-02234,10/10/2023,SUP137,P00835,1809,16.78,30349.33,10/27/2023,,Cancelled
PO-2022-02235,6/8/2023,SUP059,P01210,3404,30.3,103130.73,6/27/2023,7/6/2023,Delivered
PO-2022-02236,9/8/2023,SUP106,P01442,1571,37.68,59198.73,9/18/2023,9/17/2023,Delivered
PO-2022-02237,1/10/2022,SUP092,P01128,2492,3.07,7643.58,1/30/2022,2/7/2022,Delivered
PO-2022-02238,11/11/2023,SUP111,P01362,2689,38.7,104064.08,1/2/2024,1/10/2024,Delivered
PO-2022-02239,2/5/2023,SUP069,P00482,2257,37.51,84670.89,3/19/2023,3/25/2023,Delivered
PO-2022-02240,2/24/2022,SUP024,P00422,3093,26.46,81837.48,4/12/2022,4/14/2022,Delivered
PO-2022-02241,8/21/2022,SUP005,P01069,4753,15.04,71488.46,10/4/2022,10/2/2022,Delivered
PO-2022-02242,12/1/2022,SUP073,P01020,4190,20.73,86864.73,12/22/2022,12/23/2022,Delivered
PO-2022-02243,7/25/2023,SUP002,P01582,3685,43.05,158630.11,8/18/2023,8/18/2023,Delivered
PO-2022-02244,1/17/2022,SUP093,P01003,4823,26.99,130178.05,3/5/2022,2/28/2022,Delivered
PO-2022-02245,6/26/2022,SUP108,P00495,4230,24.99,105726.3,7/25/2022,7/29/2022,Delivered
PO-2022-02246,11/26/2023,SUP021,P01559,2242,33.08,74167.76,12/8/2023,12/12/2023,Delivered
PO-2022-02247,4/6/2022,SUP104,P01801,3552,42.66,151535.21,5/7/2022,5/7/2022,Delivered
PO-2022-02248,12/12/2023,SUP032,P01534,3031,19.34,58628.71,1/31/2024,,Cancelled
PO-2022-02249,8/4/2023,SUP126,P00180,4795,20.5,98308.06,9/7/2023,,Pending
PO-2022-02250,12/14/2022,SUP018,P00331,4805,53.56,257346.36,1/9/2023,1/8/2023,Delivered
PO-2022-02251,1/24/2023,SUP147,P01803,1484,22.56,33482.4,3/20/2023,3/25/2023,Delivered
PO-2022-02252,6/15/2023,SUP018,P01005,4763,19.97,95112.82,7/11/2023,7/19/2023,Delivered
PO-2022-02253,1/30/2022,SUP007,P01932,2811,19.94,56054.11,3/13/2022,3/21/2022,Delivered
PO-2022-02254,11/10/2023,SUP056,P00325,3973,51.17,203301.43,12/3/2023,12/9/2023,Delivered
PO-2022-02255,9/16/2022,SUP084,P00432,3877,45.72,177249.71,10/8/2022,10/16/2022,Delivered
PO-2022-02256,2/21/2022,SUP124,P00047,2585,21.82,56401.03,3/23/2022,3/24/2022,Delivered
PO-2022-02257,2/4/2022,SUP110,P00887,899,4.97,4470.16,3/29/2022,4/2/2022,Delivered
PO-2022-02258,9/29/2022,SUP099,P01757,2713,30.93,83908.51,10/25/2022,10/27/2022,Delivered
PO-2022-02259,9/5/2022,SUP060,P01600,2461,33.81,83212.98,10/16/2022,10/14/2022,Delivered
PO-2022-02260,3/25/2022,SUP141,P01118,3586,6.03,21638.52,5/21/2022,5/27/2022,Delivered
PO-2022-02261,12/16/2023,SUP016,P00587,3299,16.56,54638.96,1/7/2024,1/12/2024,Delivered
PO-2022-02262,4/15/2022,SUP035,P00212,4937,31.21,154103.98,6/9/2022,6/8/2022,Delivered
PO-2022-02263,6/6/2023,SUP126,P01899,1802,27.35,49290.43,7/10/2023,7/12/2023,Delivered
PO-2022-02264,9/2/2022,SUP123,P00978,978,5.39,5268.31,9/17/2022,9/18/2022,Delivered
PO-2022-02265,8/9/2023,SUP115,P00571,3331,10.41,34682.07,9/18/2023,9/21/2023,Delivered
PO-2022-02266,10/23/2023,SUP062,P00006,183,13.8,2524.83,11/25/2023,12/2/2023,Delivered
PO-2022-02267,4/22/2022,SUP032,P00273,4725,1.77,8342.37,6/11/2022,6/18/2022,Delivered
PO-2022-02268,4/5/2023,SUP086,P01370,348,34.53,12016.59,5/10/2023,5/13/2023,Delivered
PO-2022-02269,12/29/2022,SUP044,P00068,3163,7.28,23036.33,2/16/2023,2/17/2023,Delivered
PO-2022-02270,10/23/2022,SUP145,P01992,4039,32.67,131936.18,12/11/2022,12/16/2022,Delivered
PO-2022-02271,11/1/2022,SUP027,P01132,4291,5.92,25421.12,12/19/2022,12/19/2022,Delivered
PO-2022-02272,2/6/2023,SUP024,P00099,4466,40.51,180909.7,3/25/2023,3/28/2023,Delivered
PO-2022-02273,1/21/2022,SUP031,P01866,3956,4.58,18111.88,3/16/2022,3/20/2022,Delivered
PO-2022-02274,5/5/2023,SUP022,P00233,3607,12.76,46030.1,6/9/2023,6/7/2023,Delivered
PO-2022-02275,8/29/2022,SUP005,P01952,2705,40.32,109067.04,10/12/2022,10/13/2022,Delivered
PO-2022-02276,3/28/2022,SUP121,P01657,3077,28.01,86186.53,4/14/2022,4/22/2022,Delivered
PO-2022-02277,3/23/2022,SUP007,P00182,3017,8.02,24186.83,5/4/2022,5/8/2022,Delivered
PO-2022-02278,7/10/2023,SUP016,P01324,2060,15.5,31933.39,8/1/2023,7/31/2023,Delivered
PO-2022-02279,8/25/2023,SUP094,P01420,4017,12.99,52162.16,9/16/2023,9/25/2023,Delivered
PO-2022-02280,6/12/2022,SUP124,P01427,1570,22.33,35053.14,7/12/2022,7/13/2022,Delivered
PO-2022-02281,6/27/2023,SUP139,P01931,1532,12.99,19900.22,7/26/2023,7/29/2023,Delivered
PO-2022-02282,11/12/2023,SUP081,P01046,4919,9.89,48652.02,1/1/2024,1/8/2024,Delivered
PO-2022-02283,10/29/2022,SUP071,P01951,890,27.3,24298.61,11/21/2022,11/23/2022,Delivered
PO-2022-02284,1/29/2023,SUP102,P01021,2807,13.37,37522.04,3/17/2023,3/13/2023,Delivered
PO-2022-02285,7/6/2022,SUP039,P01171,3718,7.22,26844.79,9/1/2022,8/31/2022,Delivered
PO-2022-02286,11/1/2022,SUP011,P01749,4180,35.06,146530.77,11/9/2022,11/18/2022,Delivered
PO-2022-02287,9/8/2023,SUP078,P01122,1857,9.87,18334.96,10/24/2023,11/1/2023,Delivered
PO-2022-02288,7/9/2023,SUP102,P00512,3160,49.97,157902.05,8/25/2023,8/22/2023,Delivered
PO-2022-02289,3/28/2023,SUP038,P01760,1242,12.5,15525.29,5/17/2023,5/14/2023,Delivered
PO-2022-02290,7/19/2023,SUP125,P00903,1570,46.41,72861.79,8/23/2023,8/26/2023,Delivered
PO-2022-02291,10/18/2022,SUP108,P00599,3012,4.11,12383.26,11/16/2022,11/20/2022,Delivered
PO-2022-02292,2/20/2022,SUP042,P00771,2612,51.08,133410.24,3/26/2022,3/27/2022,Delivered
PO-2022-02293,6/22/2022,SUP073,P01731,3511,45.02,158082.02,7/13/2022,7/16/2022,Delivered
PO-2022-02294,7/15/2022,SUP069,P01049,3735,16.05,59953.9,8/26/2022,8/24/2022,Delivered
PO-2022-02295,2/9/2022,SUP067,P00728,2604,39.58,103058.29,4/4/2022,4/3/2022,Delivered
PO-2022-02296,1/2/2022,SUP113,P00216,4972,46.13,229343.37,2/5/2022,2/1/2022,Delivered
PO-2022-02297,2/27/2022,SUP048,P00138,1744,39.61,69081.27,4/10/2022,4/10/2022,Delivered
PO-2022-02298,10/2/2023,SUP142,P01222,2349,13.32,31296.78,10/18/2023,10/26/2023,Delivered
PO-2022-02299,10/6/2023,SUP108,P00595,2648,30.46,80654.07,11/4/2023,11/8/2023,Delivered
PO-2022-02300,10/21/2022,SUP073,P00195,4242,17.71,75131.68,11/11/2022,11/7/2022,Delivered
PO-2022-02301,5/2/2023,SUP086,P01603,4904,35.16,172421.44,6/6/2023,6/3/2023,Delivered
PO-2022-02302,11/11/2023,SUP128,P01189,2366,3.36,7950.64,12/1/2023,,Pending
PO-2022-02303,11/12/2023,SUP083,P01450,4482,27.82,124692.87,12/17/2023,12/14/2023,Delivered
PO-2022-02304,10/21/2022,SUP046,P00886,3618,42.21,152724.79,11/26/2022,11/26/2022,Delivered
PO-2022-02305,4/6/2022,SUP136,P01463,2318,25.96,60185.5,4/18/2022,4/16/2022,Delivered
PO-2022-02306,7/11/2023,SUP079,P01023,4727,39.15,185047.59,8/26/2023,8/29/2023,Delivered
PO-2022-02307,12/14/2023,SUP025,P01832,741,40.26,29829.62,1/10/2024,1/19/2024,Delivered
PO-2022-02308,6/3/2022,SUP121,P01363,2121,45.09,95629.67,6/20/2022,6/17/2022,Delivered
PO-2022-02309,11/2/2023,SUP016,P00537,1377,43.19,59476.43,11/24/2023,11/23/2023,Delivered
PO-2022-02310,12/12/2023,SUP022,P00312,3581,11.11,39801.81,1/16/2024,1/11/2024,Delivered
PO-2022-02311,8/5/2022,SUP030,P00913,2569,25.98,66746.12,9/23/2022,9/22/2022,Delivered
PO-2022-02312,11/20/2022,SUP062,P01727,4480,21.71,97272.45,12/23/2022,12/19/2022,Delivered
PO-2022-02313,8/1/2023,SUP025,P01860,3831,34.44,131958.39,8/28/2023,8/26/2023,Delivered
PO-2022-02314,9/27/2023,SUP112,P01826,181,43.99,7962.72,10/31/2023,11/7/2023,Delivered
PO-2022-02315,12/27/2022,SUP070,P01952,1189,36.04,42855.5,1/30/2023,2/4/2023,Delivered
PO-2022-02316,8/1/2023,SUP075,P01516,100,14.73,1472.7,8/18/2023,8/26/2023,Delivered
PO-2022-02317,9/20/2023,SUP083,P00795,2166,47.11,102050.33,10/25/2023,10/23/2023,Delivered
PO-2022-02318,8/29/2022,SUP007,P00549,4566,49.82,227493.05,10/10/2022,10/13/2022,Delivered
PO-2022-02319,12/3/2022,SUP069,P00681,1265,29.8,37699.85,1/14/2023,1/23/2023,Delivered
PO-2022-02320,2/17/2022,SUP062,P00524,2358,8.65,20406.05,3/22/2022,3/27/2022,Delivered
PO-2022-02321,7/6/2022,SUP110,P01314,4692,29.06,136364.11,8/28/2022,8/24/2022,Delivered
PO-2022-02322,2/16/2023,SUP106,P00936,1368,28.41,38871.66,2/26/2023,2/24/2023,Delivered
PO-2022-02323,1/27/2023,SUP067,P01089,1927,11.29,21751.5,3/22/2023,3/24/2023,Delivered
PO-2022-02324,7/31/2022,SUP051,P01455,4363,25.14,109700.94,8/29/2022,9/2/2022,Delivered
PO-2022-02325,6/20/2022,SUP133,P00183,115,1.8,207.5,7/19/2022,7/23/2022,Delivered
PO-2022-02326,4/20/2022,SUP046,P00306,2153,23.86,51363.03,5/26/2022,5/29/2022,Delivered
PO-2022-02327,10/18/2023,SUP107,P01114,1083,34.15,36987.78,10/27/2023,10/22/2023,Delivered
PO-2022-02328,4/25/2022,SUP022,P00080,3739,6.58,24611.63,5/30/2022,5/28/2022,Delivered
PO-2022-02329,10/19/2022,SUP125,P00291,4737,31.47,149059.45,11/23/2022,11/22/2022,Delivered
PO-2022-02330,4/25/2023,SUP076,P00381,1804,24.2,43651.77,5/21/2023,5/23/2023,Delivered
PO-2022-02331,3/1/2023,SUP129,P00226,1597,7.06,11273.29,3/11/2023,3/17/2023,Delivered
PO-2022-02332,7/19/2023,SUP055,P01606,4839,6.69,32383.56,9/2/2023,9/7/2023,Delivered
PO-2022-02333,2/17/2023,SUP142,P00338,4043,23.31,94244.66,3/5/2023,3/4/2023,Delivered
PO-2022-02334,12/11/2022,SUP071,P01571,1042,42.31,44083.48,1/3/2023,1/2/2023,Delivered
PO-2022-02335,4/12/2023,SUP098,P00294,3712,45.63,169396.84,5/7/2023,5/14/2023,Delivered
PO-2022-02336,9/16/2022,SUP094,P01182,920,37.31,34324.19,10/8/2022,10/8/2022,Delivered
PO-2022-02337,5/24/2023,SUP031,P00016,4720,22.22,104888.85,7/17/2023,7/23/2023,Delivered
PO-2022-02338,10/8/2022,SUP073,P01182,1483,42.71,63336.88,10/29/2022,11/6/2022,Delivered
PO-2022-02339,1/21/2022,SUP136,P01371,3067,6.66,20438.3,2/2/2022,,Pending
PO-2022-02340,3/14/2023,SUP120,P01770,1669,7.83,13070.12,4/8/2023,,Pending
PO-2022-02341,5/4/2023,SUP140,P01547,491,13.12,6440.79,6/21/2023,,Pending
PO-2022-02342,8/23/2023,SUP019,P01023,4608,38.74,178508.89,10/9/2023,,Cancelled
PO-2022-02343,9/18/2022,SUP063,P00959,434,26.51,11504,10/14/2022,,Cancelled
PO-2022-02344,3/12/2022,SUP099,P00903,3532,43.54,153793.01,4/7/2022,4/14/2022,Delivered
PO-2022-02345,2/7/2023,SUP125,P01952,3457,37.41,129316.06,3/14/2023,3/13/2023,Delivered
PO-2022-02346,8/18/2023,SUP122,P01376,1978,27.07,53551.45,9/8/2023,9/16/2023,Delivered
PO-2022-02347,3/8/2022,SUP034,P00322,4761,16.93,80599.01,4/12/2022,4/19/2022,Delivered
PO-2022-02348,6/2/2022,SUP035,P01553,4566,3.46,15780.45,7/27/2022,8/1/2022,Delivered
PO-2022-02349,9/28/2023,SUP059,P01428,4336,21.26,92171.03,10/17/2023,,Cancelled
PO-2022-02350,8/27/2023,SUP106,P00021,3177,14.58,46328.14,9/6/2023,9/4/2023,Delivered
PO-2022-02351,3/29/2023,SUP093,P00393,1369,48.65,66596.48,5/15/2023,5/21/2023,Delivered
PO-2022-02352,8/6/2023,SUP048,P01261,4894,18.53,90691.58,9/17/2023,9/25/2023,Delivered
PO-2022-02353,8/8/2022,SUP035,P01936,3940,28.17,111003.66,10/2/2022,10/3/2022,Delivered
PO-2022-02354,8/30/2022,SUP022,P00210,3893,48.87,190263.03,10/4/2022,9/30/2022,Delivered
PO-2022-02355,6/27/2022,SUP012,P01899,2134,26.65,56870.16,8/13/2022,8/15/2022,Delivered
PO-2022-02356,10/2/2022,SUP062,P00948,152,20.02,3043.05,11/4/2022,,Cancelled
PO-2022-02357,8/27/2023,SUP058,P00417,2656,24.07,63922.95,9/6/2023,9/6/2023,Delivered
PO-2022-02358,2/26/2023,SUP144,P00334,437,23.46,10253.83,4/3/2023,4/3/2023,Delivered
PO-2022-02359,3/5/2022,SUP016,P00657,2928,45.5,133219.42,3/27/2022,4/4/2022,Delivered
PO-2022-02360,2/25/2023,SUP064,P00309,1767,10.7,18903.09,4/24/2023,4/19/2023,Delivered
PO-2022-02361,2/11/2022,SUP085,P00320,3158,2.6,8223.68,4/5/2022,4/10/2022,Delivered
PO-2022-02362,8/28/2023,SUP007,P01993,3706,24.51,90851.29,10/9/2023,10/7/2023,Delivered
PO-2022-02363,8/16/2023,SUP027,P00627,4289,24.69,105878.97,10/3/2023,10/11/2023,Delivered
PO-2022-02364,11/16/2023,SUP016,P00890,3811,6.32,24099.71,12/8/2023,12/11/2023,Delivered
PO-2022-02365,4/18/2022,SUP082,P00540,1832,31.29,57318.62,6/11/2022,6/11/2022,Delivered
PO-2022-02366,6/9/2022,SUP103,P01420,2089,11.3,23600.88,8/5/2022,,Pending
PO-2022-02367,2/22/2023,SUP094,P01385,2256,27.77,62640.24,3/16/2023,3/22/2023,Delivered
PO-2022-02368,12/6/2023,SUP078,P00269,4017,7.06,28356.09,1/21/2024,1/30/2024,Delivered
PO-2022-02369,9/2/2023,SUP098,P01466,4687,28.65,134259.62,9/27/2023,10/1/2023,Delivered
PO-2022-02370,10/22/2022,SUP030,P01832,1254,39.58,49635.62,12/10/2022,12/15/2022,Delivered
PO-2022-02371,10/13/2022,SUP039,P00368,4681,20.5,95981.68,12/9/2022,12/10/2022,Delivered
PO-2022-02372,6/19/2022,SUP128,P00771,177,45.19,7998.53,7/9/2022,7/12/2022,Delivered
PO-2022-02373,8/12/2023,SUP112,P00762,664,52.06,34565.6,9/15/2023,9/22/2023,Delivered
PO-2022-02374,12/31/2022,SUP095,P00678,3438,29.99,103095.54,1/17/2023,1/25/2023,Delivered
PO-2022-02375,1/3/2023,SUP112,P00209,3745,10.73,40200.29,2/6/2023,2/10/2023,Delivered
PO-2022-02376,1/12/2022,SUP147,P01219,3245,15.35,49804.32,3/8/2022,3/13/2022,Delivered
PO-2022-02377,3/12/2023,SUP043,P01567,1679,10.2,17131.47,4/18/2023,4/15/2023,Delivered
PO-2022-02378,2/20/2023,SUP040,P01847,2490,22.76,56662.07,4/6/2023,4/8/2023,Delivered
PO-2022-02379,1/24/2022,SUP125,P01466,2251,28.33,63772.42,2/28/2022,2/28/2022,Delivered
PO-2022-02380,8/31/2022,SUP093,P01878,4030,30.92,124607.62,10/17/2022,10/18/2022,Delivered
PO-2022-02381,6/9/2022,SUP001,P00714,675,16.73,11291.08,7/19/2022,7/19/2022,Delivered
PO-2022-02382,11/24/2023,SUP082,P00247,2476,36.56,90520.6,1/17/2024,1/20/2024,Delivered
PO-2022-02383,2/24/2022,SUP053,P01377,509,28.89,14703.12,4/5/2022,4/14/2022,Delivered
PO-2022-02384,5/27/2022,SUP027,P01635,1814,14.51,26323.16,7/14/2022,7/18/2022,Delivered
PO-2022-02385,5/25/2022,SUP131,P00027,3237,44.51,144093.74,7/8/2022,7/5/2022,Delivered
PO-2022-02386,9/7/2022,SUP012,P01576,4410,24.64,108677.47,10/24/2022,10/28/2022,Delivered
PO-2022-02387,1/1/2022,SUP010,P01904,2527,24.82,62722.15,2/19/2022,,Cancelled
PO-2022-02388,10/29/2022,SUP148,P01441,1993,21.45,42753.12,11/16/2022,11/13/2022,Delivered
PO-2022-02389,4/4/2023,SUP082,P01294,3146,24.56,77250.03,5/28/2023,5/26/2023,Delivered
PO-2022-02390,9/4/2022,SUP142,P01985,1646,33.75,55558.99,9/20/2022,9/26/2022,Delivered
PO-2022-02391,10/30/2022,SUP126,P00909,4175,33.73,140814.03,12/3/2022,12/9/2022,Delivered
PO-2022-02392,8/11/2023,SUP117,P00962,1463,14.01,20502.65,9/9/2023,9/4/2023,Delivered
PO-2022-02393,2/12/2022,SUP109,P01649,2852,21.58,61541.1,4/4/2022,4/12/2022,Delivered
PO-2022-02394,12/20/2022,SUP091,P00555,2213,27.48,60817.53,1/27/2023,,Cancelled
PO-2022-02395,5/15/2022,SUP093,P00084,2077,45.54,94585.31,7/1/2022,6/29/2022,Delivered
PO-2022-02396,2/4/2022,SUP104,P00755,1566,16.34,25588.01,3/7/2022,3/7/2022,Delivered
PO-2022-02397,5/23/2023,SUP055,P01694,2032,35.13,71381.95,7/7/2023,,Cancelled
PO-2022-02398,10/8/2023,SUP046,P00948,4051,19.64,79542.51,11/13/2023,11/12/2023,Delivered
PO-2022-02399,3/25/2023,SUP011,P01515,1362,23.13,31509.83,4/2/2023,4/4/2023,Delivered
PO-2022-02400,3/20/2022,SUP149,P00521,3031,8.04,24375.05,4/10/2022,4/9/2022,Delivered
PO-2022-02401,7/31/2023,SUP077,P01838,2780,11.99,33334.32,9/18/2023,9/13/2023,Delivered
PO-2022-02402,7/21/2023,SUP105,P01134,3595,18.33,65883.16,9/18/2023,9/22/2023,Delivered
PO-2022-02403,9/29/2023,SUP098,P01318,1516,30.61,46406.27,10/24/2023,11/1/2023,Delivered
PO-2022-02404,11/12/2022,SUP006,P01508,4222,27.25,115038.99,12/24/2022,12/27/2022,Delivered
PO-2022-02405,9/30/2022,SUP003,P01802,2722,29.16,79365.78,11/5/2022,11/7/2022,Delivered
PO-2022-02406,1/28/2023,SUP035,P01795,3165,51.2,162056.56,3/24/2023,3/31/2023,Delivered
PO-2022-02407,4/13/2022,SUP104,P01184,1527,5.61,8568.2,5/14/2022,,Pending
PO-2022-02408,5/12/2022,SUP100,P00273,633,1.66,1053.28,5/22/2022,5/27/2022,Delivered
PO-2022-02409,6/30/2022,SUP032,P00532,3176,43.09,136847.49,8/19/2022,8/15/2022,Delivered
PO-2022-02410,9/19/2022,SUP021,P00012,2684,4.68,12572.86,10/1/2022,10/3/2022,Delivered
PO-2022-02411,1/8/2022,SUP120,P00228,4571,19.53,89264.38,2/2/2022,1/28/2022,Delivered
PO-2022-02412,5/30/2023,SUP072,P01807,4896,16.73,81930.97,7/7/2023,7/13/2023,Delivered
PO-2022-02413,2/6/2022,SUP113,P00615,3014,44.27,133423.87,3/12/2022,3/16/2022,Delivered
PO-2022-02414,10/5/2022,SUP134,P01709,1443,16.62,23979.33,11/25/2022,11/21/2022,Delivered
PO-2022-02415,10/29/2023,SUP075,P00913,2542,25.03,63615.09,11/15/2023,11/18/2023,Delivered
PO-2022-02416,12/30/2023,SUP081,P01508,1208,25.75,31106.76,2/18/2024,,Cancelled
PO-2022-02417,2/18/2022,SUP110,P00242,1176,11.67,13723.76,4/12/2022,4/11/2022,Delivered
PO-2022-02418,2/25/2022,SUP119,P01480,2402,8.54,20503.1,3/28/2022,3/31/2022,Delivered
PO-2022-02419,4/8/2022,SUP017,P00577,426,19.25,8199.75,4/17/2022,4/17/2022,Delivered
PO-2022-02420,12/25/2023,SUP084,P00495,1238,24.17,29922.08,1/16/2024,1/12/2024,Delivered
PO-2022-02421,4/5/2022,SUP068,P00907,1224,52.43,64179.53,5/9/2022,,Shipped
PO-2022-02422,4/18/2023,SUP110,P01032,235,39.17,9204.62,6/10/2023,,Cancelled
PO-2022-02423,11/28/2023,SUP108,P00147,4912,32.92,161684,12/27/2023,1/4/2024,Delivered
PO-2022-02424,3/20/2023,SUP126,P01541,2870,9.01,25858.01,4/23/2023,4/24/2023,Delivered
PO-2022-02425,9/21/2023,SUP043,P00720,4881,40.71,198704.69,10/28/2023,10/29/2023,Delivered
PO-2022-02426,3/28/2022,SUP075,P01520,4314,2.96,12748.6,4/14/2022,4/11/2022,Delivered
PO-2022-02427,5/20/2023,SUP041,P00690,1665,18.28,30430.7,6/19/2023,6/26/2023,Delivered
PO-2022-02428,5/2/2023,SUP003,P01048,2042,3.05,6221,6/7/2023,6/2/2023,Delivered
PO-2022-02429,11/3/2023,SUP067,P01776,2561,1.83,4688.07,12/27/2023,12/30/2023,Delivered
PO-2022-02430,4/29/2022,SUP033,P00018,4008,41.74,167275.45,5/15/2022,5/23/2022,Delivered
PO-2022-02431,2/1/2023,SUP020,P00580,4729,45.32,214326.05,2/19/2023,2/15/2023,Delivered
PO-2022-02432,9/9/2023,SUP033,P01029,2276,50.38,114673.66,9/25/2023,9/23/2023,Delivered
PO-2022-02433,3/24/2022,SUP071,P01142,3529,9.88,34878.8,4/16/2022,4/17/2022,Delivered
PO-2022-02434,10/13/2022,SUP087,P00570,4794,20.62,98855.19,11/7/2022,11/6/2022,Delivered
PO-2022-02435,11/10/2022,SUP031,P01179,1129,13.01,14689.72,1/3/2023,12/29/2022,Delivered
PO-2022-02436,3/30/2022,SUP085,P00040,780,36.89,28775.29,5/22/2022,5/18/2022,Delivered
PO-2022-02437,6/11/2023,SUP141,P00290,905,6.99,6325.99,8/7/2023,8/8/2023,Delivered
PO-2022-02438,1/17/2023,SUP022,P01007,1432,9.12,13063.1,2/21/2023,,Pending
PO-2022-02439,1/13/2023,SUP098,P01010,3949,20.08,79310.56,2/7/2023,2/10/2023,Delivered
PO-2022-02440,12/8/2022,SUP055,P00936,3618,24.48,88556.47,1/22/2023,,Pending
PO-2022-02441,11/28/2022,SUP071,P00350,2467,38.61,95248.29,12/21/2022,12/27/2022,Delivered
PO-2022-02442,10/13/2023,SUP023,P00502,1615,6.21,10027.39,11/21/2023,11/21/2023,Delivered
PO-2022-02443,12/12/2023,SUP120,P00463,1772,15.14,26824.68,1/6/2024,,Cancelled
PO-2022-02444,3/3/2023,SUP008,P01891,406,18.73,7603.9,3/27/2023,3/24/2023,Delivered
PO-2022-02445,8/18/2022,SUP149,P01278,1527,42.23,64484.11,9/8/2022,9/14/2022,Delivered
PO-2022-02446,11/19/2022,SUP125,P01215,2061,4.18,8610,12/24/2022,12/29/2022,Delivered
PO-2022-02447,12/5/2022,SUP100,P00319,4306,36.05,155249.35,12/15/2022,12/18/2022,Delivered
PO-2022-02448,1/17/2022,SUP048,P01329,616,32.52,20030.15,2/28/2022,,Pending
PO-2022-02449,5/12/2022,SUP051,P01345,596,33.93,20221.17,6/10/2022,6/8/2022,Delivered
PO-2022-02450,6/27/2023,SUP011,P01035,181,17.96,3250.54,7/5/2023,7/7/2023,Delivered
PO-2022-02451,11/22/2023,SUP083,P01586,3690,31.44,116023.49,12/27/2023,12/25/2023,Delivered
PO-2022-02452,6/30/2022,SUP041,P01107,1689,27.01,45613.01,7/30/2022,7/25/2022,Delivered
PO-2022-02453,5/3/2023,SUP107,P01373,3294,37.7,124194.41,5/12/2023,5/9/2023,Delivered
PO-2022-02454,6/14/2023,SUP065,P00327,2300,40.03,92066.73,7/15/2023,,Shipped
PO-2022-02455,3/30/2022,SUP145,P01903,178,25.15,4477.52,5/18/2022,5/24/2022,Delivered
PO-2022-02456,11/28/2023,SUP061,P00155,1246,25.49,31756.24,1/19/2024,1/19/2024,Delivered
PO-2022-02457,11/26/2022,SUP105,P00328,1626,3.21,5213.88,1/24/2023,1/27/2023,Delivered
PO-2022-02458,10/22/2022,SUP035,P01278,2648,39.76,105289.58,12/16/2022,12/14/2022,Delivered
PO-2022-02459,5/31/2023,SUP097,P01015,4862,33.44,162592.75,7/3/2023,7/4/2023,Delivered
PO-2022-02460,7/29/2023,SUP115,P00108,3194,21.6,68990.45,9/7/2023,9/10/2023,Delivered
PO-2022-02461,10/31/2022,SUP035,P01418,3600,3.72,13390.23,12/25/2022,,Shipped
PO-2022-02462,8/11/2022,SUP011,P00230,2586,29.25,75650.1,8/19/2022,8/21/2022,Delivered
PO-2022-02463,9/27/2023,SUP109,P00399,4817,18.32,88262.82,11/17/2023,,Cancelled
PO-2022-02464,2/7/2023,SUP044,P01733,1965,17.72,34819.47,3/28/2023,4/4/2023,Delivered
PO-2022-02465,4/8/2022,SUP135,P00058,4372,44.27,193560.96,5/18/2022,5/23/2022,Delivered
PO-2022-02466,3/27/2023,SUP074,P00675,945,19.7,18613.12,5/12/2023,5/19/2023,Delivered
PO-2022-02467,1/29/2022,SUP010,P01568,3257,11.89,38714.08,3/19/2022,3/22/2022,Delivered
PO-2022-02468,7/9/2022,SUP083,P00371,2998,23.8,71367.2,8/13/2022,8/17/2022,Delivered
PO-2022-02469,9/26/2022,SUP145,P01954,3511,51.55,180996.41,11/14/2022,11/22/2022,Delivered
PO-2022-02470,12/9/2022,SUP119,P01076,2058,44.73,92044.89,1/9/2023,1/13/2023,Delivered
PO-2022-02471,4/9/2022,SUP092,P01760,2689,10.64,28602.66,4/29/2022,5/8/2022,Delivered
PO-2022-02472,11/28/2023,SUP048,P01716,4668,42.34,197639.61,1/9/2024,1/4/2024,Delivered
PO-2022-02473,12/10/2022,SUP013,P00940,2841,12.3,34933.12,1/13/2023,1/20/2023,Delivered
PO-2022-02474,6/23/2022,SUP080,P00846,792,13.04,10329.05,8/20/2022,8/28/2022,Delivered
PO-2022-02475,8/25/2022,SUP089,P01247,436,16.63,7251.09,10/8/2022,10/17/2022,Delivered
PO-2022-02476,7/1/2023,SUP054,P00161,2136,43.4,92705.52,8/18/2023,8/26/2023,Delivered
PO-2022-02477,4/29/2023,SUP103,P01554,2381,1.55,3702.21,6/25/2023,6/23/2023,Delivered
PO-2022-02478,2/13/2023,SUP022,P00711,4267,44.77,191048.89,3/20/2023,,Cancelled
PO-2022-02479,12/21/2022,SUP029,P00151,3432,17.66,60608.79,1/17/2023,1/23/2023,Delivered
PO-2022-02480,5/10/2022,SUP036,P00536,1169,8.4,9824.53,6/29/2022,6/28/2022,Delivered
PO-2022-02481,1/2/2023,SUP064,P00005,4189,9.69,40588.97,3/1/2023,2/25/2023,Delivered
PO-2022-02482,11/21/2022,SUP079,P01391,676,39.74,26861.75,1/6/2023,1/13/2023,Delivered
PO-2022-02483,5/9/2022,SUP003,P00895,1883,30.41,57263.3,6/14/2022,6/22/2022,Delivered
PO-2022-02484,4/4/2022,SUP054,P00587,2233,18.1,40417.33,5/22/2022,5/31/2022,Delivered
PO-2022-02485,2/12/2022,SUP063,P01734,3541,26.32,93201.75,3/10/2022,3/15/2022,Delivered
PO-2022-02486,12/7/2023,SUP034,P00102,2493,40.24,100321.12,1/11/2024,1/19/2024,Delivered
PO-2022-02487,10/7/2022,SUP096,P01829,1998,17.85,35670.63,10/21/2022,10/20/2022,Delivered
PO-2022-02488,7/8/2022,SUP098,P00568,3909,6.3,24625.7,8/2/2022,,Cancelled
PO-2022-02489,6/25/2023,SUP087,P00934,1080,23.51,25388.87,7/20/2023,7/25/2023,Delivered
PO-2022-02490,7/28/2022,SUP144,P00194,363,37.64,13663.53,9/2/2022,8/31/2022,Delivered
PO-2022-02491,6/5/2023,SUP023,P01153,3473,10.7,37178.13,7/14/2023,,Pending
PO-2022-02492,4/11/2023,SUP095,P01524,4712,30.96,145864.57,4/28/2023,4/24/2023,Delivered
PO-2022-02493,4/10/2023,SUP052,P01611,712,22.62,16105,6/7/2023,6/14/2023,Delivered
PO-2022-02494,7/9/2023,SUP146,P00330,3900,9.68,37754.73,8/8/2023,8/9/2023,Delivered
PO-2022-02495,10/9/2022,SUP079,P00870,3217,32.16,103466.77,11/24/2022,,Cancelled
PO-2022-02496,10/5/2022,SUP131,P00771,1169,52.3,61142.94,11/18/2022,11/27/2022,Delivered
PO-2022-02497,7/10/2023,SUP129,P01612,3840,32.91,126357.75,7/20/2023,7/18/2023,Delivered
PO-2022-02498,2/22/2023,SUP120,P00725,186,35.97,6690.91,3/19/2023,3/21/2023,Delivered
PO-2022-02499,2/11/2022,SUP100,P01254,4937,3.31,16331.92,2/21/2022,2/18/2022,Delivered
PO-2022-02500,11/18/2022,SUP089,P00442,1586,31.24,49547.76,1/1/2023,12/29/2022,Delivered
PO-2022-02501,9/27/2022,SUP146,P00547,3829,14.97,57325.27,10/27/2022,10/29/2022,Delivered
PO-2022-02502,2/25/2023,SUP073,P00849,3033,15.22,46170.16,3/18/2023,3/23/2023,Delivered
PO-2022-02503,2/7/2022,SUP093,P01893,2581,10.65,27489.52,3/26/2022,3/26/2022,Delivered
PO-2022-02504,6/30/2022,SUP044,P00841,3594,45.51,163566.56,8/18/2022,8/14/2022,Delivered
PO-2022-02505,3/23/2022,SUP035,P00600,4297,29.32,125992.54,5/17/2022,5/22/2022,Delivered
PO-2022-02506,11/6/2022,SUP103,P01464,2306,28.82,66451.32,1/2/2023,12/28/2022,Delivered
PO-2022-02507,2/24/2022,SUP071,P00033,657,27.53,18085.64,3/19/2022,3/26/2022,Delivered
PO-2022-02508,3/24/2023,SUP033,P01772,3072,15.92,48919.9,4/9/2023,4/17/2023,Delivered
PO-2022-02509,8/23/2022,SUP109,P01788,4335,4.63,20091.75,10/13/2022,,Cancelled
PO-2022-02510,7/27/2023,SUP025,P00523,115,52.03,5983.34,8/23/2023,8/23/2023,Delivered
PO-2022-02511,6/19/2022,SUP128,P01066,3160,43.24,136628.63,7/9/2022,7/12/2022,Delivered
PO-2022-02512,7/26/2022,SUP002,P01604,1333,10.94,14586.34,8/19/2022,8/19/2022,Delivered
PO-2022-02513,6/29/2022,SUP005,P00130,3816,6.23,23789.79,8/12/2022,8/13/2022,Delivered
PO-2022-02514,9/19/2023,SUP004,P01623,605,21.41,12953.24,10/21/2023,10/30/2023,Delivered
PO-2022-02515,9/21/2023,SUP104,P01964,2966,11.09,32891.95,10/22/2023,10/28/2023,Delivered
PO-2022-02516,3/5/2023,SUP034,P01150,3881,2.45,9514.95,4/9/2023,,Pending
PO-2022-02517,5/8/2023,SUP067,P01213,4194,11,46146.98,7/1/2023,,Pending
PO-2022-02518,11/14/2022,SUP074,P01615,1684,24.14,40643.75,12/30/2022,1/5/2023,Delivered
PO-2022-02519,10/19/2022,SUP024,P00642,1595,22.51,35902.57,12/5/2022,11/30/2022,Delivered
PO-2022-02520,9/3/2022,SUP080,P01095,1824,28.18,51406.79,10/31/2022,11/3/2022,Delivered
PO-2022-02521,8/6/2023,SUP064,P01247,4355,14.86,64719.34,10/3/2023,,Cancelled
PO-2022-02522,4/24/2023,SUP046,P01327,4081,1.5,6132.1,5/30/2023,5/31/2023,Delivered
PO-2022-02523,12/2/2023,SUP031,P01187,3147,41.27,129878.02,1/25/2024,1/26/2024,Delivered
PO-2022-02524,3/31/2023,SUP056,P00102,4970,36.25,180184.23,4/23/2023,4/18/2023,Delivered
PO-2022-02525,7/26/2023,SUP006,P00148,3543,47.69,168971.07,9/6/2023,9/15/2023,Delivered
PO-2022-02526,11/5/2023,SUP051,P00158,1022,44.54,45515.84,12/4/2023,12/1/2023,Delivered
PO-2022-02527,2/23/2022,SUP075,P00565,4662,43.52,202867.47,3/12/2022,3/12/2022,Delivered
PO-2022-02528,5/18/2022,SUP011,P00926,3821,46.46,177523.24,5/26/2022,5/29/2022,Delivered
PO-2022-02529,7/30/2022,SUP114,P00663,3295,15.26,50287.59,9/22/2022,,Shipped
PO-2022-02530,12/24/2022,SUP097,P01954,2668,52.89,141100.33,1/26/2023,1/22/2023,Delivered
PO-2022-02531,11/24/2022,SUP081,P01590,542,25.21,13661.92,1/13/2023,1/18/2023,Delivered
PO-2022-02532,3/27/2023,SUP068,P00487,2886,52.2,150645.16,4/30/2023,5/2/2023,Delivered
PO-2022-02533,1/6/2023,SUP117,P00986,1678,4.33,7257.87,2/4/2023,1/31/2023,Delivered
PO-2022-02534,5/10/2022,SUP023,P00883,3002,31.33,94039.14,6/18/2022,6/14/2022,Delivered
PO-2022-02535,6/6/2023,SUP121,P00442,3995,33.13,132345.05,6/23/2023,6/26/2023,Delivered
PO-2022-02536,5/27/2023,SUP055,P01174,1978,31.51,62318.97,7/11/2023,7/20/2023,Delivered
PO-2022-02537,2/17/2022,SUP041,P01449,4712,29.76,140242.33,3/19/2022,,Cancelled
PO-2022-02538,5/15/2023,SUP115,P01214,3934,1.03,4056.81,6/24/2023,6/25/2023,Delivered
PO-2022-02539,11/18/2022,SUP013,P01451,395,35.73,14112.93,12/22/2022,,Cancelled
PO-2022-02540,5/3/2023,SUP082,P01981,3965,41.34,163908.22,6/26/2023,6/23/2023,Delivered
PO-2022-02541,5/14/2023,SUP073,P00435,218,3.26,710.63,6/4/2023,6/6/2023,Delivered
PO-2022-02542,6/23/2023,SUP044,P01537,1802,8.79,15832.8,8/11/2023,8/9/2023,Delivered
PO-2022-02543,6/17/2023,SUP138,P00014,2903,46.48,134921.9,8/3/2023,8/8/2023,Delivered
PO-2022-02544,5/2/2022,SUP059,P01604,3976,11.24,44709.79,5/21/2022,,Shipped
PO-2022-02545,1/29/2023,SUP147,P01372,629,37.06,23311.25,3/25/2023,3/24/2023,Delivered
PO-2022-02546,9/20/2022,SUP042,P01562,4617,32.46,149873.84,10/24/2022,10/19/2022,Delivered
PO-2022-02547,4/17/2022,SUP069,P00059,3163,19.87,62844.76,5/29/2022,5/26/2022,Delivered
PO-2022-02548,6/15/2022,SUP027,P01959,2151,13.71,29485.44,8/2/2022,7/28/2022,Delivered
PO-2022-02549,6/23/2023,SUP120,P00346,830,21.86,18146.79,7/18/2023,,Pending
PO-2022-02550,7/21/2022,SUP072,P00464,2780,41.7,115933.31,8/28/2022,9/1/2022,Delivered
PO-2022-02551,3/5/2022,SUP012,P01657,1347,33.76,45473.23,4/21/2022,4/29/2022,Delivered
PO-2022-02552,5/21/2023,SUP011,P01078,1280,4.83,6183.78,5/29/2023,5/26/2023,Delivered
PO-2022-02553,2/7/2023,SUP141,P01612,2333,29.79,69509.85,4/5/2023,3/31/2023,Delivered
PO-2022-02554,10/3/2023,SUP016,P01655,4197,17.94,75292.23,10/25/2023,10/29/2023,Delivered
PO-2022-02555,3/6/2023,SUP067,P01256,4631,5.85,27096.57,4/29/2023,4/29/2023,Delivered
PO-2022-02556,3/1/2022,SUP090,P00074,3597,15.74,56630.65,3/18/2022,,Shipped
PO-2022-02557,6/29/2022,SUP006,P01009,2413,44.76,108001.64,8/10/2022,,Cancelled
PO-2022-02558,2/18/2022,SUP098,P01404,3420,29.03,99294.88,3/15/2022,,Pending
PO-2022-02559,10/26/2022,SUP067,P01381,1073,21.29,22839.97,12/19/2022,12/28/2022,Delivered
PO-2022-02560,6/19/2023,SUP031,P01396,4034,3.68,14860.54,8/12/2023,8/17/2023,Delivered
PO-2022-02561,8/20/2023,SUP100,P00636,4612,26.75,123371.86,8/30/2023,8/27/2023,Delivered
PO-2022-02562,10/30/2023,SUP011,P01303,1087,27.31,29689.35,11/7/2023,11/7/2023,Delivered
PO-2022-02563,9/29/2023,SUP054,P01239,127,49.87,6334.03,11/16/2023,11/17/2023,Delivered
PO-2022-02564,7/13/2022,SUP087,P00442,1957,32.17,62955.7,8/7/2022,8/11/2022,Delivered
PO-2022-02565,1/14/2022,SUP092,P00140,1494,17.69,26427.56,2/3/2022,2/3/2022,Delivered
PO-2022-02566,5/7/2023,SUP089,P01836,3351,7.07,23693.91,6/20/2023,6/29/2023,Delivered
PO-2022-02567,4/15/2022,SUP134,P00722,1796,5.26,9439.79,6/5/2022,6/12/2022,Delivered
PO-2022-02568,5/5/2022,SUP012,P01492,3088,28.58,88247.02,6/21/2022,6/29/2022,Delivered
PO-2022-02569,11/11/2022,SUP117,P00296,501,46.21,23152.5,12/10/2022,12/14/2022,Delivered
PO-2022-02570,2/5/2022,SUP042,P00072,4763,48.14,229311.1,3/11/2022,3/7/2022,Delivered
PO-2022-02571,7/30/2022,SUP114,P01685,2938,44.62,131089.27,9/22/2022,9/23/2022,Delivered
PO-2022-02572,12/3/2023,SUP072,P01644,1203,50.8,61113.88,1/10/2024,1/13/2024,Delivered
PO-2022-02573,9/2/2023,SUP096,P01898,325,17.87,5806.99,9/16/2023,9/14/2023,Delivered
PO-2022-02574,12/30/2023,SUP084,P00298,678,16.41,11125.42,1/21/2024,1/29/2024,Delivered
PO-2022-02575,5/17/2022,SUP025,P01469,4872,25.94,126399.25,6/13/2022,6/22/2022,Delivered
PO-2022-02576,9/27/2022,SUP059,P01784,1975,29.68,58616.63,10/16/2022,10/20/2022,Delivered
PO-2022-02577,1/19/2022,SUP065,P00423,3894,21.22,82627.83,2/19/2022,,Pending
PO-2022-02578,8/3/2023,SUP073,P00815,1274,26.79,34130.1,8/24/2023,8/23/2023,Delivered
PO-2022-02579,3/9/2022,SUP105,P01033,3675,16.38,60197.02,5/7/2022,5/4/2022,Delivered
PO-2022-02580,8/10/2023,SUP019,P00563,2375,4.71,11179.36,9/26/2023,,Shipped
PO-2022-02581,1/22/2023,SUP059,P01846,1437,33.98,48835.54,2/10/2023,2/10/2023,Delivered
PO-2022-02582,7/18/2023,SUP034,P00327,1626,45.7,74309.25,8/22/2023,8/31/2023,Delivered
PO-2022-02583,4/12/2022,SUP141,P01955,3780,18.01,68088.53,6/8/2022,6/16/2022,Delivered
PO-2022-02584,12/5/2022,SUP063,P00979,3933,14.39,56578.89,12/31/2022,12/31/2022,Delivered
PO-2022-02585,10/1/2023,SUP079,P00216,3091,43.79,135340.56,11/16/2023,11/18/2023,Delivered
PO-2022-02586,9/4/2022,SUP140,P00135,4129,10.65,43991.91,10/22/2022,10/28/2022,Delivered
PO-2022-02587,12/15/2023,SUP134,P00937,2008,32.18,64612.52,2/4/2024,2/6/2024,Delivered
PO-2022-02588,2/11/2023,SUP101,P00240,1336,9.91,13244.95,3/17/2023,3/18/2023,Delivered
PO-2022-02589,5/20/2023,SUP014,P01404,1867,31.03,57934.67,7/18/2023,7/17/2023,Delivered
PO-2022-02590,2/19/2022,SUP029,P00650,110,50.8,5587.49,3/18/2022,3/26/2022,Delivered
PO-2022-02591,6/16/2022,SUP052,P00842,4554,45.31,206329.07,8/13/2022,,Pending
PO-2022-02592,1/6/2022,SUP047,P01920,4551,46.5,211643.94,1/30/2022,2/8/2022,Delivered
PO-2022-02593,9/25/2022,SUP133,P00992,1340,44.27,59322.66,10/24/2022,10/21/2022,Delivered
PO-2022-02594,4/15/2023,SUP104,P01837,2123,13.51,28682.42,5/16/2023,5/18/2023,Delivered
PO-2022-02595,1/13/2022,SUP121,P00839,851,49.99,42542.78,1/30/2022,2/5/2022,Delivered
PO-2022-02596,9/8/2023,SUP130,P01432,2175,37.3,81131.31,9/28/2023,10/6/2023,Delivered
PO-2022-02597,1/19/2023,SUP077,P00085,4441,16.73,74311.7,3/9/2023,3/12/2023,Delivered
PO-2022-02598,7/24/2022,SUP080,P01695,4583,44.47,203808.6,9/20/2022,9/18/2022,Delivered
PO-2022-02599,10/11/2023,SUP046,P00104,3393,7.65,25959.29,11/16/2023,11/14/2023,Delivered
PO-2022-02600,8/8/2022,SUP099,P00988,3624,26.66,96606.48,9/3/2022,9/2/2022,Delivered
PO-2022-02601,4/16/2022,SUP087,P01224,1967,31.71,62378.42,5/11/2022,5/9/2022,Delivered
PO-2022-02602,6/23/2023,SUP070,P00854,2077,41.98,87186.5,7/27/2023,7/28/2023,Delivered
PO-2022-02603,10/8/2023,SUP014,P00174,2098,10.04,21072.41,12/6/2023,,Cancelled
PO-2022-02604,11/15/2022,SUP063,P00551,159,31.37,4987.07,12/11/2022,12/8/2022,Delivered
PO-2022-02605,8/8/2022,SUP112,P01953,2733,40.19,109828.4,9/11/2022,9/6/2022,Delivered
PO-2022-02606,3/20/2022,SUP126,P00065,2064,27.45,56664.73,4/23/2022,4/21/2022,Delivered
PO-2022-02607,7/27/2022,SUP061,P01245,2383,51.59,122929.71,9/17/2022,9/23/2022,Delivered
PO-2022-02608,4/13/2022,SUP115,P00524,3677,8.41,30930.18,5/23/2022,5/24/2022,Delivered
PO-2022-02609,8/2/2022,SUP051,P00322,3226,16.4,52898.05,8/31/2022,8/29/2022,Delivered
PO-2022-02610,1/15/2023,SUP142,P00450,1384,5.04,6972.02,1/31/2023,,Cancelled
PO-2022-02611,11/26/2022,SUP134,P01890,1967,33.41,65717.57,1/16/2023,1/15/2023,Delivered
PO-2022-02612,1/3/2023,SUP030,P00637,1664,51.63,85918.03,2/21/2023,2/24/2023,Delivered
PO-2022-02613,8/28/2022,SUP025,P00835,3843,16.99,65283.63,9/24/2022,10/3/2022,Delivered
PO-2022-02614,6/30/2022,SUP033,P00972,864,4.63,3999.17,7/16/2022,7/13/2022,Delivered
PO-2022-02615,11/20/2022,SUP145,P00943,3490,45.84,159970.92,1/8/2023,1/11/2023,Delivered
PO-2022-02616,7/16/2023,SUP074,P00180,1282,19.89,25504.23,8/31/2023,8/27/2023,Delivered
PO-2022-02617,9/13/2022,SUP024,P00249,4888,48.09,235046.95,10/30/2022,10/28/2022,Delivered
PO-2022-02618,4/17/2023,SUP048,P01736,3813,8.04,30638.31,5/29/2023,5/25/2023,Delivered
PO-2022-02619,9/16/2023,SUP144,P01722,4370,38.59,168642.92,10/22/2023,10/22/2023,Delivered
PO-2022-02620,9/26/2022,SUP029,P00470,4419,52.29,231059.85,10/23/2022,10/31/2022,Delivered
PO-2022-02621,4/9/2023,SUP133,P01606,337,6.81,2295.92,5/8/2023,5/14/2023,Delivered
PO-2022-02622,5/2/2023,SUP095,P01074,3826,5.2,19898.16,5/19/2023,5/21/2023,Delivered
PO-2022-02623,7/9/2022,SUP057,P01741,4761,23.8,113308.09,8/24/2022,8/26/2022,Delivered
PO-2022-02624,7/17/2023,SUP081,P00673,2216,3.16,7003.77,9/5/2023,9/8/2023,Delivered
PO-2022-02625,8/15/2023,SUP118,P01789,1108,35.9,39779.82,10/5/2023,10/11/2023,Delivered
PO-2022-02626,6/1/2022,SUP087,P00910,3539,15.08,53365.75,6/26/2022,7/1/2022,Delivered
PO-2022-02627,4/10/2022,SUP129,P01409,4498,14.15,63661.05,4/20/2022,4/17/2022,Delivered
PO-2022-02628,2/4/2023,SUP075,P00154,1114,10.67,11882.49,2/21/2023,2/19/2023,Delivered
PO-2022-02629,10/10/2022,SUP139,P00010,2847,33.09,94216.26,11/8/2022,11/17/2022,Delivered
PO-2022-02630,8/29/2022,SUP018,P01361,2335,15.61,36448.61,9/24/2022,9/20/2022,Delivered
PO-2022-02631,6/26/2022,SUP121,P00415,4773,44.21,211018.7,7/13/2022,7/20/2022,Delivered
PO-2022-02632,7/26/2023,SUP120,P00555,2752,24.3,66865.35,8/20/2023,8/28/2023,Delivered
PO-2022-02633,3/4/2022,SUP026,P00940,4209,11.41,48038.94,4/28/2022,4/24/2022,Delivered
PO-2022-02634,8/13/2023,SUP013,P01208,4512,6.71,30282.22,9/16/2023,9/20/2023,Delivered
PO-2022-02635,9/20/2022,SUP086,P00377,4780,4.37,20890.52,10/25/2022,10/31/2022,Delivered
PO-2022-02636,2/16/2022,SUP065,P01942,1413,48.38,68366.94,3/19/2022,,Shipped
PO-2022-02637,10/22/2023,SUP124,P01634,382,1.16,444.05,11/21/2023,11/22/2023,Delivered
PO-2022-02638,11/17/2023,SUP061,P00888,3918,10.32,40422.15,1/8/2024,1/8/2024,Delivered
PO-2022-02639,2/12/2022,SUP022,P01364,3324,26.61,88450.57,3/19/2022,3/24/2022,Delivered
PO-2022-02640,10/27/2023,SUP040,P00226,4005,7.26,29062.63,12/11/2023,,Pending
PO-2022-02641,6/17/2023,SUP018,P00194,637,36.01,22940.18,7/13/2023,7/21/2023,Delivered
PO-2022-02642,5/27/2023,SUP078,P00945,3956,22.76,90022.81,7/12/2023,7/17/2023,Delivered
PO-2022-02643,2/20/2023,SUP119,P00212,950,34.24,32528.32,3/23/2023,,Cancelled
PO-2022-02644,9/24/2022,SUP128,P00666,449,23.99,10769.68,10/14/2022,10/19/2022,Delivered
PO-2022-02645,6/27/2023,SUP070,P01207,2336,9.41,21978.09,7/31/2023,8/1/2023,Delivered
PO-2022-02646,6/14/2023,SUP086,P00546,1023,29.63,30310.54,7/19/2023,7/28/2023,Delivered
PO-2022-02647,8/20/2022,SUP069,P00554,1147,22.2,25457.99,10/1/2022,10/8/2022,Delivered
PO-2022-02648,8/30/2023,SUP090,P00093,3256,12,39077.13,9/16/2023,,Pending
PO-2022-02649,3/20/2023,SUP006,P00853,3917,50.59,198163.32,5/1/2023,5/3/2023,Delivered
PO-2022-02650,8/19/2022,SUP118,P01384,1686,19.01,32053.26,10/9/2022,10/6/2022,Delivered
PO-2022-02651,5/11/2022,SUP137,P01116,2509,28.19,70729.72,5/28/2022,5/30/2022,Delivered
PO-2022-02652,9/30/2022,SUP106,P00100,1739,36.27,63073.73,10/10/2022,10/15/2022,Delivered
PO-2022-02653,1/21/2022,SUP120,P01173,2528,41.28,104360.55,2/15/2022,2/10/2022,Delivered
PO-2022-02654,12/4/2022,SUP053,P01324,4417,15.39,67975.49,1/13/2023,1/8/2023,Delivered
PO-2022-02655,4/28/2022,SUP129,P01754,2144,5.38,11528.88,5/8/2022,,Shipped
PO-2022-02656,1/4/2022,SUP090,P01729,2852,36.42,103880.43,1/21/2022,,Shipped
PO-2022-02657,3/27/2023,SUP002,P01312,4042,31.4,126937.75,4/20/2023,4/29/2023,Delivered
PO-2022-02658,6/15/2022,SUP125,P00653,1082,10.25,11092,7/20/2022,7/16/2022,Delivered
PO-2022-02659,6/15/2022,SUP135,P01181,3933,36.25,142571.8,7/25/2022,8/1/2022,Delivered
PO-2022-02660,1/21/2022,SUP013,P01780,2762,11.01,30396.53,2/24/2022,2/25/2022,Delivered
PO-2022-02661,5/10/2022,SUP048,P00097,376,1.27,477.88,6/21/2022,6/28/2022,Delivered
PO-2022-02662,4/13/2022,SUP121,P00955,2507,52.74,132229.93,4/30/2022,5/2/2022,Delivered
PO-2022-02663,2/15/2022,SUP006,P01904,3741,24.8,92774.76,3/29/2022,4/7/2022,Delivered
PO-2022-02664,4/25/2022,SUP061,P01100,2883,14.62,42137.51,6/16/2022,,Shipped
PO-2022-02665,4/6/2023,SUP125,P00791,3809,15.73,59903.88,5/11/2023,5/13/2023,Delivered
PO-2022-02666,11/24/2023,SUP113,P00457,3349,21.11,70699.13,12/28/2023,1/3/2024,Delivered
PO-2022-02667,12/16/2022,SUP142,P01915,4647,17.7,82249.93,1/1/2023,12/27/2022,Delivered
PO-2022-02668,8/29/2022,SUP086,P01112,2141,27.47,58808.59,10/3/2022,,Shipped
PO-2022-02669,4/15/2022,SUP105,P01511,4291,8.76,37587.33,6/13/2022,6/17/2022,Delivered
PO-2022-02670,1/31/2022,SUP128,P01406,4911,11.15,54776.17,2/20/2022,2/27/2022,Delivered
PO-2022-02671,5/4/2023,SUP136,P00876,908,2.36,2143.47,5/16/2023,5/22/2023,Delivered
PO-2022-02672,5/15/2022,SUP079,P00199,782,24.34,19037.71,6/30/2022,7/1/2022,Delivered
PO-2022-02673,1/17/2023,SUP066,P01133,1568,19.18,30076.78,2/23/2023,2/24/2023,Delivered
PO-2022-02674,7/18/2023,SUP025,P00380,264,11.97,3159.27,8/14/2023,8/20/2023,Delivered
PO-2022-02675,9/7/2023,SUP060,P01791,4192,14.88,62375.5,10/18/2023,10/14/2023,Delivered
PO-2022-02676,11/18/2023,SUP114,P00665,3823,7.72,29526.05,1/11/2024,1/18/2024,Delivered
PO-2022-02677,10/26/2023,SUP100,P01340,3992,49.73,198519.77,11/5/2023,11/10/2023,Delivered
PO-2022-02678,12/20/2022,SUP027,P01346,3477,2.57,8943.03,2/6/2023,2/6/2023,Delivered
PO-2022-02679,3/5/2022,SUP031,P00265,2153,38.06,81942.96,4/28/2022,5/4/2022,Delivered
PO-2022-02680,6/22/2022,SUP089,P00119,4369,46.15,201617.23,8/5/2022,8/14/2022,Delivered
PO-2022-02681,10/1/2022,SUP093,P00210,1316,48.14,63355.21,11/17/2022,11/15/2022,Delivered
PO-2022-02682,7/20/2023,SUP109,P00089,3831,16.23,62175.01,9/9/2023,9/10/2023,Delivered
PO-2022-02683,11/4/2023,SUP118,P01797,3344,11.45,38295.24,12/25/2023,12/22/2023,Delivered
PO-2022-02684,7/28/2022,SUP089,P01458,3646,20,72904.15,9/10/2022,9/9/2022,Delivered
PO-2022-02685,8/16/2023,SUP061,P00380,195,10.69,2083.71,10/7/2023,10/13/2023,Delivered
PO-2022-02686,12/24/2023,SUP080,P01520,1642,3.1,5083.83,2/20/2024,2/18/2024,Delivered
PO-2022-02687,8/5/2023,SUP042,P01711,2847,45.64,129941.89,9/8/2023,,Shipped
PO-2022-02688,1/8/2023,SUP120,P00531,4226,28.19,119148.27,2/2/2023,1/29/2023,Delivered
PO-2022-02689,8/2/2022,SUP122,P00965,508,17.27,8771.75,8/23/2022,8/27/2022,Delivered
PO-2022-02690,6/18/2023,SUP100,P00076,465,44.78,20820.48,6/28/2023,7/2/2023,Delivered
PO-2022-02691,7/14/2023,SUP097,P01781,1351,35.59,48087.72,8/16/2023,8/24/2023,Delivered
PO-2022-02692,6/2/2023,SUP141,P01269,190,13.45,2556.15,7/29/2023,7/25/2023,Delivered
PO-2022-02693,5/17/2023,SUP140,P01031,1211,38.09,46126.22,7/4/2023,7/1/2023,Delivered
PO-2022-02694,11/27/2022,SUP114,P01188,2804,39.83,111676.46,1/20/2023,1/17/2023,Delivered
PO-2022-02695,4/9/2023,SUP106,P00462,1172,27.11,31774.23,4/19/2023,,Shipped
PO-2022-02696,1/3/2023,SUP034,P01048,2440,3.13,7628.89,2/7/2023,2/11/2023,Delivered
PO-2022-02697,6/14/2023,SUP113,P00961,359,29.69,10657.94,7/18/2023,7/15/2023,Delivered
PO-2022-02698,8/15/2023,SUP031,P01597,2879,19.53,56218.2,10/8/2023,10/10/2023,Delivered
PO-2022-02699,1/13/2023,SUP110,P00954,2747,2.67,7325.01,3/7/2023,3/13/2023,Delivered
PO-2022-02700,3/27/2023,SUP139,P00285,1285,33.11,42552.26,4/25/2023,5/4/2023,Delivered
PO-2022-02701,7/29/2022,SUP100,P00511,101,36.45,3680.99,8/8/2022,8/3/2022,Delivered
PO-2022-02702,4/6/2023,SUP051,P01919,3099,15.61,48366.52,5/5/2023,5/9/2023,Delivered
PO-2022-02703,8/29/2022,SUP053,P00054,3842,30.38,116713.63,10/8/2022,10/5/2022,Delivered
PO-2022-02704,2/26/2022,SUP079,P00837,3385,2.44,8247.79,4/13/2022,4/12/2022,Delivered
PO-2022-02705,9/26/2023,SUP018,P01690,2031,25.04,50855.93,10/22/2023,10/29/2023,Delivered
PO-2022-02706,3/28/2022,SUP034,P00100,2814,35.52,99954.52,5/2/2022,5/3/2022,Delivered
PO-2022-02707,5/30/2023,SUP130,P01696,1906,20.7,39458.79,6/19/2023,6/28/2023,Delivered
PO-2022-02708,9/9/2022,SUP001,P01483,2665,26.09,69523.94,10/19/2022,10/22/2022,Delivered
PO-2022-02709,6/5/2022,SUP076,P00471,2639,44.45,117312.63,7/1/2022,,Cancelled
PO-2022-02710,12/14/2023,SUP075,P01707,2045,34.43,70407.48,12/31/2023,,Pending
PO-2022-02711,8/7/2022,SUP062,P00518,1571,18.13,28488.9,9/9/2022,9/11/2022,Delivered
PO-2022-02712,11/27/2023,SUP020,P01440,659,37.58,24762.36,12/15/2023,,Cancelled
PO-2022-02713,11/15/2022,SUP010,P01223,1911,5.11,9770.18,1/3/2023,12/31/2022,Delivered
PO-2022-02714,2/7/2023,SUP077,P01352,2763,32.43,89609.03,3/28/2023,3/24/2023,Delivered
PO-2022-02715,2/5/2022,SUP126,P00255,1436,43.24,62091.81,3/11/2022,3/10/2022,Delivered
PO-2022-02716,4/23/2023,SUP100,P00767,689,3.9,2685.12,5/3/2023,5/11/2023,Delivered
PO-2022-02717,6/30/2023,SUP106,P00655,1178,23.1,27209.93,7/10/2023,7/5/2023,Delivered
PO-2022-02718,5/1/2023,SUP056,P01520,4856,3.15,15277.91,5/24/2023,,Shipped
PO-2022-02719,5/28/2022,SUP111,P01443,3910,28.9,113004.55,7/19/2022,7/19/2022,Delivered
PO-2022-02720,7/10/2023,SUP088,P01992,2397,34.06,81650.02,8/30/2023,9/4/2023,Delivered
PO-2022-02721,8/19/2022,SUP013,P00980,372,38.88,14465.02,9/22/2022,,Cancelled
PO-2022-02722,10/27/2023,SUP067,P01084,3342,6.02,20129.41,12/20/2023,12/23/2023,Delivered
PO-2022-02723,10/29/2023,SUP089,P01034,4438,18.97,84173.58,12/12/2023,12/12/2023,Delivered
PO-2022-02724,5/31/2023,SUP145,P01054,3517,47.83,168219.63,7/19/2023,7/21/2023,Delivered
PO-2022-02725,1/26/2022,SUP019,P01183,1824,13.04,23784.51,3/14/2022,3/12/2022,Delivered
PO-2022-02726,11/23/2022,SUP053,P00620,2648,5.63,14920.34,1/2/2023,12/31/2022,Delivered
PO-2022-02727,2/28/2023,SUP002,P01758,3872,39.64,153483.06,3/24/2023,3/25/2023,Delivered
PO-2022-02728,11/29/2022,SUP104,P01256,2140,5.38,11504.07,12/30/2022,1/1/2023,Delivered
PO-2022-02729,4/13/2023,SUP068,P00397,4320,1.62,6993.08,5/17/2023,5/23/2023,Delivered
PO-2022-02730,3/30/2022,SUP003,P00536,700,9.08,6352.87,5/5/2022,,Shipped
PO-2022-02731,12/1/2023,SUP149,P00010,3686,31.9,117589.21,12/22/2023,12/18/2023,Delivered
PO-2022-02732,3/13/2023,SUP121,P01674,3389,11.75,39807.84,3/30/2023,4/1/2023,Delivered
PO-2022-02733,4/5/2023,SUP092,P01642,4595,44.68,205312.73,4/25/2023,5/1/2023,Delivered
PO-2022-02734,6/1/2022,SUP148,P00850,2092,12.5,26146.36,6/19/2022,6/16/2022,Delivered
PO-2022-02735,11/25/2022,SUP019,P01130,4499,12.56,56489.12,1/11/2023,1/9/2023,Delivered
PO-2022-02736,9/6/2022,SUP135,P00458,2556,28.21,72105.48,10/16/2022,10/14/2022,Delivered
PO-2022-02737,1/23/2023,SUP051,P00894,2103,18.61,39130.81,2/21/2023,,Cancelled
PO-2022-02738,3/14/2022,SUP099,P00121,401,21.87,8771.29,4/9/2022,4/13/2022,Delivered
PO-2022-02739,3/7/2022,SUP034,P01843,1932,45.57,88047.27,4/11/2022,4/8/2022,Delivered
PO-2022-02740,2/7/2022,SUP046,P01945,3093,50.77,157035.86,3/15/2022,,Pending
PO-2022-02741,10/23/2022,SUP023,P01239,4620,46.48,214720.33,12/1/2022,12/8/2022,Delivered
PO-2022-02742,9/1/2022,SUP035,P00779,192,45.28,8693.35,10/26/2022,10/24/2022,Delivered
PO-2022-02743,3/14/2023,SUP125,P00306,3132,26.58,83254.62,4/18/2023,4/21/2023,Delivered
PO-2022-02744,12/9/2022,SUP104,P01187,1233,41.01,50559.41,1/9/2023,1/4/2023,Delivered
PO-2022-02745,1/15/2022,SUP022,P00967,3571,51.3,183189.44,2/19/2022,2/28/2022,Delivered
PO-2022-02746,8/19/2023,SUP119,P01862,3907,30.43,118905.73,9/19/2023,9/24/2023,Delivered
PO-2022-02747,10/1/2022,SUP084,P01836,1429,7.37,10534.11,10/23/2022,10/30/2022,Delivered
PO-2022-02748,5/1/2022,SUP057,P01915,2139,17.92,38323.72,6/16/2022,,Shipped
PO-2022-02749,8/30/2023,SUP036,P01793,4566,50.45,230340.37,10/19/2023,10/23/2023,Delivered
PO-2022-02750,6/21/2022,SUP064,P00222,1291,31.54,40720.87,8/18/2022,8/19/2022,Delivered
PO-2022-02751,6/16/2022,SUP007,P00142,189,8.02,1514.84,7/28/2022,7/30/2022,Delivered
PO-2022-02752,3/17/2023,SUP132,P01908,1309,29.07,38046.82,3/25/2023,,Cancelled
PO-2022-02753,12/2/2022,SUP003,P00149,4910,15.43,75775.25,1/7/2023,1/4/2023,Delivered
PO-2022-02754,12/24/2022,SUP083,P01853,2463,20.28,49943.93,1/28/2023,,Cancelled
PO-2022-02755,3/4/2023,SUP075,P00450,1935,4.3,8321.16,3/21/2023,3/19/2023,Delivered
PO-2022-02756,10/10/2023,SUP142,P01888,3809,27.35,104191.83,10/26/2023,10/26/2023,Delivered
PO-2022-02757,1/26/2022,SUP023,P00100,1565,34.3,53680.26,3/6/2022,,Cancelled
PO-2022-02758,5/11/2023,SUP102,P00651,3362,18.06,60709.77,6/27/2023,7/2/2023,Delivered
PO-2022-02759,1/4/2023,SUP046,P01980,3371,28.99,97715.88,2/9/2023,2/18/2023,Delivered
PO-2022-02760,5/16/2023,SUP003,P01637,3960,28.77,113937.68,6/21/2023,,Pending
PO-2022-02761,9/25/2023,SUP118,P00331,1696,48.65,82511.48,11/15/2023,11/13/2023,Delivered
PO-2022-02762,3/26/2023,SUP046,P01942,3308,50.82,168111.02,5/1/2023,5/8/2023,Delivered
PO-2022-02763,7/3/2022,SUP096,P00320,840,2.55,2138.67,7/17/2022,7/12/2022,Delivered
PO-2022-02764,12/1/2023,SUP146,P01809,3612,40.56,146517.94,12/31/2023,12/28/2023,Delivered
PO-2022-02765,9/25/2023,SUP063,P01845,4024,11.87,47782.21,10/21/2023,10/18/2023,Delivered
PO-2022-02766,6/19/2023,SUP106,P00285,2769,39.41,109122.9,6/29/2023,,Pending
PO-2022-02767,3/23/2023,SUP027,P00062,2483,40.26,99971.28,5/10/2023,5/16/2023,Delivered
PO-2022-02768,7/17/2022,SUP130,P01186,3379,23.7,80072.79,8/6/2022,8/11/2022,Delivered
PO-2022-02769,10/6/2022,SUP021,P00733,3968,23.72,94117.58,10/18/2022,10/27/2022,Delivered
PO-2022-02770,7/3/2023,SUP088,P00608,1178,32.29,38031.97,8/23/2023,8/27/2023,Delivered
PO-2022-02771,6/8/2023,SUP008,P01568,4663,12.7,59214.5,7/2/2023,7/7/2023,Delivered
PO-2022-02772,12/9/2022,SUP106,P00679,1848,42.72,78949.33,12/19/2022,12/28/2022,Delivered
PO-2022-02773,12/7/2023,SUP073,P01383,2961,52.65,155894.82,12/28/2023,12/30/2023,Delivered
PO-2022-02774,9/29/2022,SUP092,P01319,2542,42.39,107745.16,10/19/2022,,Pending
PO-2022-02775,2/18/2022,SUP110,P01772,1117,17.16,19169.84,4/12/2022,4/11/2022,Delivered
PO-2022-02776,12/29/2022,SUP073,P01055,1900,38.64,73421.25,1/19/2023,1/23/2023,Delivered
PO-2022-02777,8/30/2022,SUP104,P01272,4805,19.29,92694.46,9/30/2022,9/26/2022,Delivered
PO-2022-02778,3/18/2023,SUP093,P00516,3944,44.58,175811.27,5/4/2023,5/2/2023,Delivered
PO-2022-02779,7/22/2022,SUP125,P00539,485,48.28,23417.66,8/26/2022,8/22/2022,Delivered
PO-2022-02780,12/26/2022,SUP056,P00366,2400,8.06,19353.96,1/18/2023,1/13/2023,Delivered
PO-2022-02781,2/4/2022,SUP063,P01167,296,27.64,8180.83,3/2/2022,3/3/2022,Delivered
PO-2022-02782,6/18/2023,SUP026,P00943,1769,51.82,91673.32,8/12/2023,8/20/2023,Delivered
PO-2022-02783,3/31/2022,SUP041,P00822,1686,32.44,54701.9,4/30/2022,5/8/2022,Delivered
PO-2022-02784,11/1/2022,SUP031,P01776,3836,1.86,7118.65,12/25/2022,12/20/2022,Delivered
PO-2022-02785,9/27/2023,SUP040,P00750,3649,43.08,157191.76,11/11/2023,11/16/2023,Delivered
PO-2022-02786,5/26/2023,SUP005,P01089,4942,10.73,53047.12,7/9/2023,7/16/2023,Delivered
PO-2022-02787,6/13/2023,SUP136,P00819,1492,38.86,57975.17,6/25/2023,6/30/2023,Delivered
PO-2022-02788,10/11/2023,SUP042,P00251,4760,23.58,112244.29,11/14/2023,11/15/2023,Delivered
PO-2022-02789,4/17/2023,SUP128,P01585,221,9,1988.34,5/7/2023,5/13/2023,Delivered
PO-2022-02790,5/1/2022,SUP149,P00087,2277,50.26,114452.45,5/22/2022,,Pending
PO-2022-02791,3/6/2023,SUP054,P01969,3762,36.57,137586.61,4/23/2023,4/26/2023,Delivered
PO-2022-02792,1/10/2023,SUP093,P00731,4306,27.5,118430.2,2/26/2023,2/27/2023,Delivered
PO-2022-02793,10/22/2022,SUP105,P01058,3134,16.29,51057.73,12/20/2022,12/21/2022,Delivered
PO-2022-02794,7/14/2023,SUP003,P00725,4000,34.8,139207.12,8/19/2023,8/20/2023,Delivered
PO-2022-02795,8/26/2022,SUP031,P00688,1258,49.19,61881.87,10/19/2022,10/20/2022,Delivered
PO-2022-02796,2/7/2023,SUP061,P01791,2335,13.22,30878.53,3/31/2023,3/27/2023,Delivered
PO-2022-02797,3/1/2023,SUP085,P00485,3779,16.06,60701.18,4/23/2023,5/1/2023,Delivered
PO-2022-02798,3/17/2023,SUP141,P00139,4982,33.35,166131.24,5/13/2023,5/9/2023,Delivered
PO-2022-02799,11/18/2023,SUP096,P01044,1479,23.01,34026.79,12/2/2023,12/4/2023,Delivered
PO-2022-02800,8/24/2023,SUP091,P01174,1110,32.6,36184.96,10/1/2023,10/7/2023,Delivered
PO-2022-02801,9/15/2023,SUP029,P01088,2401,9.17,22013.74,10/12/2023,10/20/2023,Delivered
PO-2022-02802,1/10/2022,SUP096,P00430,1270,43.97,55847.79,1/24/2022,1/23/2022,Delivered
PO-2022-02803,6/2/2023,SUP058,P00398,413,42.26,17452.1,6/12/2023,6/15/2023,Delivered
PO-2022-02804,11/28/2023,SUP099,P00419,2341,47.85,112011.09,12/24/2023,12/27/2023,Delivered
PO-2022-02805,4/21/2023,SUP079,P00117,363,45.15,16391.15,6/6/2023,6/13/2023,Delivered
PO-2022-02806,7/3/2023,SUP069,P00206,1736,9.94,17258.2,8/14/2023,8/14/2023,Delivered
PO-2022-02807,3/16/2023,SUP082,P00290,2704,7,18941.09,5/9/2023,5/18/2023,Delivered
PO-2022-02808,2/19/2023,SUP137,P01285,1762,46.49,81924.13,3/8/2023,3/6/2023,Delivered
PO-2022-02809,9/4/2022,SUP139,P01320,2561,37.94,97154.1,10/3/2022,10/2/2022,Delivered
PO-2022-02810,6/30/2022,SUP044,P01680,1043,42.76,44597.11,8/18/2022,,Cancelled
PO-2022-02811,10/27/2022,SUP102,P01085,2410,37.11,89432.88,12/13/2022,,Shipped
PO-2022-02812,3/31/2022,SUP149,P01915,2089,17.2,35926.56,4/21/2022,4/28/2022,Delivered
PO-2022-02813,5/14/2022,SUP120,P01228,3209,28.86,92603.43,6/8/2022,6/12/2022,Delivered
PO-2022-02814,3/14/2023,SUP145,P00622,1347,46.13,62143.51,5/2/2023,,Shipped
PO-2022-02815,11/3/2022,SUP109,P00370,3894,10.57,41163.05,12/24/2022,,Pending
PO-2022-02816,1/11/2023,SUP027,P00713,3390,18.13,61474.38,2/28/2023,3/5/2023,Delivered
PO-2022-02817,5/1/2023,SUP086,P00742,509,5.46,2781.66,6/5/2023,6/12/2023,Delivered
PO-2022-02818,11/15/2023,SUP147,P00554,2994,22.94,68693.56,1/9/2024,1/11/2024,Delivered
PO-2022-02819,3/23/2023,SUP114,P00139,3273,32.51,106413.34,5/16/2023,5/11/2023,Delivered
PO-2022-02820,5/1/2023,SUP065,P01721,2952,37.19,109781.71,6/1/2023,5/31/2023,Delivered
PO-2022-02821,6/1/2022,SUP070,P00094,4630,17.6,81473.44,7/5/2022,,Cancelled
PO-2022-02822,8/17/2022,SUP033,P01649,434,24.79,10759.88,9/2/2022,9/4/2022,Delivered
PO-2022-02823,2/13/2023,SUP010,P01261,4272,19.43,83003.63,4/3/2023,4/11/2023,Delivered
PO-2022-02824,6/16/2022,SUP142,P00012,4102,4.83,19806.85,7/2/2022,6/27/2022,Delivered
PO-2022-02825,5/9/2023,SUP113,P01790,526,17.06,8975.38,6/12/2023,6/8/2023,Delivered
PO-2022-02826,3/23/2023,SUP128,P01688,2350,40.36,94836.85,4/12/2023,4/16/2023,Delivered
PO-2022-02827,12/2/2022,SUP113,P01798,1143,42.13,48158.68,1/5/2023,1/7/2023,Delivered
PO-2022-02828,12/25/2023,SUP104,P01286,4209,31.41,132217.07,1/25/2024,,Shipped
PO-2022-02829,12/7/2022,SUP144,P01202,3727,31.2,116266.07,1/12/2023,,Shipped
PO-2022-02830,3/19/2023,SUP076,P01993,4882,27.68,135125.22,4/14/2023,4/13/2023,Delivered
PO-2022-02831,7/19/2023,SUP041,P01727,4273,22.81,97470.33,8/18/2023,8/19/2023,Delivered
PO-2022-02832,10/29/2022,SUP109,P01744,4030,39.92,160858.19,12/19/2022,12/17/2022,Delivered
PO-2022-02833,12/7/2022,SUP073,P00567,4606,34.6,159367.11,12/28/2022,12/23/2022,Delivered
PO-2022-02834,11/9/2023,SUP067,P01100,2750,14.79,40678.53,1/2/2024,12/28/2023,Delivered
PO-2022-02835,11/25/2022,SUP063,P00383,2787,18.82,52441.16,12/21/2022,12/21/2022,Delivered
PO-2022-02836,5/7/2023,SUP001,P00041,3756,4.85,18204.07,6/16/2023,6/21/2023,Delivered
PO-2022-02837,3/22/2023,SUP055,P01579,4886,23,112385.1,5/6/2023,,Shipped
PO-2022-02838,1/25/2022,SUP044,P00025,1876,29.97,56231.15,3/15/2022,3/13/2022,Delivered
PO-2022-02839,5/11/2022,SUP043,P00603,4102,18.45,75671.32,6/17/2022,6/16/2022,Delivered
PO-2022-02840,10/5/2022,SUP021,P01550,1878,8.3,15595.08,10/17/2022,10/21/2022,Delivered
PO-2022-02841,10/26/2022,SUP062,P00236,4363,28.28,123404,11/28/2022,12/4/2022,Delivered
PO-2022-02842,12/5/2022,SUP025,P00455,2340,28.55,66797.17,1/1/2023,1/8/2023,Delivered
PO-2022-02843,8/3/2022,SUP100,P00513,3570,23.41,83590.48,8/13/2022,8/21/2022,Delivered
PO-2022-02844,12/18/2023,SUP023,P01201,2935,13.3,39027.69,1/26/2024,,Shipped
PO-2022-02845,7/11/2023,SUP060,P01257,3609,49.5,178645.66,8/21/2023,8/22/2023,Delivered
PO-2022-02846,2/13/2022,SUP098,P01732,191,35.49,6778.37,3/10/2022,3/5/2022,Delivered
PO-2022-02847,10/21/2022,SUP059,P00925,3114,23.66,73689.95,11/9/2022,11/6/2022,Delivered
PO-2022-02848,4/25/2022,SUP132,P01259,3955,0.98,3893.79,5/3/2022,4/29/2022,Delivered
PO-2022-02849,1/23/2023,SUP136,P00462,548,25.65,14056.75,2/4/2023,2/11/2023,Delivered
PO-2022-02850,8/28/2022,SUP132,P00166,4780,33.38,159541.95,9/5/2022,9/11/2022,Delivered
PO-2022-02851,12/28/2023,SUP144,P01776,1546,1.99,3078.52,2/2/2024,2/4/2024,Delivered
PO-2022-02852,3/23/2023,SUP104,P00379,2817,44.09,124198.17,4/23/2023,4/21/2023,Delivered
PO-2022-02853,5/18/2023,SUP035,P00369,164,49.18,8066.04,7/12/2023,7/20/2023,Delivered
PO-2022-02854,10/24/2023,SUP130,P00269,4762,7.51,35784.8,11/13/2023,11/16/2023,Delivered
PO-2022-02855,11/8/2022,SUP091,P01941,1217,11.32,13773.48,12/16/2022,12/24/2022,Delivered
PO-2022-02856,1/4/2023,SUP016,P00586,3021,42.43,128183.39,1/26/2023,1/30/2023,Delivered
PO-2022-02857,5/30/2023,SUP102,P01419,4914,22.09,108570.68,7/16/2023,7/18/2023,Delivered
PO-2022-02858,1/9/2023,SUP141,P00009,252,3.32,835.53,3/7/2023,3/12/2023,Delivered
PO-2022-02859,10/11/2022,SUP018,P00512,4538,44.09,200076.5,11/6/2022,11/3/2022,Delivered
PO-2022-02860,2/3/2022,SUP148,P00741,3666,43.05,157816.11,2/21/2022,3/1/2022,Delivered
PO-2022-02861,5/25/2022,SUP054,P00792,459,21.63,9929.38,7/12/2022,,Cancelled
PO-2022-02862,12/8/2022,SUP111,P01523,1345,5.91,7943.72,1/29/2023,2/6/2023,Delivered
PO-2022-02863,12/24/2022,SUP148,P01953,4235,46.37,196390.06,1/11/2023,,Pending
PO-2022-02864,9/15/2023,SUP090,P01735,1037,10.26,10639.84,10/2/2023,10/10/2023,Delivered
PO-2022-02865,4/17/2022,SUP144,P00879,446,8.26,3685,5/23/2022,5/25/2022,Delivered
PO-2022-02866,8/3/2022,SUP087,P00419,683,51.25,35004.14,8/28/2022,8/27/2022,Delivered
PO-2022-02867,10/19/2023,SUP024,P00078,4937,47.01,232110.79,12/5/2023,12/5/2023,Delivered
PO-2022-02868,1/30/2022,SUP005,P01554,4258,1.41,6014.55,3/15/2022,,Shipped
PO-2022-02869,9/11/2022,SUP120,P00873,1450,45.7,66267.33,10/6/2022,,Cancelled
PO-2022-02870,9/13/2022,SUP119,P00821,1443,51.19,73873.07,10/14/2022,10/9/2022,Delivered
PO-2022-02871,5/21/2023,SUP034,P01857,1752,11.06,19378.42,6/25/2023,6/24/2023,Delivered
PO-2022-02872,6/26/2022,SUP034,P01980,4943,30.66,151544.33,7/31/2022,7/30/2022,Delivered
PO-2022-02873,7/24/2022,SUP136,P00723,4528,22.75,102990.84,8/5/2022,8/12/2022,Delivered
PO-2022-02874,7/24/2022,SUP022,P01124,2192,31.35,68711.03,8/28/2022,9/2/2022,Delivered
PO-2022-02875,2/21/2022,SUP027,P01147,4666,39.07,182281.42,4/10/2022,4/6/2022,Delivered
PO-2022-02876,10/3/2023,SUP109,P01607,2667,23.94,63841.41,11/23/2023,11/26/2023,Delivered
PO-2022-02877,8/8/2023,SUP106,P00880,3714,29.75,110509.23,8/18/2023,8/13/2023,Delivered
PO-2022-02878,9/3/2023,SUP061,P01334,3171,27.67,87731.16,10/25/2023,11/1/2023,Delivered
PO-2022-02879,1/30/2023,SUP033,P00594,1843,2.3,4239.79,2/15/2023,2/20/2023,Delivered
PO-2022-02880,7/5/2022,SUP011,P01668,941,18.62,17525.51,7/13/2022,7/17/2022,Delivered
PO-2022-02881,1/24/2022,SUP005,P01379,2758,14.89,41078.46,3/9/2022,3/16/2022,Delivered
PO-2022-02882,9/24/2023,SUP072,P01471,4398,33.92,149167.44,11/1/2023,,Pending
PO-2022-02883,2/1/2022,SUP120,P00946,4922,39.15,192687.36,2/26/2022,3/6/2022,Delivered
PO-2022-02884,3/11/2022,SUP078,P01647,4353,19.92,86720.74,4/26/2022,4/23/2022,Delivered
PO-2022-02885,4/25/2023,SUP075,P00416,3590,3.35,12015.56,5/12/2023,,Shipped
PO-2022-02886,7/26/2022,SUP112,P01460,2725,26.94,73413.35,8/29/2022,9/2/2022,Delivered
PO-2022-02887,10/28/2023,SUP020,P01519,359,4.87,1750.04,11/15/2023,11/15/2023,Delivered
PO-2022-02888,6/21/2023,SUP101,P00215,1791,33.91,60731.92,7/25/2023,8/3/2023,Delivered
PO-2022-02889,4/8/2022,SUP051,P00030,1197,9.57,11450.13,5/7/2022,5/5/2022,Delivered
PO-2022-02890,8/8/2023,SUP038,P00639,184,41.13,7568.43,9/27/2023,,Shipped
PO-2022-02891,10/10/2023,SUP065,P00341,4422,13.6,60121.99,11/10/2023,11/15/2023,Delivered
PO-2022-02892,2/12/2023,SUP061,P01936,926,33.2,30742.68,4/5/2023,4/9/2023,Delivered
PO-2022-02893,2/6/2022,SUP082,P00058,3190,40.41,128922.23,4/1/2022,4/10/2022,Delivered
PO-2022-02894,4/18/2022,SUP097,P00510,2523,30.86,77863.78,5/21/2022,5/30/2022,Delivered
PO-2022-02895,7/14/2023,SUP055,P01187,1871,42.27,79095.98,8/28/2023,8/26/2023,Delivered
PO-2022-02896,1/21/2022,SUP109,P00517,4131,2.69,11100.08,3/13/2022,3/17/2022,Delivered
PO-2022-02897,7/30/2022,SUP065,P00354,1363,46.81,63797.32,8/30/2022,8/29/2022,Delivered
PO-2022-02898,12/18/2022,SUP142,P01989,965,37.39,36085.98,1/3/2023,12/30/2022,Delivered
PO-2022-02899,1/12/2023,SUP013,P01862,4535,28.07,127281,2/15/2023,2/11/2023,Delivered
PO-2022-02900,1/5/2022,SUP130,P00640,1621,10.77,17454.27,1/25/2022,1/20/2022,Delivered
PO-2022-02901,11/16/2022,SUP148,P00023,1303,23.28,30329.29,12/4/2022,,Cancelled
PO-2022-02902,4/9/2022,SUP073,P01782,598,31.22,18671,4/30/2022,4/29/2022,Delivered
PO-2022-02903,6/24/2022,SUP021,P00532,1017,43.4,44132.77,7/6/2022,,Shipped
PO-2022-02904,12/23/2022,SUP096,P00561,4254,45.41,193179.98,1/6/2023,1/7/2023,Delivered
PO-2022-02905,8/24/2023,SUP017,P00263,1554,40.59,63078.19,9/2/2023,9/9/2023,Delivered
PO-2022-02906,9/12/2023,SUP113,P00915,4242,1.2,5073.59,10/16/2023,10/15/2023,Delivered
PO-2022-02907,11/12/2022,SUP084,P00062,337,41.86,14106.31,12/4/2022,,Shipped
PO-2022-02908,10/12/2023,SUP026,P01053,450,40.67,18303.67,12/6/2023,12/4/2023,Delivered
PO-2022-02909,7/8/2022,SUP078,P01443,567,25.25,14317.68,8/23/2022,8/31/2022,Delivered
PO-2022-02910,5/19/2023,SUP137,P00449,4425,13.58,60090.82,6/5/2023,6/7/2023,Delivered
PO-2022-02911,12/6/2022,SUP075,P01045,2494,9.01,22468.54,12/23/2022,12/26/2022,Delivered
PO-2022-02912,12/5/2022,SUP004,P01047,1621,23.13,37498.59,1/6/2023,,Shipped
PO-2022-02913,4/17/2022,SUP121,P01402,2075,44.66,92660.06,5/4/2022,5/7/2022,Delivered
PO-2022-02914,9/7/2023,SUP060,P01702,2453,38.22,93742.22,10/18/2023,10/23/2023,Delivered
PO-2022-02915,12/30/2022,SUP043,P01095,1763,28.55,50340.9,2/5/2023,,Shipped
PO-2022-02916,1/22/2023,SUP117,P01183,1350,14.35,19366.82,2/20/2023,2/20/2023,Delivered
PO-2022-02917,10/8/2023,SUP029,P01067,1654,28.49,47120.49,11/4/2023,11/11/2023,Delivered
PO-2022-02918,11/9/2023,SUP066,P01009,4243,37.79,160360.19,12/16/2023,12/11/2023,Delivered
PO-2022-02919,4/24/2022,SUP044,P01754,4633,6.36,29483.47,6/12/2022,6/10/2022,Delivered
PO-2022-02920,8/10/2023,SUP145,P01395,1609,29.57,47577.5,9/28/2023,10/5/2023,Delivered
PO-2022-02921,6/8/2022,SUP052,P00204,2942,1.31,3839.66,8/5/2022,8/3/2022,Delivered
PO-2022-02922,4/26/2022,SUP146,P01367,3544,48.38,171463.69,5/26/2022,5/21/2022,Delivered
PO-2022-02923,8/3/2022,SUP064,P00901,840,36.85,30953.77,9/30/2022,10/6/2022,Delivered
PO-2022-02924,5/27/2023,SUP075,P00369,2371,43.72,103650.98,6/13/2023,6/17/2023,Delivered
PO-2022-02925,3/16/2022,SUP120,P00063,1747,25.25,44104.93,4/10/2022,4/13/2022,Delivered
PO-2022-02926,8/13/2022,SUP082,P01814,3881,5.29,20549.04,10/6/2022,10/12/2022,Delivered
PO-2022-02927,9/18/2023,SUP145,P01986,2506,35.97,90147.81,11/6/2023,11/14/2023,Delivered
PO-2022-02928,8/20/2022,SUP112,P01642,399,43.35,17295.21,9/23/2022,9/18/2022,Delivered
PO-2022-02929,1/13/2023,SUP001,P00741,961,45.86,44067,2/22/2023,3/2/2023,Delivered
PO-2022-02930,4/10/2022,SUP109,P01255,4285,1.04,4441.98,5/31/2022,6/6/2022,Delivered
PO-2022-02931,9/10/2022,SUP114,P01826,4091,45.16,184761.22,11/3/2022,11/6/2022,Delivered
PO-2022-02932,4/23/2023,SUP035,P00824,1217,24.44,29744.58,6/17/2023,6/17/2023,Delivered
PO-2022-02933,7/10/2022,SUP139,P00803,4473,34.57,154614.22,8/8/2022,8/6/2022,Delivered
PO-2022-02934,2/9/2023,SUP012,P01780,4406,10.9,48045.18,3/28/2023,3/23/2023,Delivered
PO-2022-02935,9/6/2023,SUP084,P01016,4593,34.88,160186.48,9/28/2023,10/6/2023,Delivered
PO-2022-02936,10/1/2023,SUP101,P01610,2275,4.56,10382.45,11/4/2023,11/10/2023,Delivered
PO-2022-02937,3/14/2023,SUP109,P00559,3848,42.01,161646.2,5/4/2023,5/8/2023,Delivered
PO-2022-02938,7/23/2022,SUP093,P01348,3228,7.48,24144.06,9/8/2022,9/15/2022,Delivered
PO-2022-02939,10/17/2022,SUP023,P00947,3308,43.97,145446.64,11/25/2022,12/2/2022,Delivered
PO-2022-02940,3/12/2023,SUP033,P01472,1509,30.92,46657.66,3/28/2023,4/3/2023,Delivered
PO-2022-02941,5/6/2022,SUP052,P01809,3358,37.92,127346.28,7/3/2022,7/11/2022,Delivered
PO-2022-02942,12/3/2022,SUP020,P00291,3091,29.9,92407.07,12/21/2022,12/29/2022,Delivered
PO-2022-02943,7/3/2023,SUP044,P00774,3762,46.48,174872.69,8/21/2023,8/26/2023,Delivered
PO-2022-02944,6/7/2022,SUP082,P01396,3067,4.25,13037.05,7/31/2022,,Pending
PO-2022-02945,4/16/2022,SUP069,P00367,4597,42.74,196484.46,5/28/2022,5/27/2022,Delivered
PO-2022-02946,1/8/2023,SUP089,P00891,1156,5.86,6768.46,2/21/2023,2/24/2023,Delivered
PO-2022-02947,6/30/2022,SUP138,P01804,3683,10.69,39361.69,8/16/2022,8/22/2022,Delivered
PO-2022-02948,12/10/2023,SUP043,P00032,2068,1.96,4054.41,1/16/2024,1/11/2024,Delivered
PO-2022-02949,6/24/2022,SUP119,P00015,3222,2.45,7901.16,7/25/2022,7/24/2022,Delivered
PO-2022-02950,8/6/2022,SUP046,P01912,1894,7.46,14130.34,9/11/2022,9/8/2022,Delivered
PO-2022-02951,10/23/2023,SUP112,P00203,3266,28.38,92704.92,11/26/2023,,Shipped
PO-2022-02952,1/15/2023,SUP047,P01605,4124,21.01,86636.48,2/8/2023,2/14/2023,Delivered
PO-2022-02953,3/14/2022,SUP067,P00455,4863,29.38,142883.6,5/7/2022,5/9/2022,Delivered
PO-2022-02954,1/27/2022,SUP057,P00187,3228,37.97,122575.94,3/14/2022,3/18/2022,Delivered
PO-2022-02955,1/6/2023,SUP093,P00160,3277,32.64,106962.24,2/22/2023,2/22/2023,Delivered
PO-2022-02956,9/15/2022,SUP017,P00533,1969,19.98,39337.75,9/24/2022,9/19/2022,Delivered
PO-2022-02957,10/3/2022,SUP001,P00329,3406,37.76,128608.95,11/12/2022,11/21/2022,Delivered
PO-2022-02958,8/19/2023,SUP046,P00222,3881,30.8,119534.11,9/24/2023,9/30/2023,Delivered
PO-2022-02959,1/9/2022,SUP053,P01158,3283,5.63,18479.73,2/18/2022,2/26/2022,Delivered
PO-2022-02960,12/26/2022,SUP129,P00936,3067,23.97,73521.97,1/5/2023,1/13/2023,Delivered
PO-2022-02961,8/13/2023,SUP119,P00611,1914,43.39,83057.2,9/13/2023,9/13/2023,Delivered
PO-2022-02962,12/26/2022,SUP134,P01564,1264,53.11,67128.93,2/15/2023,2/19/2023,Delivered
PO-2022-02963,9/21/2023,SUP061,P00227,4304,37.88,163030.41,11/12/2023,11/17/2023,Delivered
PO-2022-02964,3/28/2022,SUP020,P00228,927,19.09,17696.71,4/15/2022,4/10/2022,Delivered
PO-2022-02965,4/23/2022,SUP041,P01329,2438,36.23,88324.26,5/23/2022,5/26/2022,Delivered
PO-2022-02966,11/8/2023,SUP067,P01336,4301,5.46,23464.7,1/1/2024,1/2/2024,Delivered
PO-2022-02967,8/6/2023,SUP128,P00900,2592,50.17,130041.01,8/26/2023,8/22/2023,Delivered
PO-2022-02968,9/7/2023,SUP025,P01114,570,37.28,21249.07,10/4/2023,10/9/2023,Delivered
PO-2022-02969,11/5/2022,SUP144,P00733,2683,19.86,53282.98,12/11/2022,12/19/2022,Delivered
PO-2022-02970,2/21/2022,SUP077,P00260,3890,27.07,105302.76,4/11/2022,4/17/2022,Delivered
PO-2022-02971,8/1/2023,SUP014,P01730,2653,2.74,7273.36,9/29/2023,9/28/2023,Delivered
PO-2022-02972,12/8/2023,SUP073,P01614,2397,12.65,30329.5,12/29/2023,12/24/2023,Delivered
PO-2022-02973,1/29/2022,SUP077,P00738,3819,10.36,39548.91,3/19/2022,3/23/2022,Delivered
PO-2022-02974,1/17/2022,SUP066,P00088,3394,25.59,86845.32,2/23/2022,2/22/2022,Delivered
PO-2022-02975,8/18/2022,SUP019,P01906,994,20.26,20140.83,10/4/2022,,Cancelled
PO-2022-02976,8/3/2023,SUP058,P00914,3539,5.36,18965.66,8/13/2023,,Pending
PO-2022-02977,2/28/2022,SUP107,P01050,4721,31.68,149549.66,3/9/2022,3/17/2022,Delivered
PO-2022-02978,8/8/2022,SUP115,P01516,3006,15.28,45935.95,9/17/2022,9/15/2022,Delivered
PO-2022-02979,1/9/2022,SUP119,P01816,3296,32.07,105690.39,2/9/2022,2/10/2022,Delivered
PO-2022-02980,4/28/2023,SUP008,P00603,1181,17.03,20116.58,5/22/2023,5/25/2023,Delivered
PO-2022-02981,7/17/2022,SUP074,P00423,1241,18.85,23395.96,9/1/2022,9/3/2022,Delivered
PO-2022-02982,3/8/2023,SUP133,P01794,155,23.08,3577.15,4/6/2023,4/3/2023,Delivered
PO-2022-02983,7/29/2022,SUP039,P00715,2094,42.96,89965.56,9/24/2022,10/3/2022,Delivered
PO-2022-02984,2/11/2023,SUP132,P00554,1601,22.44,35930.72,2/19/2023,2/22/2023,Delivered
PO-2022-02985,1/5/2023,SUP022,P01033,924,17.95,16587.92,2/9/2023,2/5/2023,Delivered
PO-2022-02986,1/18/2022,SUP070,P01736,1067,7.74,8253.69,2/21/2022,,Shipped
PO-2022-02987,4/7/2023,SUP014,P00631,2123,4.16,8841.87,6/5/2023,5/31/2023,Delivered
PO-2022-02988,12/11/2022,SUP007,P00273,3424,1.46,5016.13,1/22/2023,1/28/2023,Delivered
PO-2022-02989,1/6/2022,SUP081,P01522,3978,19.97,79433.86,2/25/2022,2/25/2022,Delivered
PO-2022-02990,3/17/2023,SUP046,P00858,2405,3.56,8561.71,4/22/2023,4/27/2023,Delivered
PO-2022-02991,7/21/2022,SUP033,P01257,1439,50.16,72173.51,8/6/2022,8/1/2022,Delivered
PO-2022-02992,6/24/2022,SUP043,P00433,2632,37.01,97412.97,7/31/2022,,Cancelled
PO-2022-02993,8/24/2023,SUP019,P01158,4850,5.11,24790.7,10/10/2023,,Pending
PO-2022-02994,5/14/2023,SUP077,P00831,3828,3.98,15243.48,7/2/2023,7/1/2023,Delivered
PO-2022-02995,11/28/2023,SUP060,P00962,561,15.3,8583.47,1/8/2024,1/11/2024,Delivered
PO-2022-02996,8/19/2022,SUP004,P01776,4939,2.09,10327.55,9/20/2022,9/15/2022,Delivered
PO-2022-02997,9/9/2022,SUP097,P01630,4118,3.26,13425.96,10/12/2022,10/8/2022,Delivered
PO-2022-02998,6/16/2022,SUP148,P00860,4044,4.89,19759.28,7/4/2022,,Cancelled
PO-2022-02999,12/26/2022,SUP055,P01133,1935,17.46,33776.38,2/9/2023,2/11/2023,Delivered
PO-2022-03000,1/25/2023,SUP129,P01864,1733,4.93,8538.67,2/4/2023,2/8/2023,Delivered
PO-2022-03001,8/14/2022,SUP132,P01171,3511,6.55,23011.56,8/22/2022,8/22/2022,Delivered
PO-2022-03002,12/3/2022,SUP115,P01150,872,2.11,1840.41,1/12/2023,1/10/2023,Delivered
PO-2022-03003,5/9/2023,SUP073,P01372,245,36.2,8869.22,5/30/2023,5/27/2023,Delivered
PO-2022-03004,10/22/2022,SUP003,P00531,3898,30.32,118174.98,11/27/2022,11/28/2022,Delivered
PO-2022-03005,12/5/2022,SUP005,P00311,3952,16.6,65586.32,1/18/2023,1/16/2023,Delivered
PO-2022-03006,6/20/2022,SUP042,P00228,384,19.74,7579.76,7/24/2022,7/30/2022,Delivered
PO-2022-03007,3/9/2022,SUP111,P01425,1369,43.68,59803.94,4/30/2022,5/2/2022,Delivered
PO-2022-03008,5/24/2022,SUP149,P00731,125,30.39,3799.16,6/14/2022,,Shipped
PO-2022-03009,7/12/2022,SUP134,P01026,3930,40.8,160340.18,9/1/2022,8/28/2022,Delivered
PO-2022-03010,3/25/2023,SUP071,P01159,2425,28.66,69501.86,4/17/2023,4/17/2023,Delivered
PO-2022-03011,6/23/2022,SUP126,P00951,4536,12.4,56261.09,7/27/2022,8/5/2022,Delivered
PO-2022-03012,10/23/2023,SUP022,P00969,3908,14.02,54803.43,11/27/2023,11/25/2023,Delivered
PO-2022-03013,3/22/2022,SUP041,P00294,2605,49.7,129476.17,4/21/2022,4/29/2022,Delivered
PO-2022-03014,3/1/2022,SUP103,P01805,2527,43.23,109248.49,4/27/2022,4/23/2022,Delivered
PO-2022-03015,12/28/2022,SUP060,P00402,4876,47.36,230919.5,2/7/2023,2/2/2023,Delivered
PO-2022-03016,3/24/2022,SUP132,P00646,1903,4.61,8763.35,4/1/2022,3/31/2022,Delivered
PO-2022-03017,5/9/2023,SUP041,P00741,424,44.33,18794.9,6/8/2023,6/6/2023,Delivered
PO-2022-03018,4/13/2022,SUP056,P00747,3791,15.66,59378.46,5/6/2022,5/8/2022,Delivered
PO-2022-03019,6/4/2022,SUP035,P01258,2636,17.02,44872.2,7/29/2022,7/24/2022,Delivered
PO-2022-03020,2/18/2023,SUP033,P00346,4782,23.58,112775.13,3/6/2023,3/15/2023,Delivered
PO-2022-03021,4/5/2023,SUP004,P00931,1886,41.8,78842.64,5/7/2023,,Shipped
PO-2022-03022,10/22/2022,SUP079,P01352,2911,32.99,96041.3,12/7/2022,,Shipped
PO-2022-03023,10/29/2023,SUP128,P01409,1610,13.86,22314.84,11/18/2023,11/26/2023,Delivered
PO-2022-03024,10/7/2022,SUP123,P01192,4630,24.06,111411.68,10/22/2022,10/26/2022,Delivered
PO-2022-03025,1/22/2022,SUP075,P01672,842,22.39,18849.28,2/8/2022,2/12/2022,Delivered
PO-2022-03026,2/27/2023,SUP039,P00169,3779,15.68,59257.96,4/25/2023,4/22/2023,Delivered
PO-2022-03027,10/10/2022,SUP077,P01789,3498,31.39,109807.17,11/28/2022,12/5/2022,Delivered
PO-2022-03028,1/31/2022,SUP075,P01049,2544,15.75,40061.85,2/17/2022,2/18/2022,Delivered
PO-2022-03029,11/3/2023,SUP026,P00769,2770,9.94,27539.64,12/28/2023,1/2/2024,Delivered
PO-2022-03030,7/17/2022,SUP047,P00479,943,28.39,26771.6,8/10/2022,8/13/2022,Delivered
PO-2022-03031,4/20/2022,SUP135,P00397,3580,1.57,5613.86,5/30/2022,5/29/2022,Delivered
PO-2022-03032,12/8/2023,SUP052,P00922,2141,29.2,62520.71,2/4/2024,1/31/2024,Delivered
PO-2022-03033,3/1/2023,SUP079,P01908,110,28.59,3145.34,4/16/2023,,Cancelled
PO-2022-03034,7/20/2023,SUP138,P01762,3703,26.63,98620.52,9/5/2023,9/12/2023,Delivered
PO-2022-03035,5/5/2022,SUP060,P01588,2793,20.79,58062.2,6/15/2022,6/24/2022,Delivered
PO-2022-03036,7/2/2022,SUP102,P01539,1501,26.9,40371.52,8/18/2022,8/16/2022,Delivered
PO-2022-03037,5/21/2022,SUP119,P00261,4067,41.05,166968.37,6/21/2022,6/16/2022,Delivered
PO-2022-03038,11/28/2023,SUP034,P00604,3588,38.79,139162.68,1/2/2024,1/3/2024,Delivered
PO-2022-03039,11/25/2022,SUP054,P00656,449,33.37,14981.66,1/12/2023,1/19/2023,Delivered
PO-2022-03040,2/2/2023,SUP144,P01221,4608,12.01,55332.93,3/10/2023,3/9/2023,Delivered
PO-2022-03041,4/5/2023,SUP118,P00187,2083,40.55,84465.35,5/26/2023,6/2/2023,Delivered
PO-2022-03042,11/12/2022,SUP071,P00475,613,8.27,5071.7,12/5/2022,12/3/2022,Delivered
PO-2022-03043,1/8/2022,SUP014,P01319,2228,40.05,89231.59,3/8/2022,3/11/2022,Delivered
PO-2022-03044,6/24/2023,SUP054,P01416,3165,17.76,56199.36,8/11/2023,8/9/2023,Delivered
PO-2022-03045,3/14/2023,SUP047,P02000,2923,11.33,33129.57,4/7/2023,4/5/2023,Delivered
PO-2022-03046,6/7/2022,SUP071,P01900,4316,22.44,96831.19,6/30/2022,6/27/2022,Delivered
PO-2022-03047,9/17/2022,SUP051,P01183,4293,15.73,67519.7,10/16/2022,10/25/2022,Delivered
PO-2022-03048,4/20/2023,SUP013,P00557,1515,35.73,54127.89,5/24/2023,5/20/2023,Delivered
PO-2022-03049,2/23/2022,SUP111,P00152,2557,27.28,69758.87,4/16/2022,,Cancelled
PO-2022-03050,10/29/2023,SUP089,P01221,3906,11.61,45365.16,12/12/2023,,Cancelled
PO-2022-03051,4/20/2022,SUP033,P00107,2444,12.85,31415.89,5/6/2022,5/15/2022,Delivered
PO-2022-03052,12/20/2023,SUP084,P01708,2107,43.73,92141.75,1/11/2024,1/13/2024,Delivered
PO-2022-03053,5/27/2022,SUP019,P00368,1312,18.24,23934.99,7/13/2022,,Pending
PO-2022-03054,8/5/2022,SUP006,P00670,1710,16.11,27546.99,9/16/2022,,Shipped
PO-2022-03055,2/7/2023,SUP093,P00860,479,4.71,2255.94,3/26/2023,,Shipped
PO-2022-03056,5/25/2022,SUP057,P01448,2490,51.09,127225.45,7/10/2022,7/18/2022,Delivered
PO-2022-03057,1/13/2022,SUP095,P00762,947,47.79,45254.32,1/30/2022,2/8/2022,Delivered
PO-2022-03058,12/25/2022,SUP113,P00189,3420,51.11,174783.51,1/28/2023,,Shipped
PO-2022-03059,8/1/2022,SUP019,P01005,518,20.75,10748.38,9/17/2022,9/16/2022,Delivered
PO-2022-03060,6/14/2023,SUP082,P01771,4371,18.82,82251.37,8/7/2023,8/6/2023,Delivered
PO-2022-03061,1/29/2023,SUP042,P01664,4519,9.92,44824.65,3/4/2023,,Shipped
PO-2022-03062,9/25/2022,SUP120,P00628,2897,21.93,63545.64,10/20/2022,10/22/2022,Delivered
PO-2022-03063,3/1/2023,SUP023,P01712,155,26.17,4056.65,4/9/2023,4/18/2023,Delivered
PO-2022-03064,1/8/2023,SUP008,P00124,1881,25.71,48365.46,2/1/2023,2/8/2023,Delivered
PO-2022-03065,1/20/2023,SUP087,P01322,2178,20.04,43651.36,2/14/2023,2/18/2023,Delivered
PO-2022-03066,1/12/2022,SUP136,P00872,4264,30.64,130660.05,1/24/2022,1/19/2022,Delivered
PO-2022-03067,3/3/2023,SUP084,P00209,314,9.84,3089.11,3/25/2023,3/26/2023,Delivered
PO-2022-03068,8/29/2023,SUP020,P01749,3811,37.42,142614.15,9/16/2023,9/21/2023,Delivered
PO-2022-03069,9/27/2022,SUP065,P01534,369,19.76,7292.4,10/28/2022,,Cancelled
PO-2022-03070,9/3/2022,SUP016,P00410,1541,42.53,65538.71,9/25/2022,9/27/2022,Delivered
PO-2022-03071,8/5/2023,SUP022,P00423,220,22.03,4847.38,9/9/2023,9/4/2023,Delivered
PO-2022-03072,9/13/2023,SUP025,P01682,113,36.14,4083.43,10/10/2023,,Pending
PO-2022-03073,2/22/2022,SUP055,P00463,622,13.28,8261.91,4/8/2022,4/4/2022,Delivered
PO-2022-03074,11/20/2022,SUP086,P01548,542,32.9,17831.58,12/25/2022,12/24/2022,Delivered
PO-2022-03075,7/17/2022,SUP131,P01270,2540,12.03,30544.05,8/30/2022,9/8/2022,Delivered
PO-2022-03076,7/25/2022,SUP046,P00588,2110,13.86,29240.26,8/30/2022,9/5/2022,Delivered
PO-2022-03077,5/24/2022,SUP066,P01665,4704,39.68,186648.67,6/30/2022,,Shipped
PO-2022-03078,4/16/2023,SUP031,P00372,3503,32.99,115550.85,6/9/2023,6/14/2023,Delivered
PO-2022-03079,4/5/2022,SUP073,P01201,2620,11.62,30455.2,4/26/2022,4/26/2022,Delivered
PO-2022-03080,2/27/2023,SUP021,P01919,2007,16.57,33251.04,3/11/2023,3/20/2023,Delivered
PO-2022-03081,2/10/2022,SUP005,P01269,4904,14.66,71908.05,3/26/2022,,Shipped
PO-2022-03082,1/29/2023,SUP067,P00127,936,22.59,21144.04,3/24/2023,3/21/2023,Delivered
PO-2022-03083,12/29/2023,SUP141,P00169,1248,16.33,20382.61,2/24/2024,2/27/2024,Delivered
PO-2022-03084,9/10/2023,SUP001,P01718,4701,39.77,186981,10/20/2023,10/28/2023,Delivered
PO-2022-03085,8/20/2022,SUP094,P01207,4514,9.64,43525.08,9/11/2022,9/9/2022,Delivered
PO-2022-03086,3/5/2022,SUP083,P00219,803,37.09,29781.01,4/9/2022,4/12/2022,Delivered
PO-2022-03087,2/26/2022,SUP052,P01912,4952,8.92,44154.5,4/25/2022,4/30/2022,Delivered
PO-2022-03088,12/20/2022,SUP094,P01681,3293,34.19,112597.53,1/11/2023,1/6/2023,Delivered
PO-2022-03089,5/13/2022,SUP132,P01012,1119,9.69,10841.01,5/21/2022,5/18/2022,Delivered
PO-2022-03090,12/21/2023,SUP051,P01513,2780,35.24,97957.08,1/19/2024,1/22/2024,Delivered
PO-2022-03091,10/31/2022,SUP051,P00644,2740,8.28,22677.22,11/29/2022,11/24/2022,Delivered
PO-2022-03092,8/31/2022,SUP091,P00866,1868,14.73,27516.65,10/8/2022,10/17/2022,Delivered
PO-2022-03093,9/13/2023,SUP018,P01119,1088,41.52,45175.89,10/9/2023,10/5/2023,Delivered
PO-2022-03094,5/8/2022,SUP099,P01760,2644,12.36,32686.57,6/3/2022,6/7/2022,Delivered
PO-2022-03095,6/14/2023,SUP140,P01485,4464,32.19,143715.02,8/1/2023,8/7/2023,Delivered
PO-2022-03096,9/17/2022,SUP058,P01157,1128,19.77,22305.78,9/27/2022,9/30/2022,Delivered
PO-2022-03097,4/1/2022,SUP059,P00903,4167,41.88,174501.67,4/20/2022,4/16/2022,Delivered
PO-2022-03098,11/18/2022,SUP142,P01708,525,51.94,27270.9,12/4/2022,12/10/2022,Delivered
PO-2022-03099,2/26/2023,SUP137,P00319,522,36.12,18855.97,3/15/2023,3/13/2023,Delivered
PO-2022-03100,3/20/2022,SUP094,P01004,4560,48.24,219989.65,4/11/2022,4/13/2022,Delivered
PO-2022-03101,9/5/2022,SUP005,P01796,534,16.86,9005.57,10/19/2022,10/20/2022,Delivered
PO-2022-03102,1/16/2023,SUP110,P00029,4025,38.33,154292.57,3/10/2023,3/19/2023,Delivered
PO-2022-03103,7/1/2023,SUP053,P01569,4522,15.84,71611.48,8/10/2023,8/16/2023,Delivered
PO-2022-03104,8/7/2022,SUP135,P00882,4514,10.86,49026.02,9/16/2022,9/13/2022,Delivered
PO-2022-03105,7/5/2023,SUP114,P01943,3440,26.34,90611.29,8/28/2023,9/3/2023,Delivered
PO-2022-03106,3/11/2022,SUP064,P00588,4001,14.71,58840.64,5/8/2022,5/8/2022,Delivered
PO-2022-03107,12/14/2022,SUP106,P00876,460,2.09,963.69,12/24/2022,,Shipped
PO-2022-03108,1/18/2023,SUP112,P01945,3990,48.61,193947.02,2/21/2023,2/20/2023,Delivered
PO-2022-03109,8/10/2023,SUP011,P00189,4038,45.9,185360.37,8/18/2023,8/24/2023,Delivered
PO-2022-03110,10/11/2022,SUP114,P00366,2258,6.76,15270.95,12/4/2022,12/11/2022,Delivered
PO-2022-03111,10/4/2023,SUP038,P01505,3575,34.35,122799.38,11/23/2023,11/27/2023,Delivered
PO-2022-03112,12/6/2022,SUP001,P00961,1084,30.6,33169.04,1/15/2023,,Shipped
PO-2022-03113,5/22/2022,SUP062,P01409,3972,15.76,62580.12,6/24/2022,6/28/2022,Delivered
PO-2022-03114,1/22/2023,SUP053,P01788,3700,4.06,15018.55,3/3/2023,3/6/2023,Delivered
PO-2022-03115,12/18/2022,SUP090,P01591,3596,5.12,18395.07,1/4/2023,1/12/2023,Delivered
PO-2022-03116,4/11/2023,SUP062,P01086,3338,17.46,58278.47,5/14/2023,,Cancelled
PO-2022-03117,2/28/2022,SUP097,P00070,2058,3.34,6863.51,4/2/2022,3/28/2022,Delivered
PO-2022-03118,6/17/2022,SUP073,P01907,4377,33.65,147272.14,7/8/2022,,Pending
PO-2022-03119,10/19/2022,SUP064,P01913,2830,34.38,97299.97,12/16/2022,,Pending
PO-2022-03120,4/4/2022,SUP012,P01869,4809,54.11,260226.97,5/21/2022,,Cancelled
PO-2022-03121,9/24/2023,SUP025,P00754,2134,35.76,76310.81,10/21/2023,10/24/2023,Delivered
PO-2022-03122,1/4/2022,SUP071,P01345,1175,36.38,42745.46,1/27/2022,2/1/2022,Delivered
PO-2022-03123,10/7/2022,SUP095,P01184,2175,5.47,11887.67,10/24/2022,10/22/2022,Delivered
PO-2022-03124,7/23/2022,SUP038,P00294,4066,46.61,189528.74,9/11/2022,,Shipped
PO-2022-03125,2/22/2022,SUP054,P01011,4898,8.54,41835.92,4/11/2022,4/18/2022,Delivered
PO-2022-03126,2/1/2023,SUP073,P00555,1825,23.1,42161.24,2/22/2023,2/26/2023,Delivered
PO-2022-03127,4/9/2022,SUP068,P01917,2909,24.72,71924.2,5/13/2022,5/9/2022,Delivered
PO-2022-03128,2/2/2023,SUP147,P00044,3942,22.77,89765.09,3/29/2023,4/1/2023,Delivered
PO-2022-03129,10/15/2023,SUP060,P01788,819,3.92,3214.25,11/25/2023,11/24/2023,Delivered
PO-2022-03130,4/20/2022,SUP099,P00515,736,21.83,16066.5,5/16/2022,5/21/2022,Delivered
PO-2022-03131,1/17/2023,SUP057,P01518,3899,37.43,145955.05,3/4/2023,3/7/2023,Delivered
PO-2022-03132,11/29/2022,SUP133,P00641,1734,22.86,39646.59,12/28/2022,,Cancelled
PO-2022-03133,2/7/2022,SUP001,P01876,2703,23.47,63444.17,3/19/2022,3/22/2022,Delivered
PO-2022-03134,2/26/2022,SUP111,P00557,2207,32.68,72115.59,4/19/2022,4/16/2022,Delivered
PO-2022-03135,1/26/2022,SUP147,P01843,4801,47.35,227328.42,3/22/2022,3/23/2022,Delivered
PO-2022-03136,7/6/2023,SUP040,P00917,3275,14.89,48767.82,8/20/2023,8/20/2023,Delivered
PO-2022-03137,4/23/2022,SUP063,P00569,3043,21.83,66421.72,5/19/2022,5/26/2022,Delivered
PO-2022-03138,3/25/2022,SUP107,P00949,401,24.52,9832.15,4/3/2022,4/10/2022,Delivered
PO-2022-03139,9/15/2023,SUP099,P00654,1575,29.6,46614.92,10/11/2023,10/18/2023,Delivered
PO-2022-03140,3/22/2022,SUP107,P00595,317,28.65,9081.24,3/31/2022,3/27/2022,Delivered
PO-2022-03141,7/28/2023,SUP022,P00983,821,35.48,29131.59,9/1/2023,9/9/2023,Delivered
PO-2022-03142,9/30/2022,SUP043,P01777,798,1.12,893.58,11/6/2022,11/12/2022,Delivered
PO-2022-03143,3/2/2022,SUP065,P00300,2644,10.17,26877.01,4/2/2022,4/9/2022,Delivered
PO-2022-03144,5/25/2022,SUP086,P00341,1921,13.66,26238.83,6/29/2022,6/27/2022,Delivered
PO-2022-03145,7/30/2023,SUP040,P01985,2358,34.08,80354.68,9/13/2023,9/11/2023,Delivered
PO-2022-03146,1/25/2023,SUP069,P00086,3160,7.51,23725.65,3/8/2023,3/15/2023,Delivered
PO-2022-03147,11/16/2022,SUP059,P00657,1200,48.17,57804.89,12/5/2022,,Cancelled
PO-2022-03148,9/29/2023,SUP020,P01088,596,9.31,5546.41,10/17/2023,10/22/2023,Delivered
PO-2022-03149,3/2/2022,SUP126,P01103,1806,12.17,21972.03,4/5/2022,4/6/2022,Delivered
PO-2022-03150,10/13/2023,SUP095,P00645,138,51.48,7104.67,10/30/2023,11/6/2023,Delivered
PO-2022-03151,10/2/2022,SUP144,P01652,968,51.32,49682.59,11/7/2022,11/10/2022,Delivered
PO-2022-03152,5/26/2022,SUP040,P00156,2083,38.49,80173.25,7/10/2022,7/7/2022,Delivered
PO-2022-03153,7/26/2022,SUP002,P00585,3300,18.62,61438.1,8/19/2022,,Pending
PO-2022-03154,9/29/2023,SUP041,P00775,3793,24.83,94185.06,10/29/2023,,Cancelled
PO-2022-03155,3/21/2023,SUP148,P01312,2405,29.21,70260.65,4/8/2023,,Cancelled
PO-2022-03156,2/11/2023,SUP110,P00886,4206,38.42,161586.67,4/5/2023,4/4/2023,Delivered
PO-2022-03157,1/9/2022,SUP031,P00823,785,2.84,2232.15,3/4/2022,3/4/2022,Delivered
PO-2022-03158,10/25/2023,SUP135,P00003,4238,14.67,62168.57,12/4/2023,12/8/2023,Delivered
PO-2022-03159,4/7/2022,SUP004,P00730,2081,33.76,70250.25,5/9/2022,5/18/2022,Delivered
PO-2022-03160,5/16/2022,SUP007,P00037,2119,4.65,9844.18,6/27/2022,6/26/2022,Delivered
PO-2022-03161,2/27/2022,SUP111,P00113,3775,5.99,22619.23,4/20/2022,4/24/2022,Delivered
PO-2022-03162,11/21/2023,SUP113,P01603,4866,31.11,151380.13,12/25/2023,12/24/2023,Delivered
PO-2022-03163,1/4/2022,SUP130,P00742,3981,6.26,24926.15,1/24/2022,1/19/2022,Delivered
PO-2022-03164,10/31/2022,SUP048,P00870,3881,30.24,117342.23,12/12/2022,,Cancelled
PO-2022-03165,8/17/2023,SUP011,P00792,311,18.6,5785.26,8/25/2023,8/24/2023,Delivered
PO-2022-03166,12/2/2022,SUP005,P00922,2139,25.7,54976.19,1/15/2023,1/14/2023,Delivered
PO-2022-03167,6/16/2022,SUP085,P00412,1677,28.11,47136.11,8/8/2022,8/11/2022,Delivered
PO-2022-03168,1/30/2023,SUP034,P00004,4304,11.77,50638.93,3/6/2023,3/13/2023,Delivered
PO-2022-03169,7/31/2022,SUP090,P01231,4822,43.1,207807.85,8/17/2022,8/15/2022,Delivered
PO-2022-03170,9/10/2022,SUP086,P00196,361,36.35,13121.17,10/15/2022,10/21/2022,Delivered
PO-2022-03171,10/23/2022,SUP007,P00534,2219,37.97,84262.48,12/4/2022,12/12/2022,Delivered
PO-2022-03172,11/20/2022,SUP096,P01941,3836,10.25,39320.74,12/4/2022,12/10/2022,Delivered
PO-2022-03173,11/18/2022,SUP092,P01787,1131,6.99,7902.57,12/8/2022,12/4/2022,Delivered
PO-2022-03174,10/13/2023,SUP053,P00126,3192,18.86,60214.02,11/22/2023,,Cancelled
PO-2022-03175,7/25/2022,SUP084,P01045,1773,9.5,16837.42,8/16/2022,8/25/2022,Delivered
PO-2022-03176,2/12/2022,SUP123,P01961,3545,20.81,73784.25,2/27/2022,2/23/2022,Delivered
PO-2022-03177,7/7/2023,SUP129,P00996,3773,9.29,35054.18,7/17/2023,7/15/2023,Delivered
PO-2022-03178,10/19/2023,SUP058,P01923,4665,48.19,224797.06,10/29/2023,11/1/2023,Delivered
PO-2022-03179,11/20/2022,SUP099,P00059,2416,18.08,43691.71,12/16/2022,12/22/2022,Delivered
PO-2022-03180,5/30/2023,SUP023,P01128,4004,3.19,12789.57,7/8/2023,,Pending
PO-2022-03181,8/31/2023,SUP100,P01581,673,32.15,21639.93,9/10/2023,9/14/2023,Delivered
PO-2022-03182,4/1/2023,SUP006,P01399,1654,8.32,13758.02,5/13/2023,5/9/2023,Delivered
PO-2022-03183,3/15/2023,SUP010,P00507,2793,31.3,87430.26,5/3/2023,5/4/2023,Delivered
PO-2022-03184,11/20/2023,SUP106,P01123,1153,12.04,13887.37,11/30/2023,,Shipped
PO-2022-03185,1/28/2022,SUP035,P00581,3097,38.78,120109.47,3/24/2022,3/19/2022,Delivered
PO-2022-03186,10/6/2023,SUP017,P01212,1655,12.38,20480.98,10/15/2023,,Cancelled
PO-2022-03187,2/12/2023,SUP036,P00125,3491,15.3,53395.92,4/3/2023,4/11/2023,Delivered
PO-2022-03188,1/20/2022,SUP039,P00247,1470,37.31,54849.4,3/18/2022,3/24/2022,Delivered
PO-2022-03189,6/15/2023,SUP110,P01270,2744,10.83,29708.94,8/7/2023,,Pending
PO-2022-03190,12/11/2022,SUP099,P00292,1471,43.2,63552.2,1/6/2023,,Pending
PO-2022-03191,8/16/2023,SUP038,P00761,3386,31.93,108103.76,10/5/2023,,Shipped
PO-2022-03192,3/7/2023,SUP075,P01101,201,35.77,7189.48,3/24/2023,,Pending
PO-2022-03193,3/20/2022,SUP121,P01789,2280,35.84,81708.31,4/6/2022,,Pending
PO-2022-03194,6/27/2023,SUP038,P01280,4108,5.46,22412.41,8/16/2023,8/17/2023,Delivered
PO-2022-03195,9/26/2023,SUP053,P00581,638,37.25,23767.38,11/5/2023,11/13/2023,Delivered
PO-2022-03196,10/28/2022,SUP020,P01312,2060,29.7,61190.47,11/15/2022,11/20/2022,Delivered
PO-2022-03197,9/14/2022,SUP147,P00222,3915,31.05,121574.94,11/8/2022,11/9/2022,Delivered
PO-2022-03198,8/8/2023,SUP038,P01269,1873,14.96,28023.94,9/27/2023,9/26/2023,Delivered
PO-2022-03199,6/11/2023,SUP100,P01407,3620,28.57,103434.97,6/21/2023,6/27/2023,Delivered
PO-2022-03200,11/3/2023,SUP036,P00171,2519,9.3,23424.09,12/23/2023,12/31/2023,Delivered
PO-2022-03201,3/8/2023,SUP074,P00209,2131,9.14,19469.74,4/23/2023,4/27/2023,Delivered
PO-2022-03202,12/25/2023,SUP076,P01256,3896,4.94,19259.53,1/20/2024,1/22/2024,Delivered
PO-2022-03203,12/30/2023,SUP007,P01957,3587,32.29,115806.78,2/10/2024,,Cancelled
PO-2022-03204,6/19/2022,SUP040,P01858,4454,30.91,137659.93,8/3/2022,8/6/2022,Delivered
PO-2022-03205,6/10/2022,SUP011,P00230,4815,29.99,144401.42,6/18/2022,6/26/2022,Delivered
PO-2022-03206,10/4/2023,SUP132,P00965,2093,19.92,41691.02,10/12/2023,10/15/2023,Delivered
PO-2022-03207,8/22/2022,SUP044,P01727,636,20.63,13120.53,10/10/2022,10/6/2022,Delivered
PO-2022-03208,6/23/2023,SUP091,P00178,655,5.5,3602.22,7/31/2023,7/29/2023,Delivered
PO-2022-03209,8/16/2022,SUP080,P01257,4449,42.35,188401.07,10/13/2022,10/10/2022,Delivered
PO-2022-03210,8/3/2023,SUP066,P01417,3802,44.29,168400.1,9/9/2023,9/12/2023,Delivered
PO-2022-03211,11/15/2023,SUP053,P01167,2393,26.82,64192.04,12/25/2023,12/31/2023,Delivered
PO-2022-03212,1/19/2023,SUP118,P00657,646,49.24,31811.66,3/11/2023,3/16/2023,Delivered
PO-2022-03213,6/2/2022,SUP053,P01584,2315,4.63,10716.49,7/12/2022,7/9/2022,Delivered
PO-2022-03214,8/18/2022,SUP021,P01922,3165,16.48,52159.01,8/30/2022,9/7/2022,Delivered
PO-2022-03215,10/26/2022,SUP035,P01937,2376,47.07,111835.44,12/20/2022,12/26/2022,Delivered
PO-2022-03216,12/1/2023,SUP059,P00501,2850,51.45,146627.24,12/20/2023,12/18/2023,Delivered
PO-2022-03217,7/30/2023,SUP137,P01247,2097,17.18,36033.38,8/16/2023,8/18/2023,Delivered
PO-2022-03218,4/24/2022,SUP062,P00121,3806,23.43,89191.24,5/27/2022,5/30/2022,Delivered
PO-2022-03219,9/23/2023,SUP068,P00726,3644,1.19,4347.94,10/27/2023,10/26/2023,Delivered
PO-2022-03220,1/7/2023,SUP036,P01614,1147,10.71,12281.58,2/26/2023,2/24/2023,Delivered
PO-2022-03221,9/27/2023,SUP006,P00915,863,1.11,958.47,11/8/2023,11/9/2023,Delivered
PO-2022-03222,10/23/2023,SUP072,P00369,969,44.53,43145.38,11/30/2023,11/28/2023,Delivered
PO-2022-03223,3/1/2022,SUP052,P00584,1730,45.04,77918.86,4/28/2022,4/27/2022,Delivered
PO-2022-03224,11/19/2022,SUP117,P01487,646,12.49,8068.16,12/18/2022,12/21/2022,Delivered
PO-2022-03225,3/30/2023,SUP141,P00817,1857,36.25,67325.5,5/26/2023,,Cancelled
PO-2022-03226,4/23/2022,SUP025,P00068,1438,6.74,9691.97,5/20/2022,5/17/2022,Delivered
PO-2022-03227,2/28/2023,SUP012,P00720,1335,42.84,57187.32,4/16/2023,4/19/2023,Delivered
PO-2022-03228,7/8/2023,SUP109,P01657,3147,30.33,95452.9,8/28/2023,9/1/2023,Delivered
PO-2022-03229,3/20/2022,SUP085,P00631,3107,4.03,12518.83,5/12/2022,5/10/2022,Delivered
PO-2022-03230,9/4/2023,SUP089,P00155,1894,26.73,50627.18,10/18/2023,,Cancelled
PO-2022-03231,10/11/2022,SUP105,P00349,1555,42.91,66730.68,12/9/2022,12/15/2022,Delivered
PO-2022-03232,7/1/2023,SUP082,P00875,3770,37.13,139963.54,8/24/2023,8/26/2023,Delivered
PO-2022-03233,9/11/2023,SUP114,P00626,4630,51.24,237235.15,11/4/2023,11/8/2023,Delivered
PO-2022-03234,2/2/2023,SUP109,P01087,2856,18.23,52053.06,3/25/2023,4/2/2023,Delivered
PO-2022-03235,3/12/2023,SUP137,P00945,4529,22.56,102165.71,3/29/2023,4/7/2023,Delivered
PO-2022-03236,7/24/2023,SUP123,P01546,1008,20.3,20457.95,8/8/2023,8/8/2023,Delivered
PO-2022-03237,1/13/2023,SUP126,P01014,3306,31.35,103632.55,2/16/2023,2/19/2023,Delivered
PO-2022-03238,3/7/2022,SUP004,P00003,424,15.14,6418.74,4/8/2022,4/9/2022,Delivered
PO-2022-03239,11/14/2022,SUP094,P01075,3214,35.07,112730.02,12/6/2022,12/8/2022,Delivered
PO-2022-03240,11/17/2023,SUP069,P01457,3543,39.93,141486.04,12/29/2023,1/1/2024,Delivered
PO-2022-03241,11/15/2023,SUP012,P00572,3915,32.31,126512.3,1/1/2024,1/1/2024,Delivered
PO-2022-03242,6/5/2023,SUP046,P00294,424,45.45,19269.25,7/11/2023,7/17/2023,Delivered
PO-2022-03243,2/17/2022,SUP114,P01288,3424,38.52,131888.21,4/12/2022,4/20/2022,Delivered
PO-2022-03244,1/29/2022,SUP029,P01750,4822,22.73,109611.26,2/25/2022,2/22/2022,Delivered
PO-2022-03245,5/24/2022,SUP097,P00465,4291,4.26,18278.17,6/26/2022,6/24/2022,Delivered
PO-2022-03246,3/20/2023,SUP133,P00713,4556,17.88,81446.38,4/18/2023,4/16/2023,Delivered
PO-2022-03247,4/7/2022,SUP040,P00778,828,4.78,3954.74,5/22/2022,5/27/2022,Delivered
PO-2022-03248,5/19/2023,SUP129,P00761,1047,30.33,31758.85,5/29/2023,6/4/2023,Delivered
PO-2022-03249,1/10/2023,SUP031,P00499,1440,17.54,25252.03,3/5/2023,3/1/2023,Delivered
PO-2022-03250,9/9/2023,SUP069,P00796,607,12.5,7590.5,10/21/2023,10/30/2023,Delivered
PO-2022-03251,11/5/2023,SUP022,P01742,4767,43.01,205032.53,12/10/2023,12/6/2023,Delivered
PO-2022-03252,6/27/2022,SUP051,P01710,4075,39.56,161209.37,7/26/2022,7/27/2022,Delivered
PO-2022-03253,2/13/2022,SUP030,P01808,3646,9.96,36323.35,4/3/2022,3/31/2022,Delivered
PO-2022-03254,10/16/2022,SUP057,P00359,1561,20.33,31740.77,12/1/2022,12/1/2022,Delivered
PO-2022-03255,2/7/2023,SUP031,P00663,340,17.48,5942.14,4/2/2023,3/31/2023,Delivered
PO-2022-03256,12/2/2023,SUP119,P01920,4460,48.29,215392.77,1/2/2024,1/11/2024,Delivered
PO-2022-03257,3/1/2022,SUP068,P01611,587,23,13499,4/4/2022,3/31/2022,Delivered
PO-2022-03258,8/15/2022,SUP031,P01882,4457,7.71,34362.31,10/8/2022,10/17/2022,Delivered
PO-2022-03259,6/5/2023,SUP100,P00098,2931,8.66,25376.6,6/15/2023,6/16/2023,Delivered
PO-2022-03260,9/16/2022,SUP005,P01987,1874,34.48,64616.82,10/30/2022,,Shipped
PO-2022-03261,4/26/2023,SUP002,P00868,3320,36.65,121685.58,5/20/2023,5/24/2023,Delivered
PO-2022-03262,10/6/2023,SUP054,P01396,4289,3.77,16178.25,11/23/2023,11/19/2023,Delivered
PO-2022-03263,3/5/2023,SUP146,P01773,1016,22.42,22781.59,4/4/2023,,Pending
PO-2022-03264,4/14/2023,SUP042,P00727,4961,24.81,123071.99,5/18/2023,5/21/2023,Delivered
PO-2022-03265,1/17/2022,SUP102,P00746,1039,40.93,42521.08,3/5/2022,3/4/2022,Delivered
PO-2022-03266,4/12/2023,SUP121,P00442,3179,34.33,109142.38,4/29/2023,5/6/2023,Delivered
PO-2022-03267,4/26/2023,SUP093,P00943,1357,48.53,65850.84,6/12/2023,6/19/2023,Delivered
PO-2022-03268,11/16/2023,SUP124,P01144,4737,42.04,199141.91,12/16/2023,,Shipped
PO-2022-03269,10/29/2022,SUP034,P01442,2733,31.27,85453.28,12/3/2022,12/7/2022,Delivered
PO-2022-03270,2/26/2022,SUP019,P01024,2868,34.11,97827.61,4/14/2022,4/18/2022,Delivered
PO-2022-03271,10/8/2023,SUP088,P01552,1213,23.36,28329.86,11/28/2023,11/23/2023,Delivered
PO-2022-03272,2/25/2022,SUP036,P01567,1512,9.89,14946.92,4/16/2022,4/25/2022,Delivered
PO-2022-03273,3/22/2022,SUP026,P01311,1407,12.63,17772.43,5/16/2022,5/17/2022,Delivered
PO-2022-03274,8/18/2023,SUP078,P00942,2136,10.85,23169.61,10/3/2023,,Cancelled
PO-2022-03275,12/13/2022,SUP018,P01285,495,48.43,23971.76,1/8/2023,1/11/2023,Delivered
PO-2022-03276,11/30/2023,SUP099,P01959,1186,13.48,15984.96,12/26/2023,,Shipped
PO-2022-03277,10/4/2022,SUP068,P01127,3356,26.05,87430.3,11/7/2022,11/2/2022,Delivered
PO-2022-03278,2/20/2023,SUP117,P01869,4212,49.2,207211.89,3/21/2023,3/18/2023,Delivered
PO-2022-03279,2/28/2022,SUP123,P00203,571,28.6,16329.08,3/15/2022,3/23/2022,Delivered
PO-2022-03280,2/18/2023,SUP110,P01699,3681,31.35,115412.24,4/12/2023,4/7/2023,Delivered
PO-2022-03281,8/30/2023,SUP101,P00820,3364,30.92,104013.73,10/3/2023,9/28/2023,Delivered
PO-2022-03282,1/27/2023,SUP117,P00929,2617,20.75,54296.31,2/25/2023,2/24/2023,Delivered
PO-2022-03283,7/18/2022,SUP088,P01210,4539,34.57,156927.89,9/7/2022,9/14/2022,Delivered
PO-2022-03284,1/25/2022,SUP030,P01587,3034,19.08,57882.18,3/15/2022,3/19/2022,Delivered
PO-2022-03285,11/12/2022,SUP079,P00463,3869,14.65,56698.94,12/28/2022,,Cancelled
PO-2022-03286,4/10/2023,SUP103,P00442,4590,30.22,138705.28,6/6/2023,6/12/2023,Delivered
PO-2022-03287,1/12/2022,SUP030,P01409,557,15.71,8748.45,3/2/2022,2/28/2022,Delivered
PO-2022-03288,5/13/2023,SUP040,P01431,3928,6.84,26876.42,6/27/2023,,Pending
PO-2022-03289,1/2/2023,SUP095,P00304,2764,34.74,96021.77,1/19/2023,1/27/2023,Delivered
PO-2022-03290,10/28/2022,SUP139,P00972,1328,4.64,6159.66,11/26/2022,12/1/2022,Delivered
PO-2022-03291,2/6/2023,SUP043,P01772,2793,15.61,43587.73,3/15/2023,,Shipped
PO-2022-03292,5/15/2023,SUP021,P01726,3747,1.65,6167.87,5/27/2023,5/25/2023,Delivered
PO-2022-03293,3/24/2023,SUP108,P00739,393,8.88,3488.54,4/22/2023,,Pending
PO-2022-03294,12/5/2023,SUP132,P01149,2174,32.65,70972.94,12/13/2023,,Shipped
PO-2022-03295,5/1/2023,SUP006,P00969,1799,16.62,29895.15,6/12/2023,6/17/2023,Delivered
PO-2022-03296,11/20/2023,SUP122,P01364,3839,30.94,118768.21,12/11/2023,12/7/2023,Delivered
PO-2022-03297,8/26/2023,SUP074,P00215,4611,33.67,155241.91,10/11/2023,10/16/2023,Delivered
PO-2022-03298,6/24/2023,SUP054,P01261,216,19.17,4141.62,8/11/2023,8/13/2023,Delivered
PO-2022-03299,1/20/2023,SUP032,P01004,2581,45.9,118474.54,3/11/2023,3/16/2023,Delivered
PO-2022-03300,7/3/2023,SUP137,P01159,1978,32.95,65172.15,7/20/2023,7/16/2023,Delivered
PO-2022-03301,7/26/2023,SUP061,P00840,2808,39.44,110748.35,9/16/2023,9/11/2023,Delivered
PO-2022-03302,9/7/2022,SUP087,P00949,4210,24.99,105188.38,10/2/2022,9/29/2022,Delivered
PO-2022-03303,12/6/2023,SUP104,P01946,310,54.5,16893.51,1/6/2024,1/3/2024,Delivered
PO-2022-03304,11/30/2022,SUP100,P00233,4644,11.45,53185.85,12/10/2022,12/6/2022,Delivered
PO-2022-03305,7/22/2023,SUP126,P00462,599,25.52,15285.02,8/25/2023,,Cancelled
PO-2022-03306,2/20/2022,SUP136,P01127,2089,28.11,58724.2,3/4/2022,2/27/2022,Delivered
PO-2022-03307,3/26/2022,SUP110,P00786,4267,41.26,176073.12,5/18/2022,5/22/2022,Delivered
PO-2022-03308,8/15/2023,SUP090,P01618,4347,2.13,9271.13,9/1/2023,9/9/2023,Delivered
PO-2022-03309,7/24/2023,SUP064,P00426,4337,39.84,172806.76,9/20/2023,9/22/2023,Delivered
PO-2022-03310,8/19/2022,SUP060,P00137,318,39,12403.16,9/29/2022,10/4/2022,Delivered
PO-2022-03311,8/12/2022,SUP123,P00604,3305,37.83,125036.02,8/27/2022,8/30/2022,Delivered
PO-2022-03312,12/19/2023,SUP034,P01918,4161,40.12,166941.96,1/23/2024,,Shipped
PO-2022-03313,9/12/2022,SUP113,P00198,1550,41.38,64138.9,10/16/2022,10/24/2022,Delivered
PO-2022-03314,11/30/2023,SUP022,P00374,456,1.68,765.82,1/4/2024,1/5/2024,Delivered
PO-2022-03315,4/30/2022,SUP064,P00186,2731,22.54,61558.44,6/27/2022,7/2/2022,Delivered
PO-2022-03316,6/24/2022,SUP005,P00643,1835,38.24,70171.53,8/7/2022,8/15/2022,Delivered
PO-2022-03317,10/24/2022,SUP033,P01580,1645,10.44,17172.55,11/9/2022,11/12/2022,Delivered
PO-2022-03318,11/27/2022,SUP056,P01187,4388,39.31,172503.81,12/20/2022,12/18/2022,Delivered
PO-2022-03319,6/22/2023,SUP107,P00901,3441,33.21,114260.15,7/1/2023,6/27/2023,Delivered
PO-2022-03320,2/15/2022,SUP079,P01467,602,1.76,1059.78,4/2/2022,3/29/2022,Delivered
PO-2022-03321,4/21/2023,SUP027,P00936,2691,27.83,74884.84,6/8/2023,6/12/2023,Delivered
PO-2022-03322,2/26/2023,SUP107,P01266,3380,4.15,14028.89,3/7/2023,3/10/2023,Delivered
PO-2022-03323,7/6/2022,SUP040,P00630,2817,16.92,47668.84,8/20/2022,8/21/2022,Delivered
PO-2022-03324,3/25/2022,SUP006,P00891,3534,5.65,19955.43,5/6/2022,5/6/2022,Delivered
PO-2022-03325,10/26/2023,SUP069,P00170,3931,41.96,164934.06,12/7/2023,,Pending
PO-2022-03326,9/24/2023,SUP041,P00180,3134,21.4,67053.73,10/24/2023,,Pending
PO-2022-03327,2/15/2022,SUP002,P01167,3456,30.4,105074.96,3/11/2022,3/6/2022,Delivered
PO-2022-03328,7/11/2023,SUP054,P00528,715,26.02,18604.94,8/28/2023,9/3/2023,Delivered
PO-2022-03329,7/20/2022,SUP041,P00981,2637,45.21,119219.25,8/19/2022,8/25/2022,Delivered
PO-2022-03330,10/13/2023,SUP107,P00404,4431,20.55,91040.75,10/22/2023,10/25/2023,Delivered
PO-2022-03331,6/26/2023,SUP038,P01669,239,15.22,3637.08,8/15/2023,8/14/2023,Delivered
PO-2022-03332,7/24/2023,SUP105,P00125,3520,17.33,61009.93,9/21/2023,9/23/2023,Delivered
PO-2022-03333,7/3/2023,SUP148,P01744,2853,42.28,120631.3,7/21/2023,7/28/2023,Delivered
PO-2022-03334,3/28/2022,SUP102,P00196,4387,38.59,169284.95,5/14/2022,5/20/2022,Delivered
PO-2022-03335,10/14/2023,SUP014,P00254,4183,4.25,17765.14,12/12/2023,,Cancelled
PO-2022-03336,2/22/2023,SUP066,P00128,916,12.95,11860.56,3/31/2023,4/6/2023,Delivered
PO-2022-03337,10/9/2022,SUP075,P00207,1432,45.47,65112.39,10/26/2022,10/26/2022,Delivered
PO-2022-03338,9/10/2022,SUP005,P01467,4069,1.98,8039.84,10/24/2022,10/24/2022,Delivered
PO-2022-03339,12/17/2022,SUP048,P01157,365,22.72,8293.71,1/28/2023,1/25/2023,Delivered
PO-2022-03340,11/1/2023,SUP120,P00427,2151,42.18,90739.18,11/26/2023,11/28/2023,Delivered
PO-2022-03341,3/13/2022,SUP095,P00528,985,23.12,22774.13,3/30/2022,3/28/2022,Delivered
PO-2022-03342,3/11/2023,SUP091,P01363,4124,45.3,186826.77,4/18/2023,4/13/2023,Delivered
PO-2022-03343,9/21/2023,SUP133,P01564,3071,52.19,160277.84,10/20/2023,,Cancelled
PO-2022-03344,10/31/2023,SUP113,P00631,1772,3.93,6962.31,12/4/2023,12/12/2023,Delivered
PO-2022-03345,4/6/2022,SUP130,P00955,2362,49.81,117650.19,4/26/2022,4/25/2022,Delivered
PO-2022-03346,7/3/2022,SUP029,P01807,2868,17.44,50015.98,7/30/2022,8/4/2022,Delivered
PO-2022-03347,3/29/2022,SUP006,P00668,4736,14.57,68989.67,5/10/2022,5/16/2022,Delivered
PO-2022-03348,10/5/2022,SUP030,P00085,2588,17.9,46316.22,11/23/2022,11/21/2022,Delivered
PO-2022-03349,12/5/2022,SUP057,P01203,4869,38.56,187728.85,1/20/2023,1/26/2023,Delivered
PO-2022-03350,3/28/2023,SUP041,P01728,3044,28.33,86238.35,4/27/2023,5/4/2023,Delivered
PO-2022-03351,9/17/2022,SUP017,P01004,2763,40.36,111517.37,9/26/2022,10/1/2022,Delivered
PO-2022-03352,7/17/2022,SUP043,P00709,2618,35.36,92570.32,8/23/2022,8/29/2022,Delivered
PO-2022-03353,2/12/2022,SUP141,P00077,4234,44.83,189814.05,4/10/2022,4/7/2022,Delivered
PO-2022-03354,7/5/2022,SUP069,P01488,3306,21.33,70523.21,8/16/2022,8/13/2022,Delivered
PO-2022-03355,5/13/2023,SUP043,P00340,3413,24.56,83812.22,6/19/2023,6/17/2023,Delivered
PO-2022-03356,12/27/2022,SUP120,P00996,4524,9.12,41252.53,1/21/2023,1/27/2023,Delivered
PO-2022-03357,3/16/2023,SUP113,P00245,3726,29.21,108830.33,4/19/2023,4/14/2023,Delivered
PO-2022-03358,8/21/2023,SUP104,P02000,1037,11.36,11779.99,9/21/2023,9/22/2023,Delivered
PO-2022-03359,9/11/2022,SUP068,P00513,4861,22.18,107828.81,10/15/2022,10/22/2022,Delivered
PO-2022-03360,1/27/2022,SUP101,P00306,3907,24.33,95053.88,3/2/2022,2/26/2022,Delivered
PO-2022-03361,4/12/2022,SUP003,P00916,398,28.76,11447.78,5/18/2022,5/16/2022,Delivered
PO-2022-03362,11/14/2023,SUP048,P01505,3255,35.26,114777.89,12/26/2023,12/22/2023,Delivered
PO-2022-03363,6/3/2022,SUP027,P00434,4537,38.54,174856.87,7/21/2022,7/30/2022,Delivered
PO-2022-03364,9/9/2022,SUP075,P01889,1269,5.15,6539.99,9/26/2022,9/30/2022,Delivered
PO-2022-03365,10/24/2023,SUP069,P01279,2278,23.47,53475.32,12/5/2023,,Shipped
PO-2022-03366,7/18/2022,SUP078,P00221,2143,2.4,5140.79,9/2/2022,,Pending
PO-2022-03367,5/3/2023,SUP091,P00354,1047,48.39,50668,6/10/2023,6/8/2023,Delivered
PO-2022-03368,7/11/2022,SUP146,P00709,260,38.39,9981.95,8/10/2022,8/11/2022,Delivered
PO-2022-03369,2/28/2022,SUP036,P01577,3844,50.66,194745.39,4/19/2022,,Pending
PO-2022-03370,8/12/2022,SUP108,P00492,832,16.58,13796.17,9/10/2022,,Cancelled
PO-2022-03371,10/12/2022,SUP104,P00842,2271,44.53,101122.57,11/12/2022,11/13/2022,Delivered
PO-2022-03372,8/11/2023,SUP065,P00726,1513,1.16,1754.76,9/11/2023,9/15/2023,Delivered
PO-2022-03373,4/27/2023,SUP081,P01967,4695,17.64,82836.89,6/16/2023,6/22/2023,Delivered
PO-2022-03374,3/2/2022,SUP105,P01078,1346,5.23,7036.85,4/30/2022,5/7/2022,Delivered
PO-2022-03375,2/1/2022,SUP060,P00940,238,11.01,2621.39,3/14/2022,3/12/2022,Delivered
PO-2022-03376,8/13/2022,SUP047,P00740,4464,2.77,12384.62,9/6/2022,9/11/2022,Delivered
PO-2022-03377,5/2/2022,SUP072,P01413,3288,8.69,28557.29,6/9/2022,6/13/2022,Delivered
PO-2022-03378,2/8/2022,SUP117,P01550,4361,8.54,37230.36,3/9/2022,3/14/2022,Delivered
PO-2022-03379,12/1/2022,SUP120,P01770,2861,6.97,19936.32,12/26/2022,12/26/2022,Delivered
PO-2022-03380,2/18/2023,SUP001,P00124,3721,23.83,88686.22,3/30/2023,4/5/2023,Delivered
PO-2022-03381,1/19/2022,SUP133,P00226,2078,7.44,15465.76,2/17/2022,2/19/2022,Delivered
PO-2022-03382,3/21/2022,SUP092,P01884,640,30.87,19756.87,4/10/2022,4/14/2022,Delivered
PO-2022-03383,7/10/2022,SUP094,P00491,504,24.14,12168.06,8/1/2022,8/3/2022,Delivered
PO-2022-03384,10/8/2023,SUP134,P01408,920,27.79,25565.71,11/28/2023,12/1/2023,Delivered
PO-2022-03385,3/4/2022,SUP144,P00958,4814,29.3,141044.52,4/9/2022,4/9/2022,Delivered
PO-2022-03386,1/10/2023,SUP066,P01033,1110,19.89,22082.31,2/16/2023,2/17/2023,Delivered
PO-2022-03387,12/15/2022,SUP132,P00575,1919,13.32,25569.47,12/23/2022,12/19/2022,Delivered
PO-2022-03388,8/10/2023,SUP080,P00358,4580,14.91,68282.83,10/7/2023,,Pending
PO-2022-03389,11/11/2023,SUP031,P00469,592,28.34,16779.01,1/4/2024,1/7/2024,Delivered
PO-2022-03390,8/23/2023,SUP059,P00125,361,14.98,5408.68,9/11/2023,9/9/2023,Delivered
PO-2022-03391,6/5/2023,SUP081,P01347,4436,49,217356.77,7/25/2023,7/30/2023,Delivered
PO-2022-03392,7/24/2022,SUP039,P00211,1489,23.05,34322.41,9/19/2022,9/19/2022,Delivered
PO-2022-03393,4/4/2022,SUP102,P00169,1420,17.06,24226.65,5/21/2022,,Cancelled
PO-2022-03394,12/6/2023,SUP011,P00350,4931,44.47,219281.09,12/14/2023,,Shipped
PO-2022-03395,3/27/2023,SUP060,P01443,1987,28.46,56546.26,5/7/2023,5/13/2023,Delivered
PO-2022-03396,7/9/2022,SUP118,P01440,913,38.58,35221.29,8/29/2022,9/2/2022,Delivered
PO-2022-03397,4/8/2022,SUP082,P01394,2446,24.09,58914.89,6/1/2022,6/2/2022,Delivered
PO-2022-03398,9/8/2023,SUP100,P01321,4642,8.02,37225.45,9/18/2023,9/22/2023,Delivered
PO-2022-03399,9/15/2022,SUP011,P01707,3598,34.5,124138.05,9/23/2022,9/21/2022,Delivered
PO-2022-03400,1/23/2022,SUP105,P00466,3615,22.53,81444.02,3/23/2022,4/1/2022,Delivered
PO-2022-03401,11/10/2022,SUP129,P00981,2047,47.54,97309.83,11/20/2022,11/16/2022,Delivered
PO-2022-03402,2/27/2022,SUP093,P00001,176,31.75,5587.22,4/15/2022,4/16/2022,Delivered
PO-2022-03403,5/28/2022,SUP069,P01549,285,19.89,5667.78,7/9/2022,,Cancelled
PO-2022-03404,2/25/2023,SUP038,P01696,1720,21.5,36986.46,4/16/2023,4/19/2023,Delivered
PO-2022-03405,6/21/2023,SUP040,P01288,1505,39.51,59458.23,8/5/2023,8/10/2023,Delivered
PO-2022-03406,6/12/2022,SUP042,P00092,2778,7.78,21614.47,7/16/2022,7/21/2022,Delivered
PO-2022-03407,6/28/2022,SUP031,P01976,4550,41.71,189774.69,8/21/2022,8/21/2022,Delivered
PO-2022-03408,5/3/2023,SUP025,P00544,749,20.03,15002.01,5/30/2023,5/27/2023,Delivered
PO-2022-03409,4/3/2022,SUP053,P01051,3586,36.86,132195.9,5/13/2022,5/13/2022,Delivered
PO-2022-03410,4/18/2023,SUP010,P01236,3610,42.78,154434.75,6/6/2023,6/2/2023,Delivered
PO-2022-03411,4/21/2022,SUP080,P00203,1883,25.87,48719.26,6/18/2022,6/17/2022,Delivered
PO-2022-03412,11/21/2023,SUP011,P00572,4400,33.12,145717.68,11/29/2023,11/27/2023,Delivered
PO-2022-03413,3/26/2023,SUP069,P01397,4670,16.86,78736.04,5/7/2023,5/9/2023,Delivered
PO-2022-03414,5/23/2022,SUP102,P01031,2132,42.77,91190.22,7/9/2022,7/17/2022,Delivered
PO-2022-03415,2/3/2022,SUP131,P01959,2899,12.56,36421.45,3/19/2022,3/27/2022,Delivered
PO-2022-03416,2/3/2022,SUP030,P00406,3061,33.74,103292.45,3/24/2022,3/24/2022,Delivered
PO-2022-03417,7/26/2023,SUP055,P01715,2231,6.84,15268.66,9/9/2023,9/16/2023,Delivered
PO-2022-03418,6/29/2022,SUP091,P01334,4108,29.42,120850.86,8/6/2022,,Shipped
PO-2022-03419,10/6/2022,SUP055,P00625,475,48.37,22976.89,11/20/2022,11/28/2022,Delivered
PO-2022-03420,2/16/2022,SUP079,P00569,1874,19.23,36030.8,4/3/2022,3/31/2022,Delivered
PO-2022-03421,11/24/2022,SUP133,P00153,828,23.42,19388.58,12/23/2022,12/28/2022,Delivered
PO-2022-03422,7/5/2023,SUP019,P00249,3206,44.61,143007.07,8/21/2023,8/29/2023,Delivered
PO-2022-03423,12/28/2023,SUP119,P00647,3245,40.01,129840.12,1/28/2024,1/24/2024,Delivered
PO-2022-03424,10/6/2022,SUP034,P00526,609,24.23,14753.16,11/10/2022,11/15/2022,Delivered
PO-2022-03425,11/19/2023,SUP090,P00938,3127,41.64,130201.88,12/6/2023,12/5/2023,Delivered
PO-2022-03426,5/10/2023,SUP118,P01259,3210,0.94,3014.85,6/30/2023,,Pending
PO-2022-03427,8/24/2023,SUP063,P01198,967,19.31,18674.02,9/19/2023,9/16/2023,Delivered
PO-2022-03428,3/15/2022,SUP076,P01823,4832,49.07,237106.33,4/10/2022,,Pending
PO-2022-03429,7/14/2022,SUP018,P00441,1612,40.54,65342.75,8/9/2022,8/5/2022,Delivered
PO-2022-03430,11/4/2022,SUP055,P01879,4826,6.98,33709.35,12/19/2022,12/22/2022,Delivered
PO-2022-03431,8/4/2023,SUP089,P01142,149,10.57,1575.26,9/17/2023,9/21/2023,Delivered
PO-2022-03432,12/2/2023,SUP057,P01808,1722,8.72,15010.29,1/17/2024,1/15/2024,Delivered
PO-2022-03433,4/13/2023,SUP031,P01014,253,35.26,8919.68,6/6/2023,,Pending
PO-2022-03434,9/12/2022,SUP112,P01002,4743,3.33,15817.6,10/16/2022,10/21/2022,Delivered
PO-2022-03435,2/14/2023,SUP083,P00146,3209,47.03,150913.57,3/21/2023,3/27/2023,Delivered
PO-2022-03436,12/11/2022,SUP005,P01467,2098,2.04,4282.82,1/24/2023,1/23/2023,Delivered
PO-2022-03437,5/29/2023,SUP097,P00215,703,35.79,25158.33,7/1/2023,7/4/2023,Delivered
PO-2022-03438,7/13/2023,SUP115,P00863,911,35.51,32346.76,8/22/2023,8/20/2023,Delivered
PO-2022-03439,2/6/2022,SUP070,P00268,884,24.04,21251.75,3/12/2022,3/20/2022,Delivered
PO-2022-03440,9/27/2022,SUP014,P01466,1301,26.71,34746.55,11/25/2022,11/25/2022,Delivered
PO-2022-03441,9/23/2023,SUP029,P00518,1237,19.27,23839.98,10/20/2023,10/23/2023,Delivered
PO-2022-03442,7/14/2023,SUP026,P01950,1934,29.23,56532.68,9/7/2023,9/10/2023,Delivered
PO-2022-03443,11/22/2022,SUP036,P00097,4458,1.45,6475.82,1/11/2023,1/10/2023,Delivered
PO-2022-03444,12/31/2023,SUP149,P01280,1000,5.15,5150.28,1/21/2024,1/21/2024,Delivered
PO-2022-03445,11/8/2022,SUP122,P00567,2022,31.3,63297.2,11/29/2022,11/26/2022,Delivered
PO-2022-03446,7/29/2023,SUP095,P01434,1669,27.58,46033.02,8/15/2023,8/21/2023,Delivered
PO-2022-03447,7/16/2022,SUP107,P00363,3581,29.03,103956.39,7/25/2022,8/1/2022,Delivered
PO-2022-03448,7/20/2023,SUP042,P01906,2384,22.65,53989.52,8/23/2023,8/19/2023,Delivered
PO-2022-03449,2/12/2023,SUP019,P01309,3176,24.6,78114.58,3/31/2023,3/26/2023,Delivered
PO-2022-03450,6/29/2023,SUP056,P01401,3388,40.69,137866.06,7/22/2023,7/23/2023,Delivered
PO-2022-03451,5/26/2023,SUP137,P01278,1673,44.37,74234.09,6/12/2023,6/19/2023,Delivered
PO-2022-03452,6/13/2022,SUP147,P01559,230,35,8049.97,8/7/2022,8/14/2022,Delivered
PO-2022-03453,7/3/2022,SUP065,P00671,1122,13.85,15542.52,8/3/2022,8/11/2022,Delivered
PO-2022-03454,10/21/2023,SUP133,P01084,3074,5.41,16629.87,11/19/2023,11/14/2023,Delivered
PO-2022-03455,1/21/2023,SUP077,P01406,2832,10.85,30722.92,3/11/2023,3/14/2023,Delivered
PO-2022-03456,2/9/2022,SUP118,P01634,4443,1.03,4583.82,4/1/2022,4/9/2022,Delivered
PO-2022-03457,9/2/2022,SUP035,P01650,4916,37.21,182933.48,10/27/2022,11/3/2022,Delivered
PO-2022-03458,1/19/2023,SUP147,P01290,3781,15.19,57424.15,3/15/2023,3/15/2023,Delivered
PO-2022-03459,9/23/2022,SUP117,P01513,1301,37.62,48941.65,10/22/2022,10/29/2022,Delivered
PO-2022-03460,8/18/2022,SUP124,P01285,2975,47.8,142201.13,9/17/2022,,Cancelled
PO-2022-03461,8/16/2022,SUP138,P00541,3350,41.66,139568.43,10/2/2022,10/10/2022,Delivered
PO-2022-03462,9/22/2022,SUP149,P01456,1558,6.52,10153.5,10/13/2022,10/22/2022,Delivered
PO-2022-03463,6/4/2023,SUP065,P01645,4709,30.01,141329.14,7/5/2023,7/12/2023,Delivered
PO-2022-03464,1/11/2022,SUP103,P02000,2245,11.14,25012.04,3/9/2022,3/15/2022,Delivered
PO-2022-03465,10/30/2023,SUP115,P00211,1790,22.58,40423.83,12/9/2023,12/13/2023,Delivered
PO-2022-03466,3/28/2023,SUP119,P00971,1029,40.68,41856.78,4/28/2023,,Cancelled
PO-2022-03467,6/11/2022,SUP137,P00200,4023,38.53,154989.64,6/28/2022,7/3/2022,Delivered
PO-2022-03468,10/31/2022,SUP076,P01223,2053,5.23,10727.54,11/26/2022,11/28/2022,Delivered
PO-2022-03469,5/4/2022,SUP018,P01662,625,20,12501.55,5/30/2022,5/28/2022,Delivered
PO-2022-03470,12/19/2022,SUP062,P01414,4235,6.88,29154.57,1/21/2023,1/25/2023,Delivered
PO-2022-03471,7/6/2022,SUP103,P00457,2900,23.62,68484.77,9/1/2022,9/1/2022,Delivered
PO-2022-03472,1/29/2023,SUP138,P00063,2543,28.08,71402.2,3/17/2023,3/12/2023,Delivered
PO-2022-03473,10/24/2023,SUP014,P00959,4174,26.59,110972.04,12/22/2023,12/22/2023,Delivered
PO-2022-03474,6/28/2023,SUP011,P00108,3225,21.12,68106.62,7/6/2023,7/7/2023,Delivered
PO-2022-03475,12/9/2022,SUP089,P00291,3494,26.34,92044.19,1/22/2023,1/22/2023,Delivered
PO-2022-03476,9/25/2023,SUP149,P00846,4180,12.69,53033.71,10/16/2023,10/21/2023,Delivered
PO-2022-03477,3/18/2023,SUP125,P01448,3671,47.73,175230.46,4/22/2023,4/22/2023,Delivered
PO-2022-03478,8/18/2023,SUP002,P00811,908,24.39,22148.87,9/11/2023,9/13/2023,Delivered
PO-2022-03479,11/11/2022,SUP052,P01322,1754,23.49,41207.09,1/8/2023,1/4/2023,Delivered
PO-2022-03480,1/30/2023,SUP026,P01586,2044,35.61,72787.77,3/26/2023,4/4/2023,Delivered
PO-2022-03481,6/19/2023,SUP023,P00194,4374,38.75,169502.01,7/28/2023,8/1/2023,Delivered
PO-2022-03482,5/26/2023,SUP066,P01370,4752,35.18,167198.2,7/2/2023,7/10/2023,Delivered
PO-2022-03483,3/18/2022,SUP030,P00599,3933,4.27,16786.94,5/6/2022,5/6/2022,Delivered
PO-2022-03484,1/19/2023,SUP035,P01590,468,23.68,11081.07,3/15/2023,,Shipped
PO-2022-03485,5/7/2022,SUP044,P01096,1870,12.17,22752.15,6/25/2022,,Cancelled
PO-2022-03486,9/4/2022,SUP063,P00034,2157,31.39,67711.76,9/30/2022,10/2/2022,Delivered
PO-2022-03487,6/10/2023,SUP097,P00935,439,19.89,8733.82,7/13/2023,7/17/2023,Delivered
PO-2022-03488,10/12/2022,SUP024,P01291,2798,11.11,31098.31,11/28/2022,12/3/2022,Delivered
PO-2022-03489,2/19/2023,SUP132,P01226,2153,10.17,21900.57,2/27/2023,3/6/2023,Delivered
PO-2022-03490,1/6/2022,SUP130,P01581,3533,31.58,111571.67,1/26/2022,,Shipped
PO-2022-03491,10/11/2022,SUP035,P01383,2840,52.38,148765.46,12/5/2022,,Pending
PO-2022-03492,1/30/2022,SUP130,P01778,3688,37.7,139047.92,2/19/2022,2/27/2022,Delivered
PO-2022-03493,1/29/2023,SUP077,P00650,3789,42.86,162398.8,3/19/2023,3/26/2023,Delivered
PO-2022-03494,5/2/2022,SUP021,P01990,1725,26.18,45165.81,5/14/2022,5/18/2022,Delivered
PO-2022-03495,2/9/2022,SUP074,P01137,3510,4.32,15163.86,3/27/2022,3/27/2022,Delivered
PO-2022-03496,10/12/2022,SUP021,P01650,4764,41.85,199375.08,10/24/2022,10/25/2022,Delivered
PO-2022-03497,4/16/2023,SUP022,P00234,1365,37.73,51495.75,5/21/2023,5/27/2023,Delivered
PO-2022-03498,5/12/2022,SUP007,P01795,4988,46.14,230123.2,6/23/2022,6/24/2022,Delivered
PO-2022-03499,10/9/2022,SUP071,P00530,4155,37.77,156945.62,11/1/2022,11/10/2022,Delivered
PO-2022-03500,12/29/2022,SUP082,P00538,610,38.57,23530.11,2/21/2023,2/25/2023,Delivered
PO-2022-03501,10/3/2023,SUP010,P01307,3242,2.94,9528.51,11/21/2023,11/24/2023,Delivered
PO-2022-03502,10/4/2023,SUP133,P01866,865,4.53,3918.38,11/2/2023,11/2/2023,Delivered
PO-2022-03503,4/12/2022,SUP047,P00879,295,8.17,2409,5/6/2022,5/1/2022,Delivered
PO-2022-03504,10/24/2022,SUP124,P00903,2467,43.17,106509.17,11/23/2022,12/2/2022,Delivered
PO-2022-03505,12/23/2022,SUP128,P01610,1644,3.97,6522.04,1/12/2023,1/19/2023,Delivered
PO-2022-03506,8/13/2022,SUP018,P00724,340,33.27,11312.44,9/8/2022,9/11/2022,Delivered
PO-2022-03507,5/16/2022,SUP027,P01961,2465,23.18,57130.74,7/3/2022,,Cancelled
PO-2022-03508,4/10/2022,SUP122,P01617,1135,4.09,4639.35,5/1/2022,5/5/2022,Delivered
PO-2022-03509,12/14/2022,SUP095,P01973,2612,23.17,60514.41,12/31/2022,12/28/2022,Delivered
PO-2022-03510,4/28/2022,SUP146,P00978,2334,5.02,11718.99,5/28/2022,,Shipped
PO-2022-03511,2/16/2023,SUP078,P00830,1233,34.21,42186.72,4/3/2023,4/6/2023,Delivered
PO-2022-03512,7/23/2023,SUP047,P01523,2844,6.43,18280.9,8/16/2023,8/19/2023,Delivered
PO-2022-03513,1/27/2022,SUP126,P01078,4699,4.39,20626.52,3/2/2022,2/26/2022,Delivered
PO-2022-03514,10/24/2023,SUP070,P01444,1471,17.41,25617.35,11/27/2023,,Pending
PO-2022-03515,8/9/2023,SUP147,P01399,4080,8.62,35175.54,10/3/2023,10/2/2023,Delivered
PO-2022-03516,10/14/2022,SUP105,P01754,2602,5.27,13710.96,12/12/2022,,Shipped
PO-2022-03517,8/21/2023,SUP142,P01804,1632,10.88,17750.59,9/6/2023,,Pending
PO-2022-03518,12/26/2022,SUP146,P00765,2575,21.28,54805.64,1/25/2023,1/27/2023,Delivered
PO-2022-03519,2/3/2022,SUP067,P00104,487,8.07,3930.87,3/29/2022,4/2/2022,Delivered
PO-2022-03520,11/29/2022,SUP130,P00240,4377,8.64,37817.05,12/19/2022,12/28/2022,Delivered
PO-2022-03521,9/12/2022,SUP052,P01009,4793,41.28,197867.78,11/9/2022,11/7/2022,Delivered
PO-2022-03522,9/23/2023,SUP047,P01179,797,13.66,10889.31,10/17/2023,,Cancelled
PO-2022-03523,1/14/2023,SUP119,P01561,870,42.43,36915.41,2/14/2023,,Shipped
PO-2022-03524,12/15/2022,SUP126,P01404,1331,29.8,39665.63,1/18/2023,1/23/2023,Delivered
PO-2022-03525,3/10/2022,SUP077,P01721,982,37.28,36605.64,4/28/2022,4/28/2022,Delivered
PO-2022-03526,8/26/2023,SUP092,P00974,404,19,7676.66,9/15/2023,9/18/2023,Delivered
PO-2022-03527,12/31/2022,SUP144,P00266,2231,16.64,37117.59,2/5/2023,,Shipped
PO-2022-03528,11/17/2023,SUP062,P01165,4269,21.26,90774.14,12/20/2023,12/23/2023,Delivered
PO-2022-03529,10/4/2023,SUP029,P01512,161,40.69,6550.91,10/31/2023,11/1/2023,Delivered
PO-2022-03530,4/13/2023,SUP124,P01395,1355,32.45,43975.05,5/13/2023,5/13/2023,Delivered
PO-2022-03531,1/10/2022,SUP132,P00787,2151,1.34,2873.25,1/18/2022,1/22/2022,Delivered
PO-2022-03532,10/14/2022,SUP034,P01712,4716,27.4,129240.88,11/18/2022,11/26/2022,Delivered
PO-2022-03533,5/10/2022,SUP004,P01504,1952,40.32,78703.93,6/11/2022,6/15/2022,Delivered
PO-2022-03534,12/15/2023,SUP142,P00157,1223,12.28,15013.27,12/31/2023,1/8/2024,Delivered
PO-2022-03535,11/10/2023,SUP139,P01294,4333,22.39,97004.19,12/9/2023,12/14/2023,Delivered
PO-2022-03536,12/1/2023,SUP023,P00350,2294,40.71,93380.74,1/9/2024,1/17/2024,Delivered
PO-2022-03537,2/11/2023,SUP095,P00652,1644,5.41,8897.2,2/28/2023,2/23/2023,Delivered
PO-2022-03538,5/16/2022,SUP043,P01344,4482,3.02,13518.65,6/22/2022,6/22/2022,Delivered
PO-2022-03539,12/18/2022,SUP005,P00236,1068,28.32,30241.34,1/31/2023,2/9/2023,Delivered
PO-2022-03540,2/21/2022,SUP115,P01381,1156,23.2,26820.98,4/2/2022,4/6/2022,Delivered
PO-2022-03541,7/16/2023,SUP019,P01966,4746,9.31,44188.04,9/1/2023,9/4/2023,Delivered
PO-2022-03542,10/6/2022,SUP034,P00852,4906,14.24,69878.24,11/10/2022,11/8/2022,Delivered
PO-2022-03543,12/9/2023,SUP095,P01468,4337,10.35,44867.79,12/26/2023,1/3/2024,Delivered
PO-2022-03544,2/1/2023,SUP069,P01811,3055,22.24,67932.61,3/15/2023,3/24/2023,Delivered
PO-2022-03545,11/8/2023,SUP144,P00379,316,49.11,15520.07,12/14/2023,12/12/2023,Delivered
PO-2022-03546,3/10/2023,SUP080,P01308,1606,42.31,67953.63,5/7/2023,5/7/2023,Delivered
PO-2022-03547,6/7/2022,SUP108,P01572,335,20.88,6996.08,7/6/2022,7/7/2022,Delivered
PO-2022-03548,12/20/2022,SUP095,P00036,4509,34.65,156228.58,1/6/2023,,Shipped
PO-2022-03549,6/1/2023,SUP010,P01383,3649,51.11,186496.76,7/20/2023,7/24/2023,Delivered
PO-2022-03550,12/25/2022,SUP089,P00930,2212,47.49,105041.67,2/7/2023,,Pending
PO-2022-03551,5/16/2022,SUP101,P01072,949,45.42,43099.16,6/19/2022,6/28/2022,Delivered
PO-2022-03552,6/13/2022,SUP034,P00536,2243,8.24,18475.41,7/18/2022,7/20/2022,Delivered
PO-2022-03553,1/6/2023,SUP071,P00243,738,40.28,29730.31,1/29/2023,2/2/2023,Delivered
PO-2022-03554,3/18/2022,SUP005,P00140,351,18.78,6590.79,5/1/2022,4/29/2022,Delivered
PO-2022-03555,3/16/2022,SUP139,P01053,4736,38.52,182414.64,4/14/2022,4/11/2022,Delivered
PO-2022-03556,10/12/2023,SUP012,P01927,4016,31.91,128143.91,11/28/2023,12/6/2023,Delivered
PO-2022-03557,6/30/2022,SUP072,P00283,3492,37.09,129516.7,8/7/2022,8/15/2022,Delivered
PO-2022-03558,5/12/2023,SUP123,P00452,4895,27.79,136042.14,5/27/2023,6/3/2023,Delivered
PO-2022-03559,6/12/2023,SUP138,P00613,3136,43.18,135406.98,7/29/2023,8/6/2023,Delivered
PO-2022-03560,1/25/2023,SUP040,P00377,3018,4.7,14175.8,3/11/2023,3/13/2023,Delivered
PO-2022-03561,12/8/2023,SUP030,P00290,4223,7.31,30881.97,1/26/2024,2/1/2024,Delivered
PO-2022-03562,3/15/2023,SUP010,P00990,2033,35.18,71511.77,5/3/2023,5/12/2023,Delivered
PO-2022-03563,10/4/2023,SUP110,P01809,3975,38.44,152811.64,11/26/2023,11/21/2023,Delivered
PO-2022-03564,12/19/2023,SUP109,P01565,1822,33.21,60508.56,2/8/2024,2/13/2024,Delivered
PO-2022-03565,10/30/2023,SUP117,P00872,832,32.43,26985.17,11/28/2023,12/1/2023,Delivered
PO-2022-03566,8/10/2023,SUP074,P01202,2835,31.83,90234.96,9/25/2023,9/28/2023,Delivered
PO-2022-03567,2/13/2023,SUP073,P01936,3596,31.99,115038.58,3/6/2023,,Cancelled
PO-2022-03568,7/13/2023,SUP126,P01707,1719,37.04,63672.17,8/16/2023,8/24/2023,Delivered
PO-2022-03569,4/21/2023,SUP077,P00387,1289,35.25,45433.96,6/9/2023,6/16/2023,Delivered
PO-2022-03570,11/15/2023,SUP008,P01407,4010,26.69,107024.92,12/9/2023,12/7/2023,Delivered
PO-2022-03571,8/27/2022,SUP075,P00108,4917,21.93,107833.46,9/13/2022,9/19/2022,Delivered
PO-2022-03572,6/12/2023,SUP144,P01758,4451,42.82,190569.77,7/18/2023,7/16/2023,Delivered
PO-2022-03573,6/8/2023,SUP057,P01851,4555,28.04,127705.94,7/24/2023,7/31/2023,Delivered
PO-2022-03574,5/10/2022,SUP100,P00990,4679,33.14,155053.25,5/20/2022,5/24/2022,Delivered
PO-2022-03575,6/24/2022,SUP112,P00743,4293,45.87,196929.33,7/28/2022,8/3/2022,Delivered
PO-2022-03576,12/18/2022,SUP024,P01592,3187,22.96,73175.71,2/3/2023,2/3/2023,Delivered
PO-2022-03577,9/15/2022,SUP069,P00482,4830,35.77,172755.2,10/27/2022,10/25/2022,Delivered
PO-2022-03578,1/14/2023,SUP063,P00579,747,16.07,12005.12,2/9/2023,2/14/2023,Delivered
PO-2022-03579,8/9/2022,SUP052,P01621,2854,17.53,50017.37,10/6/2022,,Pending
PO-2022-03580,5/21/2023,SUP130,P01705,3684,45.67,168230.38,6/10/2023,6/11/2023,Delivered
PO-2022-03581,1/10/2022,SUP136,P00985,768,16.24,12468.8,1/22/2022,,Cancelled
PO-2022-03582,7/12/2023,SUP020,P00618,1126,10.28,11578.03,7/30/2023,7/30/2023,Delivered
PO-2022-03583,3/24/2023,SUP046,P01646,3906,8.85,34578.86,4/29/2023,4/26/2023,Delivered
PO-2022-03584,9/3/2022,SUP077,P00481,2677,2.01,5367.69,10/22/2022,10/21/2022,Delivered
PO-2022-03585,9/14/2022,SUP024,P00607,1003,35.01,35116.09,10/31/2022,11/8/2022,Delivered
PO-2022-03586,5/12/2023,SUP133,P00080,3830,7.2,27571.85,6/10/2023,6/9/2023,Delivered
PO-2022-03587,9/18/2022,SUP026,P00129,725,45.45,32953.09,11/12/2022,11/9/2022,Delivered
PO-2022-03588,8/22/2023,SUP077,P01906,2115,22.52,47625.51,10/10/2023,,Pending
PO-2022-03589,9/23/2022,SUP074,P00653,3978,9.81,39036.68,11/8/2022,11/8/2022,Delivered
PO-2022-03590,1/16/2022,SUP024,P01755,4472,29.61,132408.9,3/4/2022,3/11/2022,Delivered
PO-2022-03591,1/26/2022,SUP105,P00276,1366,8.13,11110.33,3/26/2022,3/25/2022,Delivered
PO-2022-03592,9/29/2022,SUP004,P00032,951,1.7,1618.51,10/31/2022,10/26/2022,Delivered
PO-2022-03593,7/7/2023,SUP052,P01808,3959,9.62,38071.87,9/3/2023,,Shipped
PO-2022-03594,9/1/2022,SUP036,P01515,3298,25.04,82594.35,10/21/2022,10/19/2022,Delivered
PO-2022-03595,12/10/2022,SUP086,P01719,3269,6.82,22294.91,1/14/2023,1/21/2023,Delivered
PO-2022-03596,9/26/2023,SUP112,P01504,171,45.99,7864,10/30/2023,11/1/2023,Delivered
PO-2022-03597,2/12/2022,SUP010,P01832,145,40.65,5894.37,4/2/2022,4/8/2022,Delivered
PO-2022-03598,4/11/2022,SUP027,P00238,1369,16.19,22159.92,5/29/2022,,Shipped
PO-2022-03599,4/9/2022,SUP133,P00024,2105,18.66,39270.71,5/8/2022,5/17/2022,Delivered
PO-2022-03600,2/27/2022,SUP076,P00659,1560,47.44,74005.3,3/25/2022,4/3/2022,Delivered
PO-2022-03601,7/19/2023,SUP027,P01059,1071,32.07,34347.76,9/5/2023,8/31/2023,Delivered
PO-2022-03602,4/2/2023,SUP140,P01814,1602,6.21,9947.67,5/20/2023,5/19/2023,Delivered
PO-2022-03603,11/22/2023,SUP026,P01376,2960,29.07,86038.11,1/16/2024,1/19/2024,Delivered
PO-2022-03604,6/11/2022,SUP140,P00295,2239,35.54,79571.04,7/29/2022,,Cancelled
PO-2022-03605,7/11/2023,SUP060,P01673,3786,12.67,47983,8/21/2023,8/16/2023,Delivered
PO-2022-03606,6/25/2022,SUP003,P01312,1072,28.21,30244.92,7/31/2022,,Shipped
PO-2022-03607,9/25/2022,SUP052,P00164,4019,46.22,185777.92,11/22/2022,11/18/2022,Delivered
PO-2022-03608,12/19/2023,SUP091,P00613,1790,48.41,86651.12,1/26/2024,1/31/2024,Delivered
PO-2022-03609,5/27/2022,SUP148,P01014,1145,31.5,36066.41,6/14/2022,6/20/2022,Delivered
PO-2022-03610,10/1/2022,SUP137,P00208,4470,14.95,66832.62,10/18/2022,10/18/2022,Delivered
PO-2022-03611,6/23/2023,SUP017,P00159,1849,43.17,79812.24,7/2/2023,,Shipped
PO-2022-03612,1/14/2023,SUP102,P00164,4834,40.32,194913.46,3/2/2023,3/10/2023,Delivered
PO-2022-03613,1/29/2023,SUP056,P01206,4638,13.42,62225.07,2/21/2023,,Shipped
PO-2022-03614,2/7/2023,SUP024,P01041,974,42.17,41070.46,3/26/2023,3/24/2023,Delivered
PO-2022-03615,1/8/2023,SUP052,P01009,2433,37.37,90927.71,3/7/2023,3/11/2023,Delivered
PO-2022-03616,4/29/2022,SUP008,P01763,3264,5.38,17565.55,5/23/2022,5/24/2022,Delivered
PO-2022-03617,11/14/2022,SUP130,P00317,2965,24.05,71297.08,12/4/2022,12/6/2022,Delivered
PO-2022-03618,5/20/2023,SUP145,P01029,2514,47.81,120182.05,7/8/2023,7/13/2023,Delivered
PO-2022-03619,12/28/2022,SUP011,P01266,1565,4.48,7010.36,1/5/2023,1/10/2023,Delivered
PO-2022-03620,2/17/2023,SUP002,P00154,316,10.72,3387.75,3/13/2023,,Cancelled
PO-2022-03621,5/18/2023,SUP034,P00806,3449,37,127629.56,6/22/2023,6/24/2023,Delivered
PO-2022-03622,3/29/2022,SUP010,P01996,2257,24.25,54737.33,5/17/2022,5/15/2022,Delivered
PO-2022-03623,5/13/2022,SUP148,P00620,3742,4.8,17978.77,5/31/2022,6/9/2022,Delivered
PO-2022-03624,6/23/2022,SUP056,P01414,4356,6.65,28985.93,7/16/2022,7/14/2022,Delivered
PO-2022-03625,8/31/2023,SUP089,P01162,2937,26.5,77825.4,10/14/2023,10/18/2023,Delivered
PO-2022-03626,9/6/2022,SUP141,P00249,3976,48.01,190879.47,11/2/2022,11/4/2022,Delivered
PO-2022-03627,9/14/2022,SUP008,P00467,460,22.5,10348.7,10/8/2022,10/5/2022,Delivered
PO-2022-03628,5/21/2023,SUP066,P01837,2646,15.14,40053.85,6/27/2023,6/25/2023,Delivered
PO-2022-03629,8/11/2023,SUP057,P00099,280,41.27,11554.95,9/26/2023,9/24/2023,Delivered
PO-2022-03630,9/16/2023,SUP136,P00863,541,39.96,21619.75,9/28/2023,9/29/2023,Delivered
PO-2022-03631,2/15/2022,SUP044,P01772,3312,17.52,58033.93,4/5/2022,4/2/2022,Delivered
PO-2022-03632,11/5/2022,SUP088,P01796,1118,16.39,18321.37,12/26/2022,12/28/2022,Delivered
PO-2022-03633,4/7/2022,SUP099,P00195,1457,18.3,26668.71,5/3/2022,5/1/2022,Delivered
PO-2022-03634,1/20/2023,SUP082,P00100,3828,35.88,137349.83,3/15/2023,3/22/2023,Delivered
PO-2022-03635,1/10/2022,SUP053,P01875,3800,42.35,160914.76,2/19/2022,2/25/2022,Delivered
PO-2022-03636,1/31/2022,SUP139,P01777,3556,1.21,4290.43,3/1/2022,3/9/2022,Delivered
PO-2022-03637,7/18/2023,SUP081,P00149,1883,16.33,30752.85,9/6/2023,9/1/2023,Delivered
PO-2022-03638,8/28/2022,SUP038,P01178,3853,21.91,84410.27,10/17/2022,10/15/2022,Delivered
PO-2022-03639,1/13/2022,SUP092,P01531,2365,35.39,83704,2/2/2022,2/9/2022,Delivered
PO-2022-03640,8/10/2022,SUP035,P01925,623,4.5,2802.27,10/4/2022,10/2/2022,Delivered
PO-2022-03641,9/10/2023,SUP100,P00041,4588,4.47,20511.82,9/20/2023,9/19/2023,Delivered
PO-2022-03642,5/24/2022,SUP016,P00035,2200,13.69,30110.25,6/15/2022,6/11/2022,Delivered
PO-2022-03643,6/9/2023,SUP012,P01932,408,18.37,7494,7/26/2023,8/2/2023,Delivered
PO-2022-03644,6/6/2023,SUP132,P01575,3025,46.05,139293.95,6/14/2023,6/19/2023,Delivered
PO-2022-03645,2/3/2022,SUP036,P00416,3677,3.48,12807.23,3/25/2022,3/29/2022,Delivered
PO-2022-03646,8/28/2023,SUP114,P01217,3639,49.75,181046.2,10/21/2023,,Shipped
PO-2022-03647,5/8/2022,SUP092,P00697,4046,39.24,158752.93,5/28/2022,5/28/2022,Delivered
PO-2022-03648,8/9/2023,SUP002,P00243,327,43.18,14121.04,9/2/2023,9/11/2023,Delivered
PO-2022-03649,12/1/2022,SUP130,P01768,4059,40.22,163259.85,12/21/2022,12/25/2022,Delivered
PO-2022-03650,3/26/2023,SUP077,P00265,4877,37.67,183732.68,5/14/2023,5/16/2023,Delivered
PO-2022-03651,2/28/2022,SUP051,P00833,1581,31.58,49925.76,3/29/2022,3/28/2022,Delivered
PO-2022-03652,12/18/2023,SUP122,P01482,2392,45.19,108087.36,1/8/2024,1/11/2024,Delivered
PO-2022-03653,8/30/2022,SUP018,P00519,1859,21.15,39322.93,9/25/2022,9/24/2022,Delivered
PO-2022-03654,8/27/2023,SUP013,P00858,2298,3.96,9095.03,9/30/2023,10/8/2023,Delivered
PO-2022-03655,5/30/2023,SUP109,P01884,1548,34.75,53797.87,7/20/2023,7/19/2023,Delivered
PO-2022-03656,11/23/2022,SUP089,P01648,3192,21.05,67185.07,1/6/2023,1/11/2023,Delivered
PO-2022-03657,6/4/2023,SUP020,P00947,1519,48.23,73255.62,6/22/2023,6/24/2023,Delivered
PO-2022-03658,5/30/2022,SUP146,P01514,2815,34.52,97170.3,6/29/2022,7/4/2022,Delivered
PO-2022-03659,2/9/2023,SUP086,P00014,2095,40.9,85691.2,3/16/2023,3/20/2023,Delivered
PO-2022-03660,6/3/2023,SUP043,P00185,842,8.45,7117.53,7/10/2023,7/6/2023,Delivered
PO-2022-03661,3/18/2022,SUP147,P01658,3122,38.15,119094.54,5/12/2022,5/9/2022,Delivered
PO-2022-03662,1/9/2022,SUP090,P00047,1635,21.09,34485.64,1/26/2022,1/22/2022,Delivered
PO-2022-03663,10/27/2023,SUP001,P01915,4853,17.46,84714.63,12/6/2023,,Pending
PO-2022-03664,3/22/2022,SUP014,P01805,2783,42.43,118089.55,5/20/2022,5/29/2022,Delivered
PO-2022-03665,4/17/2022,SUP040,P01827,4881,37.98,185388.41,6/1/2022,6/7/2022,Delivered
PO-2022-03666,9/25/2023,SUP094,P01450,3781,28.83,108999.25,10/17/2023,10/23/2023,Delivered
PO-2022-03667,1/19/2023,SUP035,P00540,586,28.29,16576.99,3/15/2023,3/23/2023,Delivered
PO-2022-03668,5/10/2022,SUP011,P01094,4314,13.24,57112.71,5/18/2022,,Shipped
PO-2022-03669,4/30/2022,SUP039,P00124,211,21.27,4488.07,6/26/2022,,Pending
PO-2022-03670,1/21/2023,SUP141,P00732,4299,30.11,129456.59,3/19/2023,3/15/2023,Delivered
PO-2022-03671,10/1/2023,SUP082,P00944,947,22.28,21097.15,11/24/2023,12/1/2023,Delivered
PO-2022-03672,3/25/2022,SUP008,P00107,2805,13.53,37940.3,4/18/2022,4/26/2022,Delivered
PO-2022-03673,6/14/2023,SUP026,P00498,4499,33.28,149723.9,8/8/2023,8/8/2023,Delivered
PO-2022-03674,6/26/2023,SUP023,P01434,455,30.06,13676.52,8/4/2023,8/5/2023,Delivered
PO-2022-03675,4/13/2023,SUP039,P01348,4069,7.61,30968.17,6/9/2023,6/8/2023,Delivered
PO-2022-03676,1/18/2022,SUP111,P00152,4011,26.79,107471.74,3/11/2022,3/9/2022,Delivered
PO-2022-03677,11/4/2022,SUP041,P00379,1787,46.18,82516.94,12/4/2022,,Shipped
PO-2022-03678,6/14/2023,SUP131,P00794,2129,8.66,18444.4,7/28/2023,8/6/2023,Delivered
PO-2022-03679,8/20/2023,SUP048,P00896,3843,27.63,106164.14,10/1/2023,,Cancelled
PO-2022-03680,12/10/2022,SUP072,P01338,1816,6.46,11739.08,1/17/2023,1/15/2023,Delivered
PO-2022-03681,7/16/2022,SUP073,P01440,709,35,24815.67,8/6/2022,,Cancelled
PO-2022-03682,9/18/2023,SUP011,P01926,453,3.17,1434.37,9/26/2023,10/4/2023,Delivered
PO-2022-03683,11/10/2022,SUP014,P01661,2314,13.45,31120.23,1/8/2023,1/12/2023,Delivered
PO-2022-03684,2/14/2023,SUP068,P01869,4825,47.98,231519.07,3/20/2023,3/16/2023,Delivered
PO-2022-03685,1/12/2023,SUP120,P00584,4811,46.69,224604.24,2/6/2023,2/13/2023,Delivered
PO-2022-03686,1/26/2022,SUP110,P01229,3302,25.64,84669.1,3/20/2022,3/26/2022,Delivered
PO-2022-03687,10/27/2022,SUP002,P00462,1015,27.96,28384.14,11/20/2022,11/21/2022,Delivered
PO-2022-03688,9/22/2023,SUP067,P00199,4017,24.46,98270.23,11/15/2023,,Shipped
PO-2022-03689,4/15/2022,SUP011,P01649,3198,21.45,68610.66,4/23/2022,5/2/2022,Delivered
PO-2022-03690,10/10/2023,SUP149,P00738,2274,11.09,25229.08,10/31/2023,10/29/2023,Delivered
PO-2022-03691,7/8/2022,SUP140,P00777,1253,10.21,12789.1,8/25/2022,,Pending
PO-2022-03692,2/15/2023,SUP022,P00329,1543,40.62,62677.43,3/22/2023,3/21/2023,Delivered
PO-2022-03693,9/24/2023,SUP065,P01910,3841,50.76,194981.27,10/25/2023,10/30/2023,Delivered
PO-2022-03694,1/3/2023,SUP119,P00486,1459,44.23,64531.54,2/3/2023,2/6/2023,Delivered
PO-2022-03695,4/23/2022,SUP030,P01140,1897,5.35,10151.65,6/11/2022,6/18/2022,Delivered
PO-2022-03696,12/27/2023,SUP064,P01931,2618,15.01,39304.26,2/23/2024,2/29/2024,Delivered
PO-2022-03697,11/13/2022,SUP093,P01072,4194,43.58,182758.81,12/30/2022,12/27/2022,Delivered
PO-2022-03698,8/28/2022,SUP002,P00044,1910,21.41,40888.95,9/21/2022,9/24/2022,Delivered
PO-2022-03699,1/4/2023,SUP057,P01631,4949,25.42,125806.81,2/19/2023,2/24/2023,Delivered
PO-2022-03700,12/15/2022,SUP004,P00954,1773,2.69,4768.23,1/16/2023,1/19/2023,Delivered
PO-2022-03701,8/28/2022,SUP112,P00577,3149,19.31,60792.55,10/1/2022,,Shipped
PO-2022-03702,9/30/2023,SUP032,P00182,1174,8.35,9805.69,11/19/2023,,Shipped
PO-2022-03703,5/17/2022,SUP137,P00037,4689,5.09,23866.08,6/3/2022,6/8/2022,Delivered
PO-2022-03704,6/23/2023,SUP095,P00745,2318,10.57,24499.83,7/10/2023,7/19/2023,Delivered
PO-2022-03705,7/16/2022,SUP078,P00576,3727,3.1,11560.02,8/31/2022,,Shipped
PO-2022-03706,3/14/2023,SUP001,P01399,2965,8.97,26581.32,4/23/2023,4/26/2023,Delivered
PO-2022-03707,2/13/2022,SUP117,P01122,1341,9.42,12633.16,3/14/2022,3/12/2022,Delivered
PO-2022-03708,3/4/2022,SUP091,P01974,493,30.98,15273.57,4/11/2022,4/20/2022,Delivered
PO-2022-03709,2/28/2022,SUP008,P00819,488,37.13,18120.64,3/24/2022,3/30/2022,Delivered
PO-2022-03710,5/17/2023,SUP013,P00280,3216,40.2,129275.96,6/20/2023,6/20/2023,Delivered
PO-2022-03711,8/22/2022,SUP041,P00075,3085,27.11,83640.21,9/21/2022,9/22/2022,Delivered
PO-2022-03712,2/11/2023,SUP056,P00896,746,28.66,21380.03,3/6/2023,3/8/2023,Delivered
PO-2022-03713,6/17/2022,SUP032,P00103,244,23.94,5841.8,8/6/2022,8/9/2022,Delivered
PO-2022-03714,2/26/2023,SUP070,P01831,3809,16.65,63435.77,4/1/2023,4/7/2023,Delivered
PO-2022-03715,5/4/2023,SUP013,P01657,3794,30.35,115147.3,6/7/2023,6/8/2023,Delivered
PO-2022-03716,12/31/2023,SUP017,P00101,879,48.31,42468.36,1/9/2024,1/14/2024,Delivered
PO-2022-03717,9/29/2023,SUP014,P00165,527,42.66,22479.58,11/27/2023,11/23/2023,Delivered
PO-2022-03718,4/30/2022,SUP076,P00274,659,25.44,16762.05,5/26/2022,5/30/2022,Delivered
PO-2022-03719,8/13/2023,SUP007,P01530,1738,31.19,54203.83,9/24/2023,9/23/2023,Delivered
PO-2022-03720,7/22/2023,SUP063,P00252,3983,1.89,7508.87,8/17/2023,8/22/2023,Delivered
PO-2022-03721,4/20/2022,SUP089,P01620,868,9.5,8244.85,6/3/2022,6/10/2022,Delivered
PO-2022-03722,12/6/2022,SUP052,P01610,298,4.01,1194.65,2/2/2023,1/30/2023,Delivered
PO-2022-03723,5/15/2023,SUP067,P00820,2527,31.77,80278.71,7/8/2023,7/7/2023,Delivered
PO-2022-03724,1/27/2022,SUP001,P01587,755,18.46,13939.49,3/8/2022,3/15/2022,Delivered
PO-2022-03725,12/25/2022,SUP054,P00919,1789,17.4,31127.16,2/11/2023,2/7/2023,Delivered
PO-2022-03726,8/11/2023,SUP035,P01495,4188,51.22,214529.48,10/5/2023,10/12/2023,Delivered
PO-2022-03727,12/6/2022,SUP124,P00071,1849,30.77,56899.74,1/5/2023,1/6/2023,Delivered
PO-2022-03728,8/11/2023,SUP012,P01784,2479,29.52,73183.43,9/27/2023,10/2/2023,Delivered
PO-2022-03729,3/23/2022,SUP146,P00230,2167,27.15,58839.2,4/22/2022,4/18/2022,Delivered
PO-2022-03730,10/14/2023,SUP061,P00472,3865,39.86,154064.3,12/5/2023,12/3/2023,Delivered
PO-2022-03731,4/7/2023,SUP141,P01775,3845,1.11,4276.68,6/3/2023,5/30/2023,Delivered
PO-2022-03732,3/23/2022,SUP034,P00746,1207,39.73,47953.52,4/27/2022,5/5/2022,Delivered
PO-2022-03733,1/22/2023,SUP092,P00996,1818,8.23,14969.26,2/11/2023,,Shipped
PO-2022-03734,11/11/2023,SUP132,P01933,3522,10.93,38492.04,11/19/2023,,Shipped
PO-2022-03735,8/25/2023,SUP135,P00525,256,24.76,6338.72,10/4/2023,10/4/2023,Delivered
PO-2022-03736,4/28/2022,SUP082,P00952,3958,24.42,96644.45,6/21/2022,6/17/2022,Delivered
PO-2022-03737,4/18/2022,SUP039,P00689,3857,7.91,30492.64,6/14/2022,6/23/2022,Delivered
PO-2022-03738,4/6/2022,SUP091,P01942,1702,48.57,82666.2,5/14/2022,,Shipped
PO-2022-03739,11/7/2022,SUP110,P00159,3878,48.94,189808.22,12/30/2022,1/5/2023,Delivered
PO-2022-03740,10/29/2023,SUP118,P01835,2882,23.31,67190.37,12/19/2023,12/20/2023,Delivered
PO-2022-03741,12/22/2023,SUP110,P00041,3713,4.5,16706.41,2/13/2024,2/16/2024,Delivered
PO-2022-03742,12/3/2023,SUP086,P01909,2584,46.94,121294.42,1/7/2024,1/13/2024,Delivered
PO-2022-03743,1/30/2022,SUP121,P01674,3905,11.37,44384.31,2/16/2022,2/14/2022,Delivered
PO-2022-03744,8/8/2022,SUP022,P00012,1616,4.51,7282.84,9/12/2022,9/16/2022,Delivered
PO-2022-03745,9/18/2022,SUP071,P00186,2376,24.99,59387.15,10/11/2022,10/10/2022,Delivered
PO-2022-03746,1/16/2022,SUP030,P01651,4201,43.3,181893.68,3/6/2022,3/6/2022,Delivered
PO-2022-03747,2/9/2022,SUP022,P00744,2666,18.32,48833.69,3/16/2022,3/14/2022,Delivered
PO-2022-03748,6/17/2023,SUP012,P01489,2924,37.02,108243.69,8/3/2023,7/31/2023,Delivered
PO-2022-03749,2/27/2023,SUP039,P01528,2800,38.77,108547,4/25/2023,4/26/2023,Delivered
PO-2022-03750,7/12/2022,SUP039,P00784,4373,30.84,134854.94,9/7/2022,9/4/2022,Delivered
PO-2022-03751,3/23/2023,SUP032,P00150,2409,42.87,103267.88,5/12/2023,5/14/2023,Delivered
PO-2022-03752,9/15/2022,SUP103,P01572,1527,19.4,29624.36,11/11/2022,,Pending
PO-2022-03753,6/29/2022,SUP076,P00582,1742,8.99,15669.28,7/25/2022,7/20/2022,Delivered
PO-2022-03754,9/12/2023,SUP115,P00069,2455,25.99,63816.24,10/22/2023,,Pending
PO-2022-03755,12/2/2023,SUP119,P01884,2642,30.92,81680.08,1/2/2024,1/5/2024,Delivered
PO-2022-03756,4/21/2023,SUP074,P00350,4068,39.18,159402.73,6/6/2023,6/15/2023,Delivered
PO-2022-03757,9/13/2023,SUP020,P00113,891,5.99,5333.9,10/1/2023,9/28/2023,Delivered
PO-2022-03758,2/28/2023,SUP111,P01706,2675,36.81,98479.77,4/21/2023,,Cancelled
PO-2022-03759,6/9/2022,SUP058,P00749,974,9.85,9598.71,6/19/2022,6/19/2022,Delivered
PO-2022-03760,8/2/2022,SUP101,P00570,4208,22,92580.59,9/5/2022,9/8/2022,Delivered
PO-2022-03761,10/14/2023,SUP020,P00119,4127,52.88,218230.97,11/1/2023,11/3/2023,Delivered
PO-2022-03762,6/22/2022,SUP021,P00347,336,35.06,11779.33,7/4/2022,,Shipped
PO-2022-03763,3/19/2022,SUP025,P01577,3317,50.31,166884.61,4/15/2022,4/20/2022,Delivered
PO-2022-03764,11/22/2023,SUP092,P00672,2986,35.09,104774.86,12/12/2023,12/12/2023,Delivered
PO-2022-03765,2/26/2023,SUP004,P00942,1186,9.99,11849.17,3/30/2023,3/26/2023,Delivered
PO-2022-03766,8/22/2022,SUP018,P01972,3687,24.84,91579.6,9/17/2022,9/23/2022,Delivered
PO-2022-03767,12/30/2022,SUP058,P00042,1382,3.01,4159.84,1/9/2023,1/7/2023,Delivered
PO-2022-03768,3/14/2022,SUP081,P00635,4596,16.65,76510.75,5/3/2022,5/3/2022,Delivered
PO-2022-03769,10/15/2023,SUP047,P01580,2617,12.4,32438.28,11/8/2023,11/6/2023,Delivered
PO-2022-03770,6/28/2022,SUP025,P00129,4574,40.71,186192.11,7/25/2022,7/29/2022,Delivered
PO-2022-03771,9/21/2023,SUP039,P00409,4813,21.65,104192.49,11/17/2023,11/21/2023,Delivered
PO-2022-03772,5/6/2023,SUP043,P01186,1535,22.63,34729.65,6/12/2023,6/17/2023,Delivered
PO-2022-03773,11/20/2023,SUP039,P01364,175,25.97,4545.02,1/16/2024,1/11/2024,Delivered
PO-2022-03774,10/24/2023,SUP058,P00347,1516,34.93,52949,11/3/2023,11/3/2023,Delivered
PO-2022-03775,3/7/2022,SUP142,P01617,4360,3.92,17086.14,3/23/2022,3/25/2022,Delivered
PO-2022-03776,2/12/2022,SUP074,P00963,3489,29.77,103882.58,3/30/2022,4/3/2022,Delivered
PO-2022-03777,3/31/2022,SUP111,P00563,1230,4.82,5923.78,5/22/2022,5/19/2022,Delivered
PO-2022-03778,12/22/2022,SUP112,P00767,403,4.52,1821.96,1/25/2023,1/27/2023,Delivered
PO-2022-03779,4/27/2022,SUP119,P01666,2146,17.58,37731.68,5/28/2022,5/29/2022,Delivered
PO-2022-03780,10/8/2023,SUP090,P01502,3665,47.25,173166.32,10/25/2023,10/20/2023,Delivered
PO-2022-03781,4/29/2023,SUP091,P00950,2029,38.2,77502.96,6/6/2023,6/7/2023,Delivered
PO-2022-03782,8/29/2023,SUP117,P00902,1618,7.45,12054.91,9/27/2023,9/24/2023,Delivered
PO-2022-03783,4/27/2023,SUP010,P01694,2229,30.43,67823.41,6/15/2023,,Shipped
PO-2022-03784,3/2/2022,SUP145,P00428,430,10.34,4447.63,4/20/2022,4/24/2022,Delivered
PO-2022-03785,8/21/2022,SUP105,P00901,3341,32.98,110200.99,10/19/2022,10/24/2022,Delivered
PO-2022-03786,6/12/2023,SUP139,P00915,4090,1.03,4194.08,7/11/2023,7/20/2023,Delivered
PO-2022-03787,1/8/2022,SUP030,P00623,1675,22.08,36984.85,2/26/2022,,Cancelled
PO-2022-03788,7/22/2022,SUP137,P00364,2047,17.19,35198.11,8/8/2022,8/12/2022,Delivered
PO-2022-03789,5/30/2023,SUP084,P01446,4927,40.2,198073.87,6/21/2023,6/26/2023,Delivered
PO-2022-03790,8/16/2022,SUP126,P01010,2919,19.2,56049.17,9/19/2022,9/14/2022,Delivered
PO-2022-03791,11/23/2022,SUP110,P00448,3705,10.2,37801.05,1/15/2023,1/10/2023,Delivered
PO-2022-03792,10/15/2023,SUP001,P01574,858,28.33,24310.75,11/24/2023,11/23/2023,Delivered
PO-2022-03793,2/21/2023,SUP041,P01526,4892,33.74,165070.13,3/23/2023,3/24/2023,Delivered
PO-2022-03794,3/27/2023,SUP089,P01815,3115,34.32,106906.21,5/10/2023,5/15/2023,Delivered
PO-2022-03795,5/2/2023,SUP070,P00228,3682,20.41,75134.23,6/5/2023,6/10/2023,Delivered
PO-2022-03796,4/8/2023,SUP025,P01742,3260,41.97,136829.07,5/5/2023,5/6/2023,Delivered
PO-2022-03797,4/19/2023,SUP026,P00461,2217,43,95335.14,6/13/2023,6/15/2023,Delivered
PO-2022-03798,6/29/2022,SUP052,P01929,2898,26.15,75794.99,8/26/2022,8/23/2022,Delivered
PO-2022-03799,10/6/2023,SUP090,P00098,336,9.14,3070.71,10/23/2023,10/21/2023,Delivered
PO-2022-03800,2/15/2022,SUP111,P00390,4555,16.99,77370.73,4/8/2022,4/5/2022,Delivered
PO-2022-03801,5/30/2023,SUP047,P01390,2585,13.58,35110.18,6/23/2023,6/24/2023,Delivered
PO-2022-03802,1/30/2023,SUP122,P01226,4442,9.26,41120.82,2/20/2023,,Pending
PO-2022-03803,6/29/2023,SUP109,P01301,2770,20.74,57459.48,8/19/2023,8/23/2023,Delivered
PO-2022-03804,8/3/2022,SUP110,P01831,2737,17.05,46679,9/25/2022,10/1/2022,Delivered
PO-2022-03805,6/24/2022,SUP094,P01735,4795,10.9,52249.91,7/16/2022,,Cancelled
PO-2022-03806,3/31/2023,SUP128,P01006,2902,20.69,60043.66,4/20/2023,4/21/2023,Delivered
PO-2022-03807,12/11/2023,SUP040,P01838,2182,10.69,23335.49,1/25/2024,1/30/2024,Delivered
PO-2022-03808,2/1/2023,SUP063,P00323,1883,41.69,78511.5,2/27/2023,3/1/2023,Delivered
PO-2022-03809,4/6/2022,SUP094,P00856,2340,8.73,20439.1,4/28/2022,4/23/2022,Delivered
PO-2022-03810,1/7/2022,SUP081,P00083,2773,46.36,128557.62,2/26/2022,2/26/2022,Delivered
PO-2022-03811,10/19/2023,SUP021,P00009,3356,3.05,10223.59,10/31/2023,10/26/2023,Delivered
PO-2022-03812,4/12/2022,SUP100,P00802,3311,15.4,50977.47,4/22/2022,4/28/2022,Delivered
PO-2022-03813,5/16/2022,SUP010,P01460,1279,26.12,33405.38,7/4/2022,7/5/2022,Delivered
PO-2022-03814,5/3/2023,SUP021,P01825,893,11.39,10173.67,5/15/2023,5/14/2023,Delivered
PO-2022-03815,3/18/2022,SUP110,P00226,838,7.14,5982.72,5/10/2022,5/6/2022,Delivered
PO-2022-03816,3/10/2022,SUP090,P00415,969,38.77,37572.89,3/27/2022,3/25/2022,Delivered
PO-2022-03817,12/5/2022,SUP092,P01918,476,44.23,21055.62,12/25/2022,12/25/2022,Delivered
PO-2022-03818,7/24/2022,SUP072,P00911,1649,31.09,51264.55,8/31/2022,9/3/2022,Delivered
PO-2022-03819,11/2/2023,SUP124,P01370,3165,34.5,109184.32,12/2/2023,12/3/2023,Delivered
PO-2022-03820,1/13/2023,SUP017,P01478,3364,41.44,139411.25,1/22/2023,1/20/2023,Delivered
PO-2022-03821,1/4/2022,SUP001,P01385,933,26.71,24922.92,2/13/2022,2/20/2022,Delivered
PO-2022-03822,5/18/2022,SUP075,P00473,2126,20.58,43742.85,6/4/2022,6/12/2022,Delivered
PO-2022-03823,8/9/2022,SUP070,P01597,1188,17.09,20303.18,9/12/2022,9/18/2022,Delivered
PO-2022-03824,3/14/2022,SUP083,P01212,1148,11.8,13551.16,4/18/2022,4/24/2022,Delivered
PO-2022-03825,8/30/2022,SUP106,P01558,602,35.49,21363.39,9/9/2022,9/11/2022,Delivered
PO-2022-03826,10/24/2023,SUP130,P01796,2173,17.05,37053.49,11/13/2023,11/19/2023,Delivered
PO-2022-03827,1/23/2022,SUP065,P01288,2263,35.93,81312.34,2/23/2022,3/1/2022,Delivered
PO-2022-03828,4/30/2022,SUP033,P00988,2745,30.63,84077.52,5/16/2022,5/16/2022,Delivered
PO-2022-03829,11/11/2022,SUP041,P00162,1492,25.02,37327.51,12/11/2022,12/10/2022,Delivered
PO-2022-03830,6/13/2023,SUP004,P00959,1941,23.73,46058.61,7/15/2023,7/20/2023,Delivered
PO-2022-03831,8/7/2023,SUP068,P01580,3477,11.25,39113.34,9/10/2023,9/5/2023,Delivered
PO-2022-03832,4/8/2022,SUP027,P01750,4450,23.16,103053.26,5/26/2022,5/22/2022,Delivered
PO-2022-03833,5/31/2023,SUP013,P01937,4231,49.6,209855.05,7/4/2023,7/7/2023,Delivered
PO-2022-03834,10/11/2023,SUP085,P00823,2220,2.78,6170.93,12/3/2023,12/1/2023,Delivered
PO-2022-03835,7/14/2022,SUP148,P01019,3943,26.52,104574.86,8/1/2022,7/29/2022,Delivered
PO-2022-03836,2/1/2023,SUP140,P01392,4017,20.98,84275.82,3/21/2023,3/23/2023,Delivered
PO-2022-03837,12/21/2023,SUP148,P01398,254,12.12,3078.2,1/8/2024,1/4/2024,Delivered
PO-2022-03838,6/9/2023,SUP079,P01115,799,27.66,22096.82,7/25/2023,7/23/2023,Delivered
PO-2022-03839,6/24/2023,SUP025,P00012,2043,4.63,9451.23,7/21/2023,7/25/2023,Delivered
PO-2022-03840,8/2/2022,SUP065,P01479,1522,5.12,7793.34,9/2/2022,9/11/2022,Delivered
PO-2022-03841,5/10/2022,SUP026,P01315,2236,39.63,88609.75,7/4/2022,6/30/2022,Delivered
PO-2022-03842,7/26/2022,SUP111,P01083,1954,22.2,43375.29,9/16/2022,,Pending
PO-2022-03843,6/18/2023,SUP134,P01377,384,24.78,9515.6,8/8/2023,8/10/2023,Delivered
PO-2022-03844,2/21/2022,SUP042,P01923,1339,50.2,67219.91,3/27/2022,3/30/2022,Delivered
PO-2022-03845,6/6/2023,SUP129,P01407,844,25.86,21822.61,6/16/2023,6/13/2023,Delivered
PO-2022-03846,10/3/2022,SUP114,P01957,2626,34.89,91623.69,11/26/2022,12/3/2022,Delivered
PO-2022-03847,3/30/2023,SUP008,P00512,1166,46.01,53642.16,4/23/2023,4/21/2023,Delivered
PO-2022-03848,1/29/2023,SUP053,P00198,3471,39.06,135574.9,3/10/2023,3/8/2023,Delivered
PO-2022-03849,6/2/2022,SUP014,P01959,4962,13,64523.01,7/31/2022,7/29/2022,Delivered
PO-2022-03850,9/14/2022,SUP003,P01261,1767,17.16,30324.54,10/20/2022,10/27/2022,Delivered
PO-2022-03851,3/8/2022,SUP007,P00008,1679,42.09,70666.03,4/19/2022,4/27/2022,Delivered
PO-2022-03852,1/25/2022,SUP126,P00196,2269,39.5,89623.92,2/28/2022,2/23/2022,Delivered
PO-2022-03853,10/28/2022,SUP096,P00954,1638,2.75,4503.65,11/11/2022,11/11/2022,Delivered
PO-2022-03854,2/8/2022,SUP043,P00619,2888,10,28881.12,3/17/2022,3/26/2022,Delivered
PO-2022-03855,8/6/2023,SUP084,P00208,504,14.57,7343.83,8/28/2023,8/26/2023,Delivered
PO-2022-03856,9/28/2022,SUP097,P01454,3829,20.65,79072.76,10/31/2022,11/2/2022,Delivered
PO-2022-03857,7/6/2022,SUP022,P01362,2520,39.58,99745.52,8/10/2022,8/18/2022,Delivered
PO-2022-03858,5/1/2023,SUP020,P01883,2232,42.36,94545.18,5/19/2023,5/25/2023,Delivered
PO-2022-03859,6/25/2022,SUP110,P00831,1662,4.12,6839.9,8/17/2022,8/19/2022,Delivered
PO-2022-03860,6/16/2023,SUP008,P00959,3842,25.6,98364.51,7/10/2023,7/14/2023,Delivered
PO-2022-03861,3/22/2022,SUP129,P00018,3240,44.38,143779.57,4/1/2022,4/10/2022,Delivered
PO-2022-03862,12/31/2023,SUP061,P01511,114,9.16,1044.25,2/21/2024,3/1/2024,Delivered
PO-2022-03863,12/8/2023,SUP073,P01105,4231,2.74,11611.45,12/29/2023,,Pending
PO-2022-03864,1/15/2023,SUP144,P00939,4039,28.03,113204.71,2/20/2023,2/24/2023,Delivered
PO-2022-03865,4/30/2023,SUP098,P01627,2811,14.4,40489.55,5/25/2023,5/22/2023,Delivered
PO-2022-03866,7/27/2023,SUP109,P00538,4816,39.21,188851.02,9/16/2023,9/16/2023,Delivered
PO-2022-03867,2/11/2022,SUP055,P00013,3771,17.18,64801.09,3/28/2022,4/2/2022,Delivered
PO-2022-03868,3/16/2022,SUP064,P01173,4162,41.01,170694.4,5/13/2022,5/8/2022,Delivered
PO-2022-03869,11/7/2023,SUP070,P00894,2272,18.67,42407.41,12/11/2023,12/12/2023,Delivered
PO-2022-03870,7/26/2022,SUP035,P01239,1917,52.9,101404.34,9/19/2022,9/14/2022,Delivered
PO-2022-03871,7/20/2022,SUP076,P00285,2210,34.09,75335.33,8/15/2022,8/20/2022,Delivered
PO-2022-03872,4/28/2023,SUP123,P01045,3088,10.89,33626.71,5/13/2023,5/9/2023,Delivered
PO-2022-03873,2/26/2022,SUP047,P01481,4528,36.91,167145.32,3/22/2022,3/17/2022,Delivered
PO-2022-03874,5/30/2022,SUP055,P01006,3965,18.89,74886.43,7/14/2022,7/15/2022,Delivered
PO-2022-03875,10/8/2022,SUP030,P00342,773,33.65,26011.73,11/26/2022,12/3/2022,Delivered
PO-2022-03876,6/30/2023,SUP123,P01445,4125,4.72,19460.2,7/15/2023,,Pending
PO-2022-03877,9/30/2023,SUP052,P01824,4919,9.27,45622.43,11/27/2023,11/22/2023,Delivered
PO-2022-03878,11/10/2023,SUP070,P00582,4786,8.41,40241.23,12/14/2023,,Pending
PO-2022-03879,10/23/2023,SUP019,P01225,4729,30.04,142067.28,12/9/2023,12/14/2023,Delivered
PO-2022-03880,9/26/2023,SUP011,P00855,1384,11.74,16247.93,10/4/2023,10/9/2023,Delivered
PO-2022-03881,9/30/2023,SUP003,P01586,3907,33.39,130458.33,11/5/2023,,Pending
PO-2022-03882,2/14/2022,SUP006,P00931,1602,42.91,68737.55,3/28/2022,3/26/2022,Delivered
PO-2022-03883,5/31/2023,SUP067,P00685,2633,38.13,100388.27,7/24/2023,7/24/2023,Delivered
PO-2022-03884,1/31/2023,SUP058,P00145,2452,46.72,114567.43,2/10/2023,2/15/2023,Delivered
PO-2022-03885,5/30/2022,SUP101,P01288,209,35.81,7485.32,7/3/2022,7/3/2022,Delivered
PO-2022-03886,12/25/2023,SUP079,P00862,560,23.36,13080.77,2/9/2024,2/4/2024,Delivered
PO-2022-03887,4/2/2023,SUP139,P00443,1933,10.33,19974.68,5/1/2023,4/27/2023,Delivered
PO-2022-03888,9/18/2022,SUP019,P00280,3321,34.37,114133.14,11/4/2022,11/6/2022,Delivered
PO-2022-03889,1/12/2022,SUP016,P01535,1665,18.81,31320.84,2/3/2022,2/12/2022,Delivered
PO-2022-03890,8/26/2022,SUP030,P00769,2956,9.62,28431.55,10/14/2022,10/18/2022,Delivered
PO-2022-03891,12/12/2023,SUP044,P00014,4807,41.59,199926.17,1/30/2024,1/25/2024,Delivered
PO-2022-03892,2/25/2023,SUP113,P01418,4202,3.31,13919.02,3/31/2023,3/30/2023,Delivered
PO-2022-03893,12/23/2022,SUP062,P00932,901,20.58,18546.82,1/25/2023,1/29/2023,Delivered
PO-2022-03894,2/14/2022,SUP019,P00745,2823,10.7,30218.22,4/2/2022,4/9/2022,Delivered
PO-2022-03895,11/18/2022,SUP099,P00885,426,50.06,21323.54,12/14/2022,12/16/2022,Delivered
PO-2022-03896,7/22/2023,SUP086,P01439,3670,12.92,47426.79,8/26/2023,8/24/2023,Delivered
PO-2022-03897,11/24/2022,SUP001,P01666,3008,19.09,57437.73,1/3/2023,12/30/2022,Delivered
PO-2022-03898,6/27/2023,SUP103,P01282,1915,22.54,43156.28,8/23/2023,8/25/2023,Delivered
PO-2022-03899,4/18/2023,SUP048,P01587,273,18.01,4918.07,5/30/2023,6/4/2023,Delivered
PO-2022-03900,4/27/2022,SUP094,P01731,2276,48.74,110937.99,5/19/2022,5/19/2022,Delivered
PO-2022-03901,7/9/2022,SUP102,P01693,390,17.78,6933.27,8/25/2022,8/30/2022,Delivered
PO-2022-03902,7/10/2022,SUP063,P01543,3138,19.9,62437.73,8/5/2022,8/4/2022,Delivered
PO-2022-03903,4/1/2022,SUP033,P00462,4830,24.7,119316.4,4/17/2022,4/17/2022,Delivered
PO-2022-03904,6/2/2023,SUP136,P01397,3368,14.49,48786.61,6/14/2023,6/23/2023,Delivered
PO-2022-03905,7/1/2023,SUP055,P01906,4267,20.25,86397.54,8/15/2023,8/19/2023,Delivered
PO-2022-03906,11/2/2023,SUP108,P00008,1897,41.53,78775.54,12/1/2023,11/26/2023,Delivered
PO-2022-03907,1/27/2023,SUP071,P00900,3110,45.88,142685.05,2/19/2023,2/15/2023,Delivered
PO-2022-03908,11/29/2022,SUP024,P00895,3970,30.09,119473.17,1/15/2023,1/19/2023,Delivered
PO-2022-03909,11/3/2022,SUP033,P00419,3708,46.06,170787.06,11/19/2022,11/21/2022,Delivered
PO-2022-03910,12/14/2023,SUP146,P01381,1377,20.63,28402.35,1/13/2024,1/17/2024,Delivered
PO-2022-03911,1/22/2023,SUP147,P01524,113,28.51,3221.85,3/18/2023,3/16/2023,Delivered
PO-2022-03912,10/26/2023,SUP083,P00796,4038,13.44,54274.76,11/30/2023,12/8/2023,Delivered
PO-2022-03913,12/5/2023,SUP125,P00017,4073,30.75,125231.02,1/9/2024,1/6/2024,Delivered
PO-2022-03914,3/22/2022,SUP012,P00166,3333,32.16,107194.5,5/8/2022,,Pending
PO-2022-03915,6/23/2022,SUP113,P00630,1355,17.68,23961.35,7/27/2022,,Pending
PO-2022-03916,8/24/2022,SUP074,P01568,2120,12.02,25487.36,10/9/2022,,Cancelled
PO-2022-03917,3/20/2022,SUP073,P00139,3573,32.09,114645.21,4/10/2022,4/16/2022,Delivered
PO-2022-03918,7/14/2023,SUP088,P00809,1086,42.02,45633.07,9/3/2023,9/6/2023,Delivered
PO-2022-03919,11/8/2023,SUP098,P01445,2334,5.24,12239.7,12/3/2023,12/7/2023,Delivered
PO-2022-03920,9/3/2022,SUP017,P01792,925,10.54,9749.68,9/12/2022,9/18/2022,Delivered
PO-2022-03921,10/19/2022,SUP125,P00592,2834,7.67,21732.22,11/23/2022,11/25/2022,Delivered
PO-2022-03922,11/14/2023,SUP125,P01720,4788,44.77,214359.64,12/19/2023,12/24/2023,Delivered
PO-2022-03923,4/11/2022,SUP077,P01198,2591,20.42,52904.28,5/30/2022,6/2/2022,Delivered
PO-2022-03924,10/5/2023,SUP070,P01310,1962,22.35,43852.38,11/8/2023,,Cancelled
PO-2022-03925,8/22/2023,SUP140,P00018,1969,41.2,81130.19,10/9/2023,10/11/2023,Delivered
PO-2022-03926,10/7/2022,SUP003,P01467,1053,1.72,1814.54,11/12/2022,11/13/2022,Delivered
PO-2022-03927,10/23/2022,SUP078,P00393,208,44.69,9295.64,12/8/2022,12/4/2022,Delivered
PO-2022-03928,11/14/2022,SUP092,P01341,4544,51.61,234524.58,12/4/2022,,Cancelled
PO-2022-03929,7/13/2023,SUP120,P00343,4088,23.19,94789.04,8/7/2023,8/11/2023,Delivered
PO-2022-03930,11/15/2022,SUP089,P00992,1665,47.8,79581.38,12/29/2022,1/2/2023,Delivered
PO-2022-03931,2/22/2023,SUP139,P00205,664,9.99,6635.36,3/23/2023,3/24/2023,Delivered
PO-2022-03932,6/27/2023,SUP002,P00453,1695,24.23,41067.6,7/21/2023,7/18/2023,Delivered
PO-2022-03933,5/28/2023,SUP112,P01712,148,28.87,4273.48,7/1/2023,,Pending
PO-2022-03934,1/27/2023,SUP145,P01129,1549,33.75,52285.62,3/17/2023,3/12/2023,Delivered
PO-2022-03935,8/22/2022,SUP011,P00858,598,3.75,2243.48,8/30/2022,,Pending
PO-2022-03936,1/23/2023,SUP096,P01277,3051,14.7,44864.15,2/6/2023,2/1/2023,Delivered
PO-2022-03937,2/13/2023,SUP139,P00329,3354,38.67,129705.38,3/14/2023,3/9/2023,Delivered
PO-2022-03938,1/5/2022,SUP054,P00980,1756,43.37,76158.57,2/22/2022,,Shipped
PO-2022-03939,8/15/2022,SUP058,P00390,3828,19.11,73153.64,8/25/2022,8/31/2022,Delivered
PO-2022-03940,12/3/2022,SUP102,P01907,4206,31.27,131508.97,1/19/2023,1/25/2023,Delivered
PO-2022-03941,1/9/2022,SUP128,P01147,2923,41.26,120606.72,1/29/2022,1/30/2022,Delivered
PO-2022-03942,2/11/2023,SUP025,P00812,155,14.02,2173.16,3/10/2023,3/11/2023,Delivered
PO-2022-03943,9/2/2022,SUP004,P01442,4426,36.88,163232.57,10/4/2022,10/8/2022,Delivered
PO-2022-03944,12/5/2022,SUP038,P01498,1350,34.58,46678.34,1/24/2023,1/29/2023,Delivered
PO-2022-03945,7/14/2022,SUP013,P01519,4148,5.32,22054.31,8/17/2022,8/21/2022,Delivered
PO-2022-03946,7/11/2023,SUP139,P00657,3651,44.61,162873.42,8/9/2023,8/15/2023,Delivered
PO-2022-03947,8/31/2023,SUP067,P00995,868,30.62,26575.21,10/24/2023,10/29/2023,Delivered
PO-2022-03948,8/26/2022,SUP026,P01251,950,40.32,38301.26,10/20/2022,10/20/2022,Delivered
PO-2022-03949,7/24/2023,SUP107,P00634,3328,23.7,78877.12,8/2/2023,8/7/2023,Delivered
PO-2022-03950,10/25/2023,SUP001,P00990,1716,36.83,63195.43,12/4/2023,,Pending
PO-2022-03951,9/9/2022,SUP142,P01123,277,12.09,3349.38,9/25/2022,9/28/2022,Delivered
PO-2022-03952,2/13/2023,SUP006,P00742,753,6.34,4774.67,3/27/2023,3/22/2023,Delivered
PO-2022-03953,11/4/2022,SUP072,P00757,707,18.97,13414.28,12/12/2022,12/7/2022,Delivered
PO-2022-03954,12/15/2022,SUP027,P01414,1114,6.49,7229.44,2/1/2023,2/10/2023,Delivered
PO-2022-03955,7/22/2023,SUP031,P00541,2638,43.34,114331.94,9/14/2023,9/9/2023,Delivered
PO-2022-03956,10/26/2022,SUP011,P01051,747,39.76,29704.27,11/3/2022,11/2/2022,Delivered
PO-2022-03957,1/13/2022,SUP065,P00259,1223,25.14,30745.85,2/13/2022,2/9/2022,Delivered
PO-2022-03958,8/24/2023,SUP044,P01624,3549,18.9,67077.71,10/12/2023,10/9/2023,Delivered
PO-2022-03959,7/24/2022,SUP082,P01104,3189,26.29,83829.01,9/16/2022,9/14/2022,Delivered
PO-2022-03960,2/27/2022,SUP120,P00597,3799,7.31,27769.22,3/24/2022,3/22/2022,Delivered
PO-2022-03961,12/19/2023,SUP082,P00580,4093,50.18,205404.4,2/11/2024,2/10/2024,Delivered
PO-2022-03962,6/15/2022,SUP046,P01028,719,42.32,30428.16,7/21/2022,7/21/2022,Delivered
PO-2022-03963,6/15/2022,SUP022,P00666,227,26.33,5975.85,7/20/2022,7/28/2022,Delivered
PO-2022-03964,3/10/2023,SUP132,P01561,3789,38.14,144528.41,3/18/2023,3/26/2023,Delivered
PO-2022-03965,5/13/2022,SUP024,P00587,3968,16.41,65120.89,6/29/2022,7/8/2022,Delivered
PO-2022-03966,3/3/2023,SUP039,P00839,961,45.65,43865.45,4/29/2023,5/7/2023,Delivered
PO-2022-03967,11/24/2023,SUP118,P00330,2289,10.43,23881.6,1/14/2024,1/10/2024,Delivered
PO-2022-03968,1/26/2022,SUP144,P01893,1750,9.79,17140.59,3/3/2022,,Shipped
PO-2022-03969,12/26/2022,SUP084,P00095,1056,25.7,27143.87,1/17/2023,1/15/2023,Delivered
PO-2022-03970,10/1/2022,SUP064,P00033,3019,26.57,80200.63,11/28/2022,11/29/2022,Delivered
PO-2022-03971,5/10/2023,SUP029,P01772,4026,16.86,67864.02,6/6/2023,6/11/2023,Delivered
PO-2022-03972,3/11/2023,SUP146,P01933,4483,11.45,51336.96,4/10/2023,4/11/2023,Delivered
PO-2022-03973,2/12/2023,SUP021,P00717,924,42.04,38847.94,2/24/2023,2/20/2023,Delivered
PO-2022-03974,7/15/2023,SUP097,P01462,862,5.25,4522.85,8/17/2023,8/24/2023,Delivered
PO-2022-03975,8/22/2022,SUP098,P00675,4992,20.88,104251.55,9/16/2022,9/19/2022,Delivered
PO-2022-03976,12/7/2022,SUP132,P00872,533,33.12,17653.92,12/15/2022,12/20/2022,Delivered
PO-2022-03977,2/15/2023,SUP109,P00837,2738,2.5,6838.41,4/7/2023,4/3/2023,Delivered
PO-2022-03978,8/15/2022,SUP135,P00180,635,22.71,14418.52,9/24/2022,10/2/2022,Delivered
PO-2022-03979,4/8/2023,SUP014,P00659,3207,45.5,145919.86,6/6/2023,6/3/2023,Delivered
PO-2022-03980,1/17/2022,SUP120,P01613,3806,5.29,20140.74,2/11/2022,2/10/2022,Delivered
PO-2022-03981,11/17/2023,SUP141,P00263,2541,40.24,102243.29,1/13/2024,1/9/2024,Delivered
PO-2022-03982,12/2/2023,SUP109,P01168,2501,44.56,111438.47,1/22/2024,1/18/2024,Delivered
PO-2022-03983,12/16/2023,SUP002,P00950,1013,35.06,35516.51,1/9/2024,1/18/2024,Delivered
PO-2022-03984,3/24/2023,SUP099,P01544,711,19.68,13992.32,4/19/2023,4/15/2023,Delivered
PO-2022-03985,7/16/2023,SUP090,P01790,1150,18.69,21489.52,8/2/2023,,Cancelled
PO-2022-03986,2/14/2022,SUP033,P00479,4851,28.83,139861.9,3/2/2022,3/3/2022,Delivered
PO-2022-03987,12/3/2022,SUP026,P01172,3786,15.71,59491.82,1/27/2023,1/24/2023,Delivered
PO-2022-03988,1/20/2023,SUP098,P01125,3285,15.94,52374.56,2/14/2023,2/20/2023,Delivered
PO-2022-03989,6/23/2023,SUP087,P01214,2978,1.11,3297.71,7/18/2023,7/19/2023,Delivered
PO-2022-03990,7/8/2022,SUP040,P00870,3775,33.36,125939.32,8/22/2022,8/31/2022,Delivered
PO-2022-03991,5/11/2022,SUP059,P00152,1228,28.42,34901.56,5/30/2022,5/29/2022,Delivered
PO-2022-03992,3/8/2023,SUP074,P01705,1428,42.11,60139.99,4/23/2023,4/24/2023,Delivered
PO-2022-03993,6/28/2023,SUP146,P01092,253,33.36,8438.82,7/28/2023,7/27/2023,Delivered
PO-2022-03994,4/18/2022,SUP053,P01210,553,31.61,17482.82,5/28/2022,5/29/2022,Delivered
PO-2022-03995,3/25/2023,SUP072,P01169,4473,22.79,101930.26,5/2/2023,,Cancelled
PO-2022-03996,2/16/2022,SUP038,P00769,4144,9.52,39460.15,4/7/2022,4/3/2022,Delivered
PO-2022-03997,3/5/2023,SUP041,P00377,3706,4.92,18241.38,4/4/2023,4/9/2023,Delivered
PO-2022-03998,11/21/2022,SUP087,P00316,320,44.99,14398.33,12/16/2022,12/21/2022,Delivered
PO-2022-03999,3/26/2022,SUP138,P01028,1830,44.84,82053.03,5/12/2022,5/19/2022,Delivered
PO-2022-04000,6/16/2022,SUP034,P01944,3666,4.33,15876.46,7/21/2022,,Shipped
PO-2022-04001,3/9/2023,SUP093,P01622,2030,12.04,24440.08,4/25/2023,4/21/2023,Delivered
PO-2022-04002,11/28/2023,SUP131,P01969,3395,40.09,136099.21,1/11/2024,1/20/2024,Delivered
PO-2022-04003,10/12/2022,SUP006,P00308,444,41.03,18215.91,11/23/2022,12/1/2022,Delivered
PO-2022-04004,4/9/2023,SUP031,P01801,549,44.09,24206.06,6/2/2023,6/1/2023,Delivered
PO-2022-04005,10/8/2023,SUP072,P01261,1045,18.39,19222.65,11/15/2023,,Pending
PO-2022-04006,9/7/2022,SUP003,P01259,4338,1.03,4473.91,10/13/2022,10/22/2022,Delivered
PO-2022-04007,11/23/2022,SUP119,P01732,3878,34.77,134827.67,12/24/2022,,Pending
PO-2022-04008,10/14/2023,SUP125,P01119,1814,42.6,77277.11,11/18/2023,11/25/2023,Delivered
PO-2022-04009,6/9/2023,SUP092,P00418,2843,24.54,69768.61,6/29/2023,6/26/2023,Delivered
PO-2022-04010,8/18/2023,SUP104,P01203,3014,37.81,113946.38,9/18/2023,9/21/2023,Delivered
PO-2022-04011,12/22/2023,SUP072,P00806,3807,39.22,149297.46,1/29/2024,2/5/2024,Delivered
PO-2022-04012,8/4/2022,SUP108,P00470,279,46.73,13037.22,9/2/2022,9/5/2022,Delivered
PO-2022-04013,11/12/2023,SUP056,P01902,1927,22.84,44017.65,12/5/2023,12/7/2023,Delivered
PO-2022-04014,4/24/2023,SUP088,P00753,3269,30.17,98632.93,6/14/2023,6/9/2023,Delivered
PO-2022-04015,11/23/2022,SUP131,P01506,4966,28.52,141612.11,1/6/2023,1/12/2023,Delivered
PO-2022-04016,1/15/2022,SUP141,P00696,4676,18.69,87373.3,3/13/2022,3/8/2022,Delivered
PO-2022-04017,4/30/2023,SUP025,P01357,2174,44.37,96454.28,5/27/2023,,Cancelled
PO-2022-04018,10/20/2023,SUP100,P01310,513,24.7,12671.83,10/30/2023,11/3/2023,Delivered
PO-2022-04019,10/17/2022,SUP004,P01010,4482,20.37,91298.32,11/18/2022,11/17/2022,Delivered
PO-2022-04020,8/4/2023,SUP146,P00139,3419,27.51,94071.68,9/3/2023,,Pending
PO-2022-04021,11/1/2022,SUP021,P01407,2373,29.06,68960.03,11/13/2022,11/11/2022,Delivered
PO-2022-04022,9/19/2023,SUP110,P01716,3249,42.08,136710.61,11/11/2023,11/11/2023,Delivered
PO-2022-04023,5/20/2023,SUP102,P01622,2754,11.32,31177.23,7/6/2023,7/1/2023,Delivered
PO-2022-04024,9/5/2022,SUP041,P00531,1679,29.27,49151.12,10/5/2022,10/9/2022,Delivered
PO-2022-04025,8/8/2022,SUP137,P01167,1818,26.72,48583.19,8/25/2022,8/21/2022,Delivered
PO-2022-04026,7/14/2023,SUP063,P00220,2514,4.74,11904.75,8/9/2023,8/12/2023,Delivered
PO-2022-04027,11/18/2023,SUP035,P01019,1859,22.57,41959.69,1/12/2024,1/18/2024,Delivered
PO-2022-04028,8/22/2022,SUP068,P00743,3134,43.24,135504.92,9/25/2022,10/2/2022,Delivered
PO-2022-04029,2/7/2023,SUP076,P01174,774,28.11,21760.32,3/5/2023,3/9/2023,Delivered
PO-2022-04030,5/30/2022,SUP120,P00099,3894,48.61,189287.74,6/24/2022,7/2/2022,Delivered
PO-2022-04031,3/18/2023,SUP007,P00152,4777,31.41,150045.4,4/29/2023,5/6/2023,Delivered
PO-2022-04032,10/25/2023,SUP065,P00196,2629,36.08,94850.28,11/25/2023,12/2/2023,Delivered
PO-2022-04033,3/2/2023,SUP069,P01219,4762,16.62,79149.29,4/13/2023,4/21/2023,Delivered
PO-2022-04034,10/11/2022,SUP064,P00681,4571,33.32,152307.34,12/8/2022,12/7/2022,Delivered
PO-2022-04035,11/6/2023,SUP060,P01063,2780,39,108413.87,12/17/2023,12/26/2023,Delivered
PO-2022-04036,7/27/2022,SUP121,P00983,4278,35.87,153440.42,8/13/2022,,Cancelled
PO-2022-04037,2/14/2023,SUP139,P01820,4685,11.43,53561.89,3/15/2023,3/24/2023,Delivered
PO-2022-04038,1/26/2023,SUP079,P01504,1427,39.17,55895.12,3/13/2023,,Pending
PO-2022-04039,7/23/2023,SUP123,P00186,577,22.61,13045.62,8/7/2023,8/14/2023,Delivered
PO-2022-04040,10/24/2023,SUP016,P01784,3045,32.03,97541.92,11/15/2023,11/24/2023,Delivered
PO-2022-04041,3/20/2022,SUP114,P01122,3321,10.36,34403.66,5/13/2022,5/18/2022,Delivered
PO-2022-04042,9/2/2023,SUP053,P00359,2386,18.37,43836.45,10/12/2023,10/17/2023,Delivered
PO-2022-04043,10/31/2023,SUP131,P01374,1223,2.31,2823.44,12/14/2023,12/19/2023,Delivered
PO-2022-04044,7/6/2022,SUP008,P00624,644,50.01,32204.47,7/30/2022,7/29/2022,Delivered
PO-2022-04045,12/25/2023,SUP124,P00685,1143,40.04,45762.28,1/24/2024,1/20/2024,Delivered
PO-2022-04046,8/25/2022,SUP084,P00223,4631,20.05,92873.13,9/16/2022,9/20/2022,Delivered
PO-2022-04047,10/14/2023,SUP062,P00630,2835,17,48185.62,11/16/2023,11/22/2023,Delivered
PO-2022-04048,4/9/2023,SUP076,P00851,1564,49.55,77491.48,5/5/2023,4/30/2023,Delivered
PO-2022-04049,11/30/2023,SUP115,P00316,3611,39.78,143635.46,1/9/2024,1/9/2024,Delivered
PO-2022-04050,6/24/2022,SUP062,P00779,4349,43.46,188993.82,7/27/2022,8/4/2022,Delivered
PO-2022-04051,5/21/2023,SUP008,P01684,4788,29.46,141073.11,6/14/2023,6/11/2023,Delivered
PO-2022-04052,8/30/2023,SUP063,P00128,3805,13,49457.6,9/25/2023,,Pending
PO-2022-04053,6/18/2023,SUP063,P01622,4574,10.88,49772.93,7/14/2023,7/22/2023,Delivered
PO-2022-04054,8/18/2022,SUP024,P01551,3577,42.85,153283.79,10/4/2022,10/12/2022,Delivered
PO-2022-04055,12/9/2022,SUP076,P00877,266,12.52,3329.88,1/4/2023,,Shipped
PO-2022-04056,7/30/2023,SUP008,P01863,1209,8.29,10021.98,8/23/2023,8/21/2023,Delivered
PO-2022-04057,2/28/2022,SUP101,P01859,4200,25.69,107888.32,4/3/2022,4/2/2022,Delivered
PO-2022-04058,4/24/2023,SUP030,P00525,1101,23.53,25910.24,6/12/2023,,Pending
PO-2022-04059,4/9/2023,SUP017,P00901,626,36.02,22547.89,4/18/2023,4/18/2023,Delivered
PO-2022-04060,7/2/2022,SUP079,P00373,3678,24.29,89348.09,8/17/2022,,Cancelled
PO-2022-04061,11/17/2023,SUP059,P00470,2390,50.02,119543.84,12/6/2023,,Cancelled
PO-2022-04062,11/27/2023,SUP052,P00052,512,41.74,21370.29,1/24/2024,1/19/2024,Delivered
PO-2022-04063,1/8/2022,SUP145,P00247,3878,37.56,145671,2/26/2022,3/4/2022,Delivered
PO-2022-04064,12/11/2022,SUP082,P01320,4430,39.03,172895.74,2/3/2023,,Cancelled
PO-2022-04065,11/6/2022,SUP002,P00336,1700,30.17,51282.59,11/30/2022,11/25/2022,Delivered
PO-2022-04066,8/31/2022,SUP107,P00820,1941,30.79,59772.26,9/9/2022,9/6/2022,Delivered
PO-2022-04067,3/14/2022,SUP063,P01842,255,15.25,3889.56,4/9/2022,4/7/2022,Delivered
PO-2022-04068,9/5/2022,SUP051,P00453,1039,23.83,24758.84,10/4/2022,10/4/2022,Delivered
PO-2022-04069,9/24/2022,SUP118,P01726,1310,1.79,2347.32,11/14/2022,11/19/2022,Delivered
PO-2022-04070,12/23/2023,SUP007,P00523,350,51.21,17923.79,2/3/2024,2/5/2024,Delivered
PO-2022-04071,2/17/2022,SUP076,P01913,1385,33.88,46917.04,3/15/2022,3/24/2022,Delivered
PO-2022-04072,8/19/2022,SUP092,P01390,127,14.91,1893.11,9/8/2022,9/7/2022,Delivered
PO-2022-04073,2/27/2022,SUP026,P00415,3340,39.59,132233.99,4/23/2022,,Shipped
PO-2022-04074,4/10/2023,SUP011,P00421,4216,9.37,39518.56,4/18/2023,4/22/2023,Delivered
PO-2022-04075,5/7/2023,SUP089,P01377,3266,26.92,87928.14,6/20/2023,6/20/2023,Delivered
PO-2022-04076,10/10/2023,SUP085,P01157,1113,22.34,24860.11,12/2/2023,12/2/2023,Delivered
PO-2022-04077,8/13/2023,SUP007,P01092,1526,35.03,53457.57,9/24/2023,,Cancelled
PO-2022-04078,5/16/2022,SUP096,P00970,718,13.58,9749.47,5/30/2022,,Cancelled
PO-2022-04079,1/22/2023,SUP010,P01204,1821,32.06,58376.86,3/12/2023,3/11/2023,Delivered
PO-2022-04080,3/22/2023,SUP124,P01696,1406,19.2,26990.11,4/21/2023,4/30/2023,Delivered
PO-2022-04081,1/25/2022,SUP004,P01312,784,26.89,21082.14,2/26/2022,3/6/2022,Delivered
PO-2022-04082,12/25/2022,SUP120,P00305,2497,40.11,100154.69,1/19/2023,1/14/2023,Delivered
PO-2022-04083,5/10/2022,SUP032,P00670,2009,14.72,29569.09,6/29/2022,6/24/2022,Delivered
PO-2022-04084,8/20/2022,SUP093,P00274,4560,28.99,132194.43,10/6/2022,10/5/2022,Delivered
PO-2022-04085,10/13/2023,SUP065,P01298,1451,46.63,67664.87,11/13/2023,11/20/2023,Delivered
PO-2022-04086,7/13/2022,SUP025,P00272,1423,5.81,8268.26,8/9/2022,8/14/2022,Delivered
PO-2022-04087,5/1/2023,SUP115,P00499,3571,20.63,73673.46,6/10/2023,6/5/2023,Delivered
PO-2022-04088,1/17/2022,SUP104,P00126,3809,20.72,78926.21,2/17/2022,,Cancelled
PO-2022-04089,5/9/2022,SUP013,P01677,3633,3.58,13022.27,6/12/2022,6/8/2022,Delivered
PO-2022-04090,9/7/2023,SUP090,P01886,4618,36.85,170176.2,9/24/2023,9/23/2023,Delivered
PO-2022-04091,9/21/2022,SUP013,P01864,3008,5.49,16525.09,10/25/2022,10/30/2022,Delivered
PO-2022-04092,7/13/2023,SUP115,P00803,2134,32.89,70186.1,8/22/2023,,Cancelled
PO-2022-04093,7/6/2023,SUP103,P01178,4185,24.98,104547.69,9/1/2023,9/1/2023,Delivered
PO-2022-04094,3/28/2023,SUP018,P00957,1659,45.59,75639.82,4/23/2023,4/21/2023,Delivered
PO-2022-04095,8/14/2022,SUP109,P01510,4326,10.03,43372.49,10/4/2022,,Pending
PO-2022-04096,12/15/2022,SUP122,P00018,1585,43.24,68537.87,1/5/2023,1/12/2023,Delivered
PO-2022-04097,9/4/2023,SUP069,P00596,1039,20.13,20916.64,10/16/2023,,Shipped
PO-2022-04098,2/16/2022,SUP126,P00822,4855,34.29,166495.68,3/22/2022,3/28/2022,Delivered
PO-2022-04099,2/4/2022,SUP044,P01917,3017,27.24,82181.75,3/25/2022,,Pending
PO-2022-04100,11/20/2022,SUP054,P00606,2841,27.6,78408.2,1/7/2023,1/15/2023,Delivered
PO-2022-04101,2/15/2023,SUP084,P01975,1492,10.04,14977.86,3/9/2023,3/7/2023,Delivered
PO-2022-04102,11/11/2022,SUP051,P01803,1421,20.97,29795.62,12/10/2022,12/12/2022,Delivered
PO-2022-04103,3/3/2022,SUP119,P01078,2485,4.57,11365.93,4/3/2022,4/11/2022,Delivered
PO-2022-04104,9/26/2022,SUP075,P00619,4990,10.83,54042.77,10/13/2022,10/19/2022,Delivered
PO-2022-04105,3/26/2022,SUP124,P01099,4791,21.54,103199.96,4/25/2022,4/23/2022,Delivered
PO-2022-04106,1/29/2023,SUP017,P01005,2960,20.43,60466.23,2/7/2023,2/15/2023,Delivered
PO-2022-04107,3/19/2022,SUP033,P00374,3356,1.79,6010.52,4/4/2022,,Shipped
PO-2022-04108,6/18/2022,SUP088,P00798,1333,13.37,17824.73,8/8/2022,8/8/2022,Delivered
PO-2022-04109,4/14/2023,SUP121,P01748,953,8.77,8353.14,5/1/2023,4/30/2023,Delivered
PO-2022-04110,8/21/2023,SUP070,P01471,2561,37.4,95793.73,9/24/2023,9/23/2023,Delivered
PO-2022-04111,7/15/2023,SUP130,P01063,4741,38.24,181275.86,8/4/2023,8/3/2023,Delivered
PO-2022-04112,11/6/2023,SUP149,P00298,1203,17.81,21425.99,11/27/2023,11/22/2023,Delivered
PO-2022-04113,8/6/2022,SUP012,P01341,690,43.37,29925.37,9/22/2022,9/24/2022,Delivered
PO-2022-04114,10/11/2022,SUP096,P00727,4270,24.2,103317.61,10/25/2022,10/25/2022,Delivered
PO-2022-04115,12/29/2022,SUP113,P00070,2669,3.17,8453.23,2/1/2023,2/6/2023,Delivered
PO-2022-04116,5/22/2023,SUP099,P01854,4558,38.93,177434.79,6/17/2023,6/20/2023,Delivered
PO-2022-04117,5/6/2023,SUP118,P00144,3749,35.29,132300.68,6/26/2023,7/2/2023,Delivered
PO-2022-04118,5/18/2022,SUP097,P00724,4536,38.72,175637.4,6/20/2022,6/21/2022,Delivered
PO-2022-04119,6/16/2022,SUP102,P00772,1548,14.09,21815.06,8/2/2022,,Cancelled
PO-2022-04120,12/28/2022,SUP103,P00292,2174,43.07,93633.55,2/23/2023,2/18/2023,Delivered
PO-2022-04121,7/24/2022,SUP106,P01015,2725,36.36,99088.95,8/3/2022,,Cancelled
PO-2022-04122,12/16/2023,SUP066,P01253,3645,15.49,56452.42,1/22/2024,1/30/2024,Delivered
PO-2022-04123,6/12/2023,SUP058,P00356,4760,45.04,214377.23,6/22/2023,6/25/2023,Delivered
PO-2022-04124,6/7/2023,SUP114,P01837,1976,12.89,25465.97,7/31/2023,8/7/2023,Delivered
PO-2022-04125,10/13/2023,SUP032,P00111,2751,40.34,110967.22,12/2/2023,12/3/2023,Delivered
PO-2022-04126,4/3/2023,SUP136,P00513,1335,25.15,33576.95,4/15/2023,,Shipped
PO-2022-04127,2/18/2023,SUP144,P00102,2532,35.62,90184.14,3/26/2023,3/26/2023,Delivered
PO-2022-04128,1/7/2022,SUP107,P00515,2479,19.98,49522.87,1/16/2022,1/19/2022,Delivered
PO-2022-04129,10/23/2023,SUP035,P01036,3144,12.51,39322.86,12/17/2023,12/24/2023,Delivered
PO-2022-04130,8/30/2023,SUP072,P01980,3216,29.38,94497.41,10/7/2023,10/2/2023,Delivered
PO-2022-04131,9/21/2022,SUP052,P01480,4299,7.84,33704.81,11/18/2022,11/25/2022,Delivered
PO-2022-04132,9/27/2023,SUP148,P00734,142,26.94,3825.81,10/15/2023,10/17/2023,Delivered
PO-2022-04133,6/13/2022,SUP005,P01823,4211,51.86,218362.83,7/27/2022,7/25/2022,Delivered
PO-2022-04134,7/28/2022,SUP065,P00985,3789,17.06,64635.53,8/28/2022,9/4/2022,Delivered
PO-2022-04135,11/21/2022,SUP134,P00692,389,8.56,3330.2,1/11/2023,1/14/2023,Delivered
PO-2022-04136,5/18/2023,SUP014,P01529,3882,46.43,180223.16,7/16/2023,7/13/2023,Delivered
PO-2022-04137,6/16/2022,SUP018,P00340,3617,23.2,83931.22,7/12/2022,7/13/2022,Delivered
PO-2022-04138,3/2/2023,SUP051,P01966,4537,10.46,47449.11,3/31/2023,4/2/2023,Delivered
PO-2022-04139,4/3/2023,SUP142,P00632,1525,25.99,39629.7,4/19/2023,4/25/2023,Delivered
PO-2022-04140,4/17/2022,SUP026,P01989,2687,37.11,99715.18,6/11/2022,6/13/2022,Delivered
PO-2022-04141,11/20/2023,SUP137,P01920,205,52.39,10739.11,12/7/2023,12/14/2023,Delivered
PO-2022-04142,4/26/2023,SUP073,P00314,3694,34.02,125664.7,5/17/2023,,Pending
PO-2022-04143,1/19/2023,SUP019,P01394,1971,23.82,46956.15,3/7/2023,,Shipped
PO-2022-04144,3/2/2022,SUP065,P00483,3415,44.23,151043.78,4/2/2022,4/1/2022,Delivered
PO-2022-04145,11/29/2023,SUP016,P00864,3865,31.56,121970.33,12/21/2023,12/16/2023,Delivered
PO-2022-04146,6/14/2023,SUP038,P01242,4118,22.05,90788.08,8/3/2023,8/11/2023,Delivered
PO-2022-04147,4/2/2022,SUP023,P00632,3709,25.29,93804.92,5/11/2022,5/15/2022,Delivered
PO-2022-04148,5/19/2022,SUP026,P00024,1478,17.79,26286.45,7/13/2022,7/14/2022,Delivered
PO-2022-04149,12/12/2023,SUP132,P01318,3586,32.66,117107.35,12/20/2023,,Shipped
PO-2022-04150,10/4/2022,SUP010,P00049,709,7.32,5189.99,11/22/2022,,Cancelled
PO-2022-04151,8/18/2022,SUP077,P01429,4552,12.09,55038.01,10/6/2022,10/6/2022,Delivered
PO-2022-04152,9/3/2023,SUP070,P00814,2792,6.24,17411.72,10/7/2023,10/4/2023,Delivered
PO-2022-04153,12/2/2022,SUP119,P01899,103,23.67,2438.1,1/2/2023,1/6/2023,Delivered
PO-2022-04154,7/13/2022,SUP111,P00520,1196,23.75,28403.44,9/3/2022,9/1/2022,Delivered
PO-2022-04155,11/26/2023,SUP085,P00085,178,16.28,2897.75,1/18/2024,,Pending
PO-2022-04156,3/26/2023,SUP031,P01911,4805,24.2,116278,5/19/2023,,Shipped
PO-2022-04157,1/22/2022,SUP005,P00060,3084,1.66,5117.44,3/7/2022,3/5/2022,Delivered
PO-2022-04158,2/14/2022,SUP121,P00905,2326,31.95,74314.48,3/3/2022,3/5/2022,Delivered
PO-2022-04159,12/13/2022,SUP012,P00926,3338,48.52,161950.58,1/29/2023,2/2/2023,Delivered
PO-2022-04160,11/19/2022,SUP032,P00042,3290,2.98,9816.69,1/8/2023,,Pending
PO-2022-04161,7/8/2022,SUP032,P00104,668,7.44,4968.26,8/27/2022,9/2/2022,Delivered
PO-2022-04162,6/14/2022,SUP084,P00581,2115,36.89,78023.97,7/6/2022,7/5/2022,Delivered
PO-2022-04163,9/5/2023,SUP040,P01275,3391,5.93,20099.93,10/20/2023,10/21/2023,Delivered
PO-2022-04164,4/9/2023,SUP081,P00349,1990,39.55,78704.45,5/29/2023,5/26/2023,Delivered
PO-2022-04165,6/13/2022,SUP075,P00428,3603,11.28,40637.43,6/30/2022,6/28/2022,Delivered
PO-2022-04166,9/24/2023,SUP139,P00078,4683,45.03,210876.51,10/23/2023,10/19/2023,Delivered
PO-2022-04167,7/12/2023,SUP139,P01700,391,33.64,13154.02,8/10/2023,8/10/2023,Delivered
PO-2022-04168,2/10/2023,SUP120,P01483,2395,25.98,62212.73,3/7/2023,3/14/2023,Delivered
PO-2022-04169,11/11/2022,SUP104,P01878,3092,32.86,101615.71,12/12/2022,12/15/2022,Delivered
PO-2022-04170,5/14/2022,SUP027,P01634,4588,1.06,4871.62,7/1/2022,6/26/2022,Delivered
PO-2022-04171,3/6/2022,SUP105,P00401,389,2.22,865.2,5/4/2022,5/7/2022,Delivered
PO-2022-04172,10/23/2023,SUP108,P00878,2084,32.65,68036.36,11/21/2023,11/26/2023,Delivered
PO-2022-04173,2/10/2023,SUP149,P01189,3277,3.86,12658.42,3/3/2023,3/4/2023,Delivered
PO-2022-04174,12/4/2023,SUP149,P00201,4813,33.59,161656.73,12/25/2023,12/28/2023,Delivered
PO-2022-04175,4/15/2023,SUP032,P01774,4259,22.83,97233.65,6/4/2023,,Cancelled
PO-2022-04176,12/6/2022,SUP025,P00039,168,16.28,2735.44,1/2/2023,1/7/2023,Delivered
PO-2022-04177,8/29/2023,SUP099,P01444,440,17.76,7813.4,9/24/2023,9/26/2023,Delivered
PO-2022-04178,12/16/2022,SUP137,P01834,3128,36.11,112948.3,1/2/2023,1/4/2023,Delivered
PO-2022-04179,10/12/2023,SUP034,P00256,3969,43.38,172191.06,11/16/2023,11/21/2023,Delivered
PO-2022-04180,10/18/2022,SUP067,P01824,957,10.24,9795.83,12/11/2022,12/16/2022,Delivered
PO-2022-04181,10/30/2022,SUP144,P00282,2427,43.47,105507.31,12/5/2022,12/13/2022,Delivered
PO-2022-04182,10/28/2023,SUP048,P00555,1746,25.62,44726.3,12/9/2023,12/15/2023,Delivered
PO-2022-04183,11/21/2023,SUP067,P01207,4614,9.82,45298.15,1/14/2024,1/20/2024,Delivered
PO-2022-04184,8/15/2022,SUP145,P01168,1687,46.21,77952.41,10/3/2022,10/12/2022,Delivered
PO-2022-04185,5/23/2023,SUP124,P01615,226,25.38,5736.22,6/22/2023,6/25/2023,Delivered
PO-2022-04186,12/7/2022,SUP128,P00778,4195,4.55,19076.41,12/27/2022,,Cancelled
PO-2022-04187,6/7/2022,SUP062,P01634,4281,1.18,5070.79,7/10/2022,,Pending
PO-2022-04188,12/25/2022,SUP142,P01927,3312,37.49,124158.83,1/10/2023,1/6/2023,Delivered
PO-2022-04189,10/30/2022,SUP062,P00305,2076,35.79,74293.6,12/2/2022,12/5/2022,Delivered
PO-2022-04190,11/13/2023,SUP138,P01124,3544,32.22,114204.25,12/30/2023,12/25/2023,Delivered
PO-2022-04191,1/8/2023,SUP134,P00822,3739,32.9,123013.41,2/28/2023,3/9/2023,Delivered
PO-2022-04192,10/4/2022,SUP083,P00276,3011,7.65,23024.4,11/8/2022,11/7/2022,Delivered
PO-2022-04193,8/16/2023,SUP123,P01388,4095,5.15,21101.36,8/31/2023,9/1/2023,Delivered
PO-2022-04194,1/14/2022,SUP016,P00556,1163,42.9,49896.73,2/5/2022,2/1/2022,Delivered
PO-2022-04195,10/17/2022,SUP094,P01457,2995,40.6,121596.91,11/8/2022,11/16/2022,Delivered
PO-2022-04196,10/2/2023,SUP077,P00408,3892,33.01,128489.28,11/20/2023,11/23/2023,Delivered
PO-2022-04197,10/12/2022,SUP126,P01702,4513,36.54,164903.66,11/15/2022,11/10/2022,Delivered
PO-2022-04198,12/10/2022,SUP008,P00168,802,28.65,22974.76,1/3/2023,1/12/2023,Delivered
PO-2022-04199,1/28/2022,SUP007,P01394,3555,22.6,80347.08,3/11/2022,,Pending
PO-2022-04200,7/1/2023,SUP144,P00878,4868,38.23,186099.76,8/6/2023,8/3/2023,Delivered
PO-2022-04201,4/10/2023,SUP149,P01351,4112,23.49,96590.65,5/1/2023,5/5/2023,Delivered
PO-2022-04202,3/29/2022,SUP085,P00664,878,22.64,19877.96,5/21/2022,5/25/2022,Delivered
PO-2022-04203,3/26/2023,SUP081,P00672,1116,32.16,35887.17,5/15/2023,5/15/2023,Delivered
PO-2022-04204,8/7/2022,SUP001,P00576,3892,3.04,11813.88,9/16/2022,9/17/2022,Delivered
PO-2022-04205,11/17/2023,SUP117,P01596,4750,41.62,197708.78,12/16/2023,12/12/2023,Delivered
PO-2022-04206,1/31/2023,SUP119,P01801,4629,40.8,188863.33,3/3/2023,3/10/2023,Delivered
PO-2022-04207,2/28/2022,SUP011,P00140,992,18.37,18218.83,3/8/2022,3/16/2022,Delivered
PO-2022-04208,7/15/2022,SUP046,P01895,3690,25.06,92470.91,8/20/2022,8/24/2022,Delivered
PO-2022-04209,2/14/2022,SUP042,P00676,1693,39.08,66165.79,3/20/2022,3/16/2022,Delivered
PO-2022-04210,9/8/2023,SUP120,P00132,1731,31.11,53852.18,10/3/2023,9/28/2023,Delivered
PO-2022-04211,10/9/2023,SUP010,P01223,3576,5.49,19649.04,11/27/2023,11/28/2023,Delivered
PO-2022-04212,12/15/2022,SUP074,P00043,2923,37.58,109855.36,1/30/2023,2/8/2023,Delivered
PO-2022-04213,6/23/2022,SUP145,P01354,2799,9.65,27021.89,8/11/2022,8/16/2022,Delivered
PO-2022-04214,11/23/2023,SUP014,P01740,2639,2.88,7608,1/21/2024,1/26/2024,Delivered
PO-2022-04215,6/3/2023,SUP128,P01330,4091,38.77,158596.6,6/23/2023,6/26/2023,Delivered
PO-2022-04216,4/7/2022,SUP110,P00436,543,38.82,21076.89,5/30/2022,5/29/2022,Delivered
PO-2022-04217,6/17/2023,SUP105,P00814,1144,7.03,8046.81,8/15/2023,8/13/2023,Delivered
PO-2022-04218,8/10/2022,SUP032,P01349,1089,35.03,38152.12,9/29/2022,10/6/2022,Delivered
PO-2022-04219,1/2/2023,SUP148,P01060,4802,49.3,236759.65,1/20/2023,1/24/2023,Delivered
PO-2022-04220,9/12/2023,SUP091,P00255,3077,42.02,129297.05,10/20/2023,10/27/2023,Delivered
PO-2022-04221,1/31/2022,SUP073,P00601,2633,11.01,28997.9,2/21/2022,2/26/2022,Delivered
PO-2022-04222,8/4/2023,SUP024,P00336,3884,30.62,118917.32,9/20/2023,9/26/2023,Delivered
PO-2022-04223,11/18/2023,SUP047,P01284,3540,2.55,9011.47,12/12/2023,12/11/2023,Delivered
PO-2022-04224,12/19/2022,SUP135,P01283,4169,10.04,41851.11,1/28/2023,1/25/2023,Delivered
PO-2022-04225,4/15/2022,SUP133,P01734,1390,26.14,36340.33,5/14/2022,,Shipped
PO-2022-04226,11/5/2023,SUP075,P00616,856,24.31,20808.02,11/22/2023,11/23/2023,Delivered
PO-2022-04227,8/7/2022,SUP003,P00854,1587,42.62,67637.09,9/12/2022,9/20/2022,Delivered
PO-2022-04228,2/15/2023,SUP024,P01630,3528,3.62,12783.95,4/3/2023,4/3/2023,Delivered
PO-2022-04229,6/1/2023,SUP024,P01999,1432,45.86,65675.04,7/18/2023,7/25/2023,Delivered
PO-2022-04230,12/25/2022,SUP088,P01407,3916,25.67,100506.72,2/14/2023,,Shipped
PO-2022-04231,7/18/2023,SUP014,P01210,833,31.11,25910.77,9/15/2023,,Pending
PO-2022-04232,2/24/2022,SUP066,P01939,2815,1.23,3454.36,4/2/2022,4/6/2022,Delivered
PO-2022-04233,7/27/2023,SUP052,P01671,1905,52.79,100562.44,9/23/2023,9/18/2023,Delivered
PO-2022-04234,8/4/2022,SUP113,P00231,1825,35.52,64820.29,9/7/2022,9/6/2022,Delivered
PO-2022-04235,12/24/2023,SUP001,P01128,3811,3.26,12414.2,2/2/2024,1/28/2024,Delivered
PO-2022-04236,12/17/2022,SUP039,P00451,1001,29.6,29630.6,2/12/2023,2/15/2023,Delivered
PO-2022-04237,9/22/2022,SUP025,P01103,1308,12.32,16114.23,10/19/2022,10/20/2022,Delivered
PO-2022-04238,8/24/2023,SUP094,P00331,2439,50.47,123101.55,9/15/2023,9/21/2023,Delivered
PO-2022-04239,8/15/2023,SUP041,P01550,2781,9.53,26493.7,9/14/2023,9/20/2023,Delivered
PO-2022-04240,1/22/2022,SUP091,P00495,3574,23.99,85750.56,3/1/2022,3/10/2022,Delivered
PO-2022-04241,1/30/2022,SUP032,P01788,1752,4.16,7293.32,3/21/2022,3/19/2022,Delivered
PO-2022-04242,5/4/2023,SUP031,P01342,2909,8.88,25828.84,6/27/2023,6/22/2023,Delivered
PO-2022-04243,12/3/2023,SUP023,P00165,3589,43.73,156934.58,1/11/2024,1/17/2024,Delivered
PO-2022-04244,9/24/2022,SUP089,P01920,3032,51.74,156875.75,11/7/2022,11/11/2022,Delivered
PO-2022-04245,11/5/2023,SUP148,P00490,2719,4.65,12646.54,11/23/2023,11/27/2023,Delivered
PO-2022-04246,5/30/2023,SUP035,P01281,379,27.33,10359.46,7/24/2023,7/19/2023,Delivered
PO-2022-04247,10/21/2022,SUP120,P01332,390,9.05,3529.92,11/15/2022,11/21/2022,Delivered
PO-2022-04248,8/22/2023,SUP090,P01228,2111,27.5,58049.1,9/8/2023,9/17/2023,Delivered
PO-2022-04249,10/10/2023,SUP114,P00151,3792,17.07,64732.77,12/3/2023,12/4/2023,Delivered
PO-2022-04250,2/6/2022,SUP013,P01610,4310,3.98,17155.11,3/12/2022,3/10/2022,Delivered
PO-2022-04251,6/3/2022,SUP056,P00253,2595,3.64,9433.21,6/26/2022,6/26/2022,Delivered
PO-2022-04252,5/22/2023,SUP141,P01735,450,11.25,5063.85,7/18/2023,7/18/2023,Delivered
PO-2022-04253,12/28/2023,SUP095,P00896,3102,25.11,77878.32,1/14/2024,1/23/2024,Delivered
PO-2022-04254,4/14/2023,SUP029,P01664,4196,10.59,44447.21,5/11/2023,5/7/2023,Delivered
PO-2022-04255,1/12/2022,SUP047,P01444,2401,18.37,44116.73,2/5/2022,2/14/2022,Delivered
PO-2022-04256,10/21/2022,SUP149,P00284,3774,9.49,35799.75,11/11/2022,11/19/2022,Delivered
PO-2022-04257,11/29/2022,SUP087,P01410,3887,15.1,58705.22,12/24/2022,1/1/2023,Delivered
PO-2022-04258,7/3/2022,SUP034,P01872,3834,10.34,39633.91,8/7/2022,8/9/2022,Delivered
PO-2022-04259,2/23/2023,SUP126,P00407,3563,12.72,45328.51,3/29/2023,4/7/2023,Delivered
PO-2022-04260,7/16/2023,SUP078,P00112,4987,2.49,12402.62,8/31/2023,8/27/2023,Delivered
PO-2022-04261,5/27/2023,SUP084,P00185,4057,9.67,39225.66,6/18/2023,6/13/2023,Delivered
PO-2022-04262,8/1/2023,SUP047,P00299,3453,48.56,167677.48,8/25/2023,9/3/2023,Delivered
PO-2022-04263,6/14/2022,SUP089,P00658,1839,19.37,35627.73,7/28/2022,7/30/2022,Delivered
PO-2022-04264,9/16/2022,SUP111,P00364,1669,16.95,28292,11/7/2022,11/15/2022,Delivered
PO-2022-04265,11/22/2022,SUP148,P01368,4330,23.77,102915.62,12/10/2022,12/7/2022,Delivered
PO-2022-04266,2/26/2023,SUP043,P00766,3316,11.37,37691.37,4/4/2023,4/6/2023,Delivered
PO-2022-04267,9/26/2023,SUP056,P00661,558,4.6,2565.68,10/19/2023,10/16/2023,Delivered
PO-2022-04268,10/23/2023,SUP075,P00509,835,47.23,39440.96,11/9/2023,11/15/2023,Delivered
PO-2022-04269,10/19/2022,SUP136,P00812,2197,14.25,31304.06,10/31/2022,11/2/2022,Delivered
PO-2022-04270,10/12/2023,SUP042,P00561,869,47.86,41591,11/15/2023,11/14/2023,Delivered
PO-2022-04271,11/9/2022,SUP098,P01815,3459,30.94,107021.23,12/4/2022,11/29/2022,Delivered
PO-2022-04272,5/7/2022,SUP019,P01328,2637,4.63,12208.7,6/23/2022,6/26/2022,Delivered
PO-2022-04273,12/25/2022,SUP051,P01943,2095,25.74,53933.58,1/23/2023,1/22/2023,Delivered
PO-2022-04274,11/8/2022,SUP031,P01175,1698,21.06,35761.71,1/1/2023,12/30/2022,Delivered
PO-2022-04275,6/4/2023,SUP135,P01329,1032,37.31,38506.73,7/14/2023,7/20/2023,Delivered
PO-2022-04276,9/16/2023,SUP112,P00719,4747,30.95,146931.24,10/20/2023,,Cancelled
PO-2022-04277,10/29/2023,SUP124,P01061,3376,32.44,109532.96,11/28/2023,12/6/2023,Delivered
PO-2022-04278,8/15/2023,SUP083,P01806,4805,41.08,197371.73,9/19/2023,9/25/2023,Delivered
PO-2022-04279,8/16/2023,SUP115,P00309,4462,9.81,43791.99,9/25/2023,,Shipped
PO-2022-04280,9/24/2022,SUP008,P01685,3176,41.2,130848.52,10/18/2022,10/22/2022,Delivered
PO-2022-04281,3/13/2022,SUP029,P01704,4970,15.2,75528.77,4/9/2022,,Cancelled
PO-2022-04282,7/28/2023,SUP146,P00736,213,44.93,9569.38,8/27/2023,,Pending
PO-2022-04283,9/4/2023,SUP021,P01253,3202,16.83,53905.64,9/16/2023,9/23/2023,Delivered
PO-2022-04284,6/13/2023,SUP118,P01199,553,27.69,15309.96,8/3/2023,8/7/2023,Delivered
PO-2022-04285,2/6/2022,SUP098,P00233,4854,11.58,56213.32,3/3/2022,2/28/2022,Delivered
PO-2022-04286,12/25/2023,SUP071,P00005,3829,8.55,32750.8,1/17/2024,1/15/2024,Delivered
PO-2022-04287,5/27/2022,SUP100,P00365,2938,38.69,113657.28,6/6/2022,6/2/2022,Delivered
PO-2022-04288,9/7/2022,SUP142,P00249,1474,49.22,72555.89,9/23/2022,9/20/2022,Delivered
PO-2022-04289,6/25/2023,SUP090,P01104,4093,29.01,118718.42,7/12/2023,7/15/2023,Delivered
PO-2022-04290,12/29/2023,SUP036,P01486,2239,26.36,59022.49,2/17/2024,2/18/2024,Delivered
PO-2022-04291,10/21/2022,SUP051,P00345,1691,46.93,79363.02,11/19/2022,11/20/2022,Delivered
PO-2022-04292,1/7/2023,SUP071,P00239,2795,25.37,70901.87,1/30/2023,,Cancelled
PO-2022-04293,10/20/2022,SUP001,P00108,1704,21.61,36821.31,11/29/2022,11/25/2022,Delivered
PO-2022-04294,1/2/2023,SUP070,P01558,3009,30.89,92933.98,2/5/2023,,Pending
PO-2022-04295,12/18/2023,SUP003,P01354,551,9.88,5443.45,1/23/2024,1/18/2024,Delivered
PO-2022-04296,3/17/2023,SUP125,P01922,3619,15.2,55004.07,4/21/2023,4/28/2023,Delivered
PO-2022-04297,5/30/2023,SUP004,P00912,2434,48.56,118198.77,7/1/2023,7/8/2023,Delivered
PO-2022-04298,11/6/2022,SUP080,P01761,4067,14.15,57542.96,1/3/2023,12/31/2022,Delivered
PO-2022-04299,5/10/2023,SUP083,P00977,4110,24.67,101399.3,6/14/2023,6/18/2023,Delivered
PO-2022-04300,3/2/2023,SUP052,P01367,4929,48.68,239942.29,4/29/2023,5/8/2023,Delivered
PO-2022-04301,1/26/2023,SUP141,P01521,4289,22.59,96879.71,3/24/2023,3/22/2023,Delivered
PO-2022-04302,12/26/2022,SUP120,P00303,4246,8.51,36144.4,1/20/2023,1/19/2023,Delivered
PO-2022-04303,10/8/2022,SUP121,P00036,722,35.16,25383.53,10/25/2022,11/1/2022,Delivered
PO-2022-04304,10/31/2022,SUP146,P00654,2162,32.25,69726.52,11/30/2022,12/5/2022,Delivered
PO-2022-04305,7/22/2022,SUP003,P01575,1224,44.31,54232.12,8/27/2022,9/3/2022,Delivered
PO-2022-04306,12/13/2022,SUP021,P00976,4388,41.05,180105.68,12/25/2022,12/21/2022,Delivered
PO-2022-04307,7/27/2022,SUP041,P01412,4367,30.51,133243.34,8/26/2022,9/4/2022,Delivered
PO-2022-04308,8/28/2023,SUP113,P00870,1332,28.6,38101.66,10/1/2023,9/27/2023,Delivered
PO-2022-04309,2/17/2022,SUP034,P01719,4670,7.29,34053.81,3/24/2022,3/23/2022,Delivered
PO-2022-04310,4/25/2023,SUP149,P00501,4450,46.3,206032.89,5/16/2023,,Shipped
PO-2022-04311,11/21/2022,SUP014,P00403,228,30.36,6922.98,1/19/2023,1/22/2023,Delivered
PO-2022-04312,4/6/2022,SUP012,P01428,107,19.6,2097.66,5/23/2022,5/23/2022,Delivered
PO-2022-04313,1/2/2022,SUP080,P00695,870,14.28,12426.85,3/1/2022,3/5/2022,Delivered
PO-2022-04314,12/16/2022,SUP109,P01672,296,21.37,6325.38,2/5/2023,2/10/2023,Delivered
PO-2022-04315,10/26/2022,SUP142,P01792,1655,9.63,15942.84,11/11/2022,11/17/2022,Delivered
PO-2022-04316,5/13/2023,SUP115,P00964,3643,25.8,93994.74,6/22/2023,6/18/2023,Delivered
PO-2022-04317,5/18/2023,SUP051,P00041,362,4.47,1618,6/16/2023,6/15/2023,Delivered
PO-2022-04318,5/8/2022,SUP021,P01988,4720,14.42,68074.12,5/20/2022,,Cancelled
PO-2022-04319,5/20/2022,SUP135,P00759,2379,7.44,17706.67,6/29/2022,6/27/2022,Delivered
PO-2022-04320,9/29/2023,SUP141,P00361,2279,27.52,62729.11,11/25/2023,12/2/2023,Delivered
PO-2022-04321,11/15/2022,SUP017,P00168,1161,30.56,35483.79,11/24/2022,,Pending
PO-2022-04322,9/24/2023,SUP073,P00834,1550,33.13,51350.34,10/15/2023,10/22/2023,Delivered
PO-2022-04323,3/16/2022,SUP144,P01289,342,21.51,7355.83,4/21/2022,4/21/2022,Delivered
PO-2022-04324,11/4/2022,SUP148,P01454,1096,18.03,19765.12,11/22/2022,12/1/2022,Delivered
PO-2022-04325,2/7/2022,SUP069,P01352,3601,33.37,120173.33,3/21/2022,,Cancelled
PO-2022-04326,11/25/2022,SUP070,P01438,2004,43.57,87310.06,12/29/2022,12/31/2022,Delivered
PO-2022-04327,12/30/2023,SUP024,P01955,4109,17.1,70263.77,2/15/2024,2/23/2024,Delivered
PO-2022-04328,1/21/2023,SUP104,P01496,2287,17.31,39590.98,2/21/2023,2/27/2023,Delivered
PO-2022-04329,12/8/2023,SUP095,P00097,4673,1.43,6677.29,12/25/2023,12/27/2023,Delivered
PO-2022-04330,2/10/2023,SUP021,P01044,684,22.87,15641.95,2/22/2023,3/3/2023,Delivered
PO-2022-04331,11/6/2022,SUP089,P01832,455,35.23,16031.71,12/20/2022,12/25/2022,Delivered
PO-2022-04332,10/25/2023,SUP128,P01339,944,21.47,20271.55,11/14/2023,11/10/2023,Delivered
PO-2022-04333,12/28/2022,SUP007,P01732,1387,33.1,45914.47,2/8/2023,2/11/2023,Delivered
PO-2022-04334,5/7/2023,SUP023,P01428,4854,19.25,93434.68,6/15/2023,6/10/2023,Delivered
PO-2022-04335,4/1/2023,SUP149,P01313,1404,44.63,62664.52,4/22/2023,4/27/2023,Delivered
PO-2022-04336,11/9/2022,SUP104,P01674,2112,9.72,20538.01,12/10/2022,12/13/2022,Delivered
PO-2022-04337,5/3/2022,SUP038,P00598,3734,10.23,38196.05,6/22/2022,6/17/2022,Delivered
PO-2022-04338,1/2/2022,SUP022,P01627,1714,14.44,24753.56,2/6/2022,2/10/2022,Delivered
PO-2022-04339,7/21/2022,SUP006,P00030,250,9.44,2360.04,9/1/2022,8/29/2022,Delivered
PO-2022-04340,8/25/2023,SUP033,P00466,2384,22.89,54571.61,9/10/2023,9/12/2023,Delivered
PO-2022-04341,5/31/2023,SUP058,P00536,3217,8.62,27728.69,6/10/2023,6/7/2023,Delivered
PO-2022-04342,9/3/2023,SUP124,P00276,2995,7.09,21231.77,10/3/2023,10/5/2023,Delivered
PO-2022-04343,10/29/2023,SUP016,P01426,2651,6.52,17293.96,11/20/2023,11/27/2023,Delivered
PO-2022-04344,5/28/2023,SUP043,P00375,4251,35.33,150203.35,7/4/2023,7/2/2023,Delivered
PO-2022-04345,6/8/2022,SUP091,P00591,4196,18.52,77719.2,7/16/2022,7/21/2022,Delivered
PO-2022-04346,4/29/2022,SUP132,P00227,4897,36.14,176973.65,5/7/2022,5/15/2022,Delivered
PO-2022-04347,5/23/2023,SUP062,P01845,2768,11.8,32660.29,6/25/2023,6/27/2023,Delivered
PO-2022-04348,4/2/2023,SUP138,P00920,685,49.25,33737.54,5/19/2023,,Cancelled
PO-2022-04349,8/11/2023,SUP074,P00695,3910,13.4,52408.48,9/26/2023,9/28/2023,Delivered
PO-2022-04350,7/9/2022,SUP020,P00744,3585,16.43,58894.78,7/27/2022,7/26/2022,Delivered
PO-2022-04351,8/14/2022,SUP093,P00562,2018,11.22,22641.78,9/30/2022,10/2/2022,Delivered
PO-2022-04352,7/22/2023,SUP014,P01385,4484,26.53,118948.35,9/19/2023,,Pending
PO-2022-04353,2/3/2022,SUP075,P01575,4836,46.09,222913.32,2/20/2022,2/15/2022,Delivered
PO-2022-04354,8/9/2022,SUP101,P00611,231,40.89,9445.01,9/12/2022,9/20/2022,Delivered
PO-2022-04355,3/11/2023,SUP096,P00804,3367,47.51,159958.91,3/25/2023,3/21/2023,Delivered
PO-2022-04356,7/23/2023,SUP125,P01216,2577,27.34,70461.67,8/27/2023,8/31/2023,Delivered
PO-2022-04357,4/30/2023,SUP096,P00360,1432,28.52,40846.37,5/14/2023,5/9/2023,Delivered
PO-2022-04358,2/15/2023,SUP005,P00243,1116,41.13,45896.53,3/31/2023,4/2/2023,Delivered
PO-2022-04359,4/5/2023,SUP117,P01854,3740,41.89,156653.86,5/4/2023,5/12/2023,Delivered
PO-2022-04360,11/24/2023,SUP039,P01982,3675,45.02,165450.45,1/20/2024,,Shipped
PO-2022-04361,5/28/2023,SUP075,P01640,354,51.9,18374.31,6/14/2023,6/11/2023,Delivered
PO-2022-04362,4/10/2022,SUP043,P00472,2304,45.61,105076.04,5/17/2022,,Shipped
PO-2022-04363,12/26/2022,SUP026,P00406,1812,35.33,64020.75,2/19/2023,2/27/2023,Delivered
PO-2022-04364,11/25/2022,SUP051,P01700,2236,32.85,73447.52,12/24/2022,,Cancelled
PO-2022-04365,4/7/2023,SUP014,P01129,2486,30.6,76082.16,6/5/2023,6/4/2023,Delivered
PO-2022-04366,5/17/2022,SUP114,P01186,4964,22.24,110423.24,7/10/2022,7/18/2022,Delivered
PO-2022-04367,4/27/2023,SUP106,P01269,4820,14.28,68818,5/7/2023,,Cancelled
PO-2022-04368,5/9/2023,SUP012,P00535,2778,12.31,34205.59,6/25/2023,6/29/2023,Delivered
PO-2022-04369,10/8/2023,SUP058,P01067,3312,28.28,93672.28,10/18/2023,10/13/2023,Delivered
PO-2022-04370,12/27/2022,SUP111,P00936,2442,27.84,67986.08,2/17/2023,2/19/2023,Delivered
PO-2022-04371,6/10/2022,SUP030,P00045,2946,48.83,143842.68,7/29/2022,8/4/2022,Delivered
PO-2022-04372,5/19/2023,SUP072,P00267,2546,8.79,22367.6,6/26/2023,6/29/2023,Delivered
PO-2022-04373,10/16/2022,SUP032,P01210,325,34.67,11268.47,12/5/2022,12/4/2022,Delivered
PO-2022-04374,5/13/2023,SUP023,P01027,4093,49.73,203555.98,6/21/2023,,Pending
PO-2022-04375,6/5/2023,SUP065,P00280,3119,35.01,109182.7,7/6/2023,7/13/2023,Delivered
PO-2022-04376,6/27/2022,SUP069,P00490,4632,4.04,18726.76,8/8/2022,8/13/2022,Delivered
PO-2022-04377,4/29/2023,SUP104,P00939,116,28.89,3351.14,5/30/2023,5/31/2023,Delivered
PO-2022-04378,3/28/2023,SUP101,P01968,3985,23.22,92543.92,5/1/2023,5/3/2023,Delivered
PO-2022-04379,4/11/2022,SUP094,P01930,569,27.07,15402.62,5/3/2022,,Cancelled
PO-2022-04380,7/31/2022,SUP128,P01884,2104,31.97,67254.49,8/20/2022,,Cancelled
PO-2022-04381,2/8/2023,SUP096,P01636,4822,46.77,225506.9,2/22/2023,2/26/2023,Delivered
PO-2022-04382,7/14/2023,SUP022,P01824,110,9.89,1087.85,8/18/2023,8/15/2023,Delivered
PO-2022-04383,2/5/2023,SUP011,P00744,2185,16.74,36571.39,2/13/2023,2/13/2023,Delivered
PO-2022-04384,9/11/2023,SUP027,P00910,4240,15.33,65004.07,10/29/2023,10/27/2023,Delivered
PO-2022-04385,12/10/2022,SUP133,P00423,4362,18.94,82597.59,1/8/2023,1/17/2023,Delivered
PO-2022-04386,2/27/2022,SUP120,P00059,2597,19.16,49749.24,3/24/2022,3/22/2022,Delivered
PO-2022-04387,4/13/2022,SUP005,P01835,2411,22.36,53909.82,5/27/2022,6/5/2022,Delivered
PO-2022-04388,8/17/2022,SUP035,P00865,2521,24.5,61776.98,10/11/2022,10/6/2022,Delivered
PO-2022-04389,10/2/2023,SUP120,P00493,393,42.43,16675.57,10/27/2023,10/26/2023,Delivered
PO-2022-04390,9/12/2022,SUP089,P00070,1525,3.07,4688.12,10/26/2022,10/26/2022,Delivered
PO-2022-04391,12/9/2023,SUP084,P01362,432,40.48,17485.51,12/31/2023,,Shipped
PO-2022-04392,2/15/2023,SUP048,P00890,1030,5.96,6143,3/29/2023,4/6/2023,Delivered
PO-2022-04393,3/20/2022,SUP017,P00472,4517,45.66,206255.87,3/29/2022,4/1/2022,Delivered
PO-2022-04394,4/9/2022,SUP073,P00494,2257,15.51,34995.35,4/30/2022,5/4/2022,Delivered
PO-2022-04395,7/29/2022,SUP112,P00154,632,10.72,6774.28,9/1/2022,9/5/2022,Delivered
PO-2022-04396,9/28/2023,SUP115,P00300,4536,10.16,46069.34,11/7/2023,11/5/2023,Delivered
PO-2022-04397,10/7/2022,SUP142,P01209,2158,6.83,14741.18,10/23/2022,10/27/2022,Delivered
PO-2022-04398,11/9/2023,SUP093,P01924,4426,19.91,88112.69,12/26/2023,12/23/2023,Delivered
PO-2022-04399,12/4/2022,SUP102,P01041,2020,43.89,88662.07,1/20/2023,1/23/2023,Delivered
PO-2022-04400,8/1/2022,SUP093,P01383,305,44.15,13465.85,9/17/2022,9/23/2022,Delivered
PO-2022-04401,8/31/2022,SUP117,P01883,2729,40.2,109702.52,9/29/2022,10/8/2022,Delivered
PO-2022-04402,10/6/2022,SUP072,P01732,4098,39.11,160289.94,11/13/2022,11/19/2022,Delivered
PO-2022-04403,4/5/2023,SUP149,P01552,2264,26.73,60513.82,4/26/2023,4/30/2023,Delivered
PO-2022-04404,3/3/2023,SUP005,P01204,1972,33.93,66901.11,4/16/2023,4/25/2023,Delivered
PO-2022-04405,10/2/2022,SUP034,P00490,1765,4.39,7753.61,11/6/2022,11/4/2022,Delivered
PO-2022-04406,3/28/2023,SUP032,P00982,4359,41.69,181738.63,5/17/2023,5/25/2023,Delivered
PO-2022-04407,5/9/2023,SUP012,P00441,4922,39.85,196136.5,6/25/2023,7/4/2023,Delivered
PO-2022-04408,5/10/2022,SUP007,P01195,1026,19.11,19607.51,6/21/2022,6/24/2022,Delivered
PO-2022-04409,3/25/2023,SUP087,P01757,2637,29.96,78992.15,4/19/2023,4/19/2023,Delivered
PO-2022-04410,8/13/2023,SUP097,P00380,4359,11.38,49620.09,9/15/2023,9/11/2023,Delivered
PO-2022-04411,4/21/2023,SUP051,P00825,2168,50.87,110293.54,5/20/2023,,Cancelled
PO-2022-04412,5/9/2022,SUP026,P00427,1150,35.33,40626.94,7/3/2022,7/4/2022,Delivered
PO-2022-04413,7/21/2023,SUP134,P00733,4351,20.36,88601.85,9/10/2023,9/8/2023,Delivered
PO-2022-04414,10/12/2022,SUP076,P01803,485,23.88,11582.43,11/7/2022,11/13/2022,Delivered
PO-2022-04415,12/13/2023,SUP128,P00727,1278,21.79,27851.32,1/2/2024,12/28/2023,Delivered
PO-2022-04416,6/27/2022,SUP081,P01014,2405,29.69,71402.95,8/16/2022,,Pending
PO-2022-04417,8/6/2023,SUP090,P00400,2951,26.5,78188.54,8/23/2023,8/20/2023,Delivered
PO-2022-04418,12/20/2023,SUP114,P00771,1829,47.91,87626.52,2/12/2024,,Pending
PO-2022-04419,10/19/2022,SUP056,P01505,2061,32.94,67897.89,11/11/2022,,Cancelled
PO-2022-04420,9/20/2023,SUP016,P00890,4922,5.42,26656.69,10/12/2023,10/10/2023,Delivered
PO-2022-04421,7/20/2023,SUP056,P00475,3046,9.25,28175.74,8/12/2023,8/17/2023,Delivered
PO-2022-04422,9/16/2023,SUP111,P01984,1982,12.33,24445.54,11/7/2023,,Cancelled
PO-2022-04423,9/14/2023,SUP128,P00382,3692,12.81,47306.18,10/4/2023,,Pending
PO-2022-04424,1/5/2023,SUP084,P00149,2304,15.68,36116.05,1/27/2023,1/31/2023,Delivered
PO-2022-04425,8/19/2023,SUP110,P01863,3596,8.91,32036.1,10/11/2023,10/18/2023,Delivered
PO-2022-04426,7/9/2023,SUP008,P01493,3416,3.87,13213.51,8/2/2023,8/6/2023,Delivered
PO-2022-04427,5/12/2023,SUP059,P00489,3960,1.34,5310.77,5/31/2023,6/4/2023,Delivered
PO-2022-04428,8/13/2022,SUP063,P01363,3692,42.41,156594.48,9/8/2022,9/6/2022,Delivered
PO-2022-04429,6/13/2022,SUP142,P00081,1770,28.25,49997.93,6/29/2022,7/7/2022,Delivered
PO-2022-04430,7/21/2022,SUP113,P01847,2903,21.95,63726.86,8/24/2022,8/19/2022,Delivered
PO-2022-04431,12/24/2023,SUP056,P01932,681,19.75,13447.48,1/16/2024,1/15/2024,Delivered
PO-2022-04432,5/1/2023,SUP086,P01586,2784,35.27,98193.99,6/5/2023,6/7/2023,Delivered
PO-2022-04433,11/16/2023,SUP088,P01956,1398,5.73,8013.77,1/6/2024,,Shipped
PO-2022-04434,3/16/2023,SUP030,P00708,3835,44.9,172203.34,5/4/2023,4/30/2023,Delivered
PO-2022-04435,1/22/2022,SUP077,P01043,2656,42.49,112858.1,3/12/2022,3/14/2022,Delivered
PO-2022-04436,3/5/2023,SUP041,P00407,2571,11.8,30342.01,4/4/2023,4/13/2023,Delivered
PO-2022-04437,10/14/2023,SUP075,P01604,3095,10.79,33402.49,10/31/2023,11/4/2023,Delivered
PO-2022-04438,1/11/2023,SUP138,P00056,116,26.36,3058.29,2/27/2023,3/3/2023,Delivered
PO-2022-04439,3/9/2023,SUP026,P01324,3409,16.3,55551.63,5/3/2023,,Shipped
PO-2022-04440,2/4/2023,SUP115,P00810,4872,28.8,140321.57,3/16/2023,,Cancelled
PO-2022-04441,3/26/2023,SUP129,P01185,3276,3.85,12617.04,4/5/2023,4/4/2023,Delivered
PO-2022-04442,12/17/2023,SUP044,P00904,3225,6.49,20924.87,2/4/2024,2/6/2024,Delivered
PO-2022-04443,9/28/2023,SUP134,P01358,1387,13.11,18188.84,11/18/2023,11/25/2023,Delivered
PO-2022-04444,7/18/2022,SUP095,P00174,4412,8.85,39065.85,8/4/2022,8/12/2022,Delivered
PO-2022-04445,3/19/2022,SUP074,P01578,2723,14.51,39502.84,5/4/2022,5/8/2022,Delivered
PO-2022-04446,1/7/2022,SUP007,P01004,4829,43.9,211992.25,2/18/2022,,Pending
PO-2022-04447,9/11/2022,SUP093,P01204,1850,31.36,58020.77,10/28/2022,,Cancelled
PO-2022-04448,8/31/2023,SUP068,P00568,705,7.33,5168.27,10/4/2023,10/6/2023,Delivered
PO-2022-04449,4/11/2023,SUP141,P01178,4546,24.86,113029.13,6/7/2023,6/15/2023,Delivered
PO-2022-04450,5/26/2022,SUP011,P01316,1596,25.95,41417.16,6/3/2022,6/2/2022,Delivered
PO-2022-04451,6/28/2022,SUP074,P01617,4272,3.91,16708.28,8/13/2022,8/9/2022,Delivered
PO-2022-04452,7/22/2023,SUP106,P01806,687,41.3,28370,8/1/2023,8/9/2023,Delivered
PO-2022-04453,6/22/2023,SUP122,P00722,1904,4.99,9496.62,7/13/2023,7/8/2023,Delivered
PO-2022-04454,6/1/2023,SUP061,P00144,2811,34.06,95735.32,7/23/2023,7/30/2023,Delivered
PO-2022-04455,4/20/2023,SUP083,P00818,2876,16.47,47354.87,5/25/2023,5/31/2023,Delivered
PO-2022-04456,6/27/2022,SUP134,P01315,533,35.26,18792.61,8/17/2022,8/21/2022,Delivered
PO-2022-04457,5/4/2023,SUP046,P01192,1284,26.77,34370.71,6/9/2023,,Pending
PO-2022-04458,11/26/2022,SUP149,P01196,2617,32.23,84349.82,12/17/2022,,Shipped
PO-2022-04459,4/30/2022,SUP021,P00808,346,12.99,4496,5/12/2022,5/15/2022,Delivered
PO-2022-04460,11/28/2023,SUP140,P00342,207,38.63,7995.47,1/15/2024,1/13/2024,Delivered
PO-2022-04461,10/29/2022,SUP005,P01131,4780,39.59,189235.41,12/12/2022,12/16/2022,Delivered
PO-2022-04462,9/1/2023,SUP040,P01373,2741,34.8,95379.44,10/16/2023,10/16/2023,Delivered
PO-2022-04463,8/24/2022,SUP138,P00211,385,26.5,10201.78,10/10/2022,10/7/2022,Delivered
PO-2022-04464,12/11/2022,SUP012,P00819,2466,40.23,99198.6,1/27/2023,,Pending
PO-2022-04465,11/26/2023,SUP085,P00635,4140,17.94,74269.53,1/18/2024,1/13/2024,Delivered
PO-2022-04466,10/17/2022,SUP106,P00446,1579,32.31,51016.35,10/27/2022,11/4/2022,Delivered
PO-2022-04467,1/11/2023,SUP073,P00328,4544,3.35,15199.74,2/1/2023,,Pending
PO-2022-04468,8/30/2023,SUP033,P00611,4135,41.44,171351.01,9/15/2023,9/10/2023,Delivered
PO-2022-04469,1/18/2022,SUP134,P01842,4963,15.54,77126.62,3/10/2022,3/10/2022,Delivered
PO-2022-04470,12/6/2023,SUP053,P01827,2383,35.77,85242.4,1/15/2024,1/15/2024,Delivered
PO-2022-04471,11/26/2023,SUP030,P01676,359,27.91,10018.8,1/14/2024,1/19/2024,Delivered
PO-2022-04472,7/18/2023,SUP091,P00410,3661,42.81,156718.98,8/25/2023,8/30/2023,Delivered
PO-2022-04473,4/7/2022,SUP134,P00183,3498,1.96,6845.59,5/28/2022,5/27/2022,Delivered
PO-2022-04474,1/13/2023,SUP094,P01698,1258,17.03,21420.87,2/4/2023,2/5/2023,Delivered
PO-2022-04475,8/16/2023,SUP102,P00743,3260,41.21,134342.37,10/2/2023,10/7/2023,Delivered
PO-2022-04476,1/17/2022,SUP129,P01266,1667,4.33,7211.5,1/27/2022,1/30/2022,Delivered
PO-2022-04477,6/17/2023,SUP100,P00478,4805,20.86,100253.04,6/27/2023,7/2/2023,Delivered
PO-2022-04478,5/23/2023,SUP016,P01287,4904,22.29,109311.9,6/14/2023,6/22/2023,Delivered
PO-2022-04479,2/13/2023,SUP132,P00682,185,31.51,5829.98,2/21/2023,2/27/2023,Delivered
PO-2022-04480,12/1/2023,SUP130,P01685,3988,42.01,167549.44,12/21/2023,12/20/2023,Delivered
PO-2022-04481,7/4/2023,SUP139,P01155,4366,13.79,60212.98,8/2/2023,,Pending
PO-2022-04482,5/26/2023,SUP092,P00570,4732,24.04,113743.93,6/15/2023,6/14/2023,Delivered
PO-2022-04483,5/30/2022,SUP136,P01881,3792,37.95,143907.64,6/11/2022,6/17/2022,Delivered
PO-2022-04484,6/17/2023,SUP125,P01436,3423,24.84,85010.95,7/22/2023,,Cancelled
PO-2022-04485,3/12/2023,SUP072,P00991,1821,16.78,30547.39,4/19/2023,4/23/2023,Delivered
PO-2022-04486,11/22/2022,SUP017,P00687,318,40.23,12794.7,12/1/2022,12/1/2022,Delivered
PO-2022-04487,10/21/2022,SUP017,P00326,3797,6.74,25586.84,10/30/2022,11/1/2022,Delivered
PO-2022-04488,8/21/2023,SUP101,P01710,905,44.31,40104.51,9/24/2023,9/26/2023,Delivered
PO-2022-04489,3/10/2022,SUP054,P01891,4608,18.25,84105.64,4/27/2022,5/3/2022,Delivered
PO-2022-04490,5/19/2022,SUP008,P01340,4099,46.62,191094.66,6/12/2022,,Pending
PO-2022-04491,4/28/2022,SUP135,P01911,4534,23.81,107974.2,6/7/2022,6/14/2022,Delivered
PO-2022-04492,4/7/2023,SUP092,P00676,3913,37.83,148019.26,4/27/2023,5/6/2023,Delivered
PO-2022-04493,7/17/2023,SUP057,P01758,4818,41.92,201992.62,9/1/2023,8/31/2023,Delivered
PO-2022-04494,10/29/2023,SUP086,P00346,2412,21.19,51117.1,12/3/2023,12/10/2023,Delivered
PO-2022-04495,7/10/2023,SUP104,P01122,2983,10.52,31371.12,8/10/2023,8/5/2023,Delivered
PO-2022-04496,1/11/2022,SUP147,P01318,1082,31.09,33639.33,3/7/2022,,Cancelled
PO-2022-04497,5/13/2022,SUP024,P01578,3132,15.11,47309.17,6/29/2022,7/4/2022,Delivered
PO-2022-04498,8/9/2022,SUP076,P00805,2324,17.99,41805.08,9/4/2022,9/2/2022,Delivered
PO-2022-04499,10/10/2023,SUP124,P01015,4841,39.59,191651.84,11/9/2023,11/12/2023,Delivered
PO-2022-04500,7/27/2023,SUP063,P01669,2529,12.9,32635.29,8/22/2023,8/27/2023,Delivered
PO-2022-04501,2/4/2022,SUP011,P01627,120,16.71,2004.98,2/12/2022,2/14/2022,Delivered
PO-2022-04502,1/18/2023,SUP025,P01063,1690,39.25,66332.72,2/14/2023,,Shipped
PO-2022-04503,1/19/2023,SUP055,P00679,4088,41.07,167910.54,3/5/2023,3/2/2023,Delivered
PO-2022-04504,11/24/2023,SUP062,P00232,185,25.72,4757.67,12/27/2023,,Cancelled
PO-2022-04505,9/30/2023,SUP067,P01244,687,21.46,14745.97,11/23/2023,11/24/2023,Delivered
PO-2022-04506,9/30/2023,SUP122,P00999,4779,9.08,43410.49,10/21/2023,10/22/2023,Delivered
PO-2022-04507,3/13/2022,SUP099,P00353,909,19.31,17549.63,4/8/2022,4/8/2022,Delivered
PO-2022-04508,1/21/2023,SUP149,P00206,825,9.14,7537.74,2/11/2023,2/8/2023,Delivered
PO-2022-04509,2/17/2023,SUP067,P00969,962,15.22,14639.34,4/12/2023,4/17/2023,Delivered
PO-2022-04510,5/9/2022,SUP066,P00366,2609,7.33,19120.58,6/15/2022,6/17/2022,Delivered
PO-2022-04511,11/28/2022,SUP022,P00546,1281,32.53,41674.93,1/2/2023,1/6/2023,Delivered
PO-2022-04512,11/19/2022,SUP096,P00173,4235,1.91,8092.98,12/3/2022,12/12/2022,Delivered
PO-2022-04513,8/31/2022,SUP095,P01693,2821,20.01,56446.93,9/17/2022,9/19/2022,Delivered
PO-2022-04514,5/31/2022,SUP107,P00247,830,33.73,27993.15,6/9/2022,6/4/2022,Delivered
PO-2022-04515,2/19/2023,SUP110,P00079,2675,14.54,38883.59,4/13/2023,4/10/2023,Delivered
PO-2022-04516,6/28/2023,SUP119,P00219,3271,38.25,125122.25,7/29/2023,7/27/2023,Delivered
PO-2022-04517,9/22/2023,SUP128,P01928,106,31.38,3326.32,10/12/2023,10/15/2023,Delivered
PO-2022-04518,2/11/2022,SUP054,P00096,2393,16.56,39618.27,3/31/2022,4/1/2022,Delivered
PO-2022-04519,6/2/2022,SUP018,P01969,3593,37.88,136120.78,6/28/2022,6/23/2022,Delivered
PO-2022-04520,11/14/2022,SUP124,P01236,2307,41.22,95086.23,12/14/2022,12/15/2022,Delivered
PO-2022-04521,3/23/2023,SUP085,P00975,1385,33.84,46874.71,5/15/2023,5/16/2023,Delivered
PO-2022-04522,9/5/2022,SUP130,P00288,4739,6.81,32250.75,9/25/2022,10/4/2022,Delivered
PO-2022-04523,1/13/2022,SUP077,P00533,3616,20.46,73977.89,3/3/2022,3/8/2022,Delivered
PO-2022-04524,2/10/2023,SUP137,P01568,3852,11.81,45485.83,2/27/2023,2/22/2023,Delivered
PO-2022-04525,5/3/2023,SUP109,P00702,354,14.09,4986.44,6/23/2023,6/23/2023,Delivered
PO-2022-04526,4/10/2023,SUP052,P01838,1995,11.24,22420.22,6/7/2023,6/6/2023,Delivered
PO-2022-04527,7/9/2023,SUP007,P01766,2191,5.6,12269.62,8/20/2023,8/24/2023,Delivered
PO-2022-04528,8/12/2023,SUP051,P01999,1328,43.85,58232.31,9/10/2023,9/14/2023,Delivered
PO-2022-04529,5/16/2023,SUP056,P01217,432,50.94,22006.13,6/8/2023,,Cancelled
PO-2022-04530,8/4/2022,SUP048,P01385,2890,28.14,81315.94,9/15/2022,9/19/2022,Delivered
PO-2022-04531,9/9/2023,SUP067,P01921,3823,26.83,102557.85,11/2/2023,11/7/2023,Delivered
PO-2022-04532,8/21/2022,SUP065,P00038,3617,42.57,153968.7,9/21/2022,,Cancelled
PO-2022-04533,7/24/2023,SUP019,P01589,4200,43.94,184533.26,9/9/2023,9/6/2023,Delivered
PO-2022-04534,11/17/2023,SUP074,P00387,4090,34.57,141388.35,1/2/2024,12/28/2023,Delivered
PO-2022-04535,9/7/2022,SUP121,P01001,4080,46.88,191287.84,9/24/2022,9/29/2022,Delivered
PO-2022-04536,10/9/2022,SUP025,P01144,3424,46.19,158151.44,11/5/2022,,Cancelled
PO-2022-04537,10/30/2022,SUP068,P00174,1383,8.71,12042.04,12/3/2022,12/6/2022,Delivered
PO-2022-04538,1/3/2022,SUP086,P01401,3864,35.26,136238.39,2/7/2022,2/4/2022,Delivered
PO-2022-04539,12/26/2023,SUP001,P00696,3934,18.82,74046.16,2/4/2024,2/11/2024,Delivered
PO-2022-04540,6/14/2023,SUP094,P01244,1112,23.77,26429.14,7/6/2023,7/5/2023,Delivered
PO-2022-04541,10/3/2023,SUP024,P00814,1825,7.22,13179.21,11/19/2023,,Shipped
PO-2022-04542,7/4/2023,SUP051,P00347,4621,35.48,163949.11,8/2/2023,8/9/2023,Delivered
PO-2022-04543,4/6/2022,SUP007,P00819,4932,41.72,205763.95,5/18/2022,5/19/2022,Delivered
PO-2022-04544,8/11/2023,SUP066,P01393,3768,14.11,53179.74,9/17/2023,9/21/2023,Delivered
PO-2022-04545,10/22/2022,SUP070,P00642,384,19.65,7545.15,11/25/2022,11/23/2022,Delivered
PO-2022-04546,10/21/2022,SUP007,P00542,2362,23.34,55121.02,12/2/2022,11/30/2022,Delivered
PO-2022-04547,6/19/2022,SUP004,P01748,2408,9.97,24006.83,7/21/2022,7/24/2022,Delivered
PO-2022-04548,7/20/2023,SUP115,P01496,3998,15.64,62547.25,8/29/2023,8/29/2023,Delivered
PO-2022-04549,1/24/2022,SUP125,P01775,2625,1.12,2928.29,2/28/2022,3/3/2022,Delivered
PO-2022-04550,11/19/2022,SUP096,P00092,476,8.29,3946.5,12/3/2022,12/1/2022,Delivered
PO-2022-04551,8/13/2023,SUP048,P01147,2947,36.52,107614.85,9/24/2023,9/20/2023,Delivered
PO-2022-04552,6/3/2023,SUP023,P01722,1018,40.98,41721.88,7/12/2023,7/9/2023,Delivered
PO-2022-04553,8/15/2022,SUP145,P01477,3240,42.52,137754.19,10/3/2022,10/3/2022,Delivered
PO-2022-04554,11/29/2022,SUP139,P01366,2464,48.64,119857.78,12/28/2022,12/30/2022,Delivered
PO-2022-04555,8/15/2023,SUP104,P00075,875,29.73,26011.66,9/15/2023,9/13/2023,Delivered
PO-2022-04556,3/25/2023,SUP007,P00889,2013,15.64,31487.99,5/6/2023,,Pending
PO-2022-04557,5/27/2022,SUP067,P00454,1448,30.58,44274.01,7/20/2022,,Pending
PO-2022-04558,4/19/2023,SUP020,P00827,4344,43.5,188947.73,5/7/2023,5/2/2023,Delivered
PO-2022-04559,6/9/2022,SUP062,P00266,4742,18.47,87598.89,7/12/2022,7/20/2022,Delivered
PO-2022-04560,9/1/2022,SUP010,P01181,3754,34.59,129869.02,10/20/2022,10/23/2022,Delivered
PO-2022-04561,11/19/2022,SUP051,P01652,3633,44.91,163157.21,12/18/2022,12/21/2022,Delivered
PO-2022-04562,9/1/2022,SUP064,P01167,2666,30.97,82577.52,10/29/2022,,Shipped
PO-2022-04563,2/8/2022,SUP078,P00483,4220,42.82,180715.77,3/26/2022,3/30/2022,Delivered
PO-2022-04564,9/24/2022,SUP034,P00678,985,31.41,30941.4,10/29/2022,11/1/2022,Delivered
PO-2022-04565,3/24/2023,SUP022,P01595,2744,32.1,88088.4,4/28/2023,,Pending
PO-2022-04566,2/10/2022,SUP088,P01709,3856,18.16,70020.93,4/2/2022,4/3/2022,Delivered
PO-2022-04567,2/20/2023,SUP070,P01016,3896,40.2,156630.58,3/26/2023,4/4/2023,Delivered
PO-2022-04568,12/13/2022,SUP124,P00362,3059,3.9,11928.13,1/12/2023,1/13/2023,Delivered
PO-2022-04569,8/22/2023,SUP008,P01411,1030,35.63,36694.53,9/15/2023,9/24/2023,Delivered
PO-2022-04570,8/9/2022,SUP094,P01594,1220,36.4,44408.51,8/31/2022,8/31/2022,Delivered
PO-2022-04571,1/6/2023,SUP147,P00018,1307,39.41,51503.63,3/2/2023,3/10/2023,Delivered
PO-2022-04572,6/12/2022,SUP044,P00179,1183,11.57,13681.74,7/31/2022,7/29/2022,Delivered
PO-2022-04573,12/16/2023,SUP046,P00438,628,45.74,28726.18,1/21/2024,1/22/2024,Delivered
PO-2022-04574,11/27/2023,SUP126,P01794,730,23.72,17312.91,12/31/2023,1/6/2024,Delivered
PO-2022-04575,7/26/2022,SUP007,P00834,3873,35.76,138480.52,9/6/2022,9/2/2022,Delivered
PO-2022-04576,8/29/2023,SUP040,P01827,1957,38.17,74700.02,10/13/2023,10/11/2023,Delivered
PO-2022-04577,7/6/2022,SUP022,P00275,3819,34.47,131644.71,8/10/2022,8/6/2022,Delivered
PO-2022-04578,10/12/2022,SUP053,P01523,3079,5.82,17927.36,11/21/2022,11/23/2022,Delivered
PO-2022-04579,9/14/2022,SUP141,P01968,2504,21.97,55012.81,11/10/2022,11/17/2022,Delivered
PO-2022-04580,1/3/2023,SUP017,P00179,4283,12.95,55472.17,1/12/2023,1/8/2023,Delivered
PO-2022-04581,11/28/2023,SUP082,P00054,420,29.39,12345.26,1/21/2024,1/19/2024,Delivered
PO-2022-04582,8/18/2022,SUP038,P01777,431,1.27,546.85,10/7/2022,,Shipped
PO-2022-04583,9/17/2023,SUP090,P00148,1832,48.01,87961.97,10/4/2023,10/6/2023,Delivered
PO-2022-04584,7/5/2022,SUP039,P01568,4496,12.14,54601.38,8/31/2022,9/6/2022,Delivered
PO-2022-04585,6/26/2022,SUP038,P00144,622,34.33,21354.93,8/15/2022,8/21/2022,Delivered
PO-2022-04586,4/30/2023,SUP061,P01461,294,2.71,797.89,6/21/2023,6/25/2023,Delivered
PO-2022-04587,4/10/2022,SUP124,P00380,2971,10.48,31144.89,5/10/2022,5/7/2022,Delivered
PO-2022-04588,2/15/2023,SUP119,P00976,2875,42.4,121911.09,3/18/2023,3/24/2023,Delivered
PO-2022-04589,10/25/2022,SUP025,P00996,4491,8.03,36044.33,11/21/2022,11/24/2022,Delivered
PO-2022-04590,5/22/2022,SUP114,P01909,1926,44.39,85493.56,7/15/2022,7/12/2022,Delivered
PO-2022-04591,1/30/2023,SUP074,P01093,460,42.99,19777.09,3/17/2023,,Pending
PO-2022-04592,8/1/2023,SUP046,P01816,4456,31,138116.83,9/6/2023,9/5/2023,Delivered
PO-2022-04593,3/9/2022,SUP135,P01417,4597,40.12,184430.94,4/18/2022,4/25/2022,Delivered
PO-2022-04594,11/19/2023,SUP058,P01962,943,27.36,25800.21,11/29/2023,11/25/2023,Delivered
PO-2022-04595,2/23/2023,SUP111,P00262,864,48.55,41945.39,4/16/2023,4/18/2023,Delivered
PO-2022-04596,8/24/2022,SUP024,P01093,1704,38.99,66445.74,10/10/2022,10/15/2022,Delivered
PO-2022-04597,6/15/2023,SUP109,P01533,2529,37.06,93735.4,8/5/2023,,Cancelled
PO-2022-04598,8/31/2022,SUP046,P01697,2586,31.34,81037.02,10/6/2022,,Cancelled
PO-2022-04599,12/8/2023,SUP023,P01189,2789,3.51,9798.61,1/16/2024,1/21/2024,Delivered
PO-2022-04600,4/6/2022,SUP108,P00370,4965,10.28,51054.69,5/5/2022,5/1/2022,Delivered
PO-2022-04601,12/1/2022,SUP138,P01169,1177,25.5,30015.68,1/17/2023,1/13/2023,Delivered
PO-2022-04602,10/17/2023,SUP024,P01300,1984,9.79,19427.61,12/3/2023,11/29/2023,Delivered
PO-2022-04603,10/26/2022,SUP023,P00816,2469,8.14,20096.76,12/4/2022,12/2/2022,Delivered
PO-2022-04604,9/21/2022,SUP118,P00439,3938,51.1,201226.38,11/11/2022,11/15/2022,Delivered
PO-2022-04605,9/15/2023,SUP117,P01822,3010,10.81,32532.77,10/14/2023,10/17/2023,Delivered
PO-2022-04606,11/28/2023,SUP068,P00774,4314,42.13,181738.94,1/1/2024,12/31/2023,Delivered
PO-2022-04607,11/13/2022,SUP101,P01576,3263,25.48,83145.49,12/17/2022,12/23/2022,Delivered
PO-2022-04608,10/10/2023,SUP071,P00855,4046,13.68,55358.66,11/2/2023,11/11/2023,Delivered
PO-2022-04609,11/20/2023,SUP092,P00672,793,32.5,25774.44,12/10/2023,12/7/2023,Delivered
PO-2022-04610,7/3/2023,SUP019,P00976,883,43.04,38003.76,8/19/2023,8/22/2023,Delivered
PO-2022-04611,4/4/2022,SUP058,P01762,2321,27.53,63893.99,4/14/2022,4/20/2022,Delivered
PO-2022-04612,10/26/2023,SUP063,P00695,4829,14.07,67936.91,11/21/2023,11/29/2023,Delivered
PO-2022-04613,8/22/2023,SUP024,P01902,3522,23.75,83664.36,10/8/2023,10/13/2023,Delivered
PO-2022-04614,9/21/2022,SUP056,P01512,4320,44.5,192240.46,10/14/2022,10/16/2022,Delivered
PO-2022-04615,9/13/2023,SUP134,P00348,2012,10.34,20794.23,11/3/2023,11/8/2023,Delivered
PO-2022-04616,7/28/2023,SUP103,P01745,457,3.37,1540.25,9/23/2023,10/2/2023,Delivered
PO-2022-04617,11/27/2022,SUP019,P00135,919,10.09,9276.47,1/13/2023,1/17/2023,Delivered
PO-2022-04618,7/23/2023,SUP108,P00522,2607,16.74,43642.61,8/21/2023,8/20/2023,Delivered
PO-2022-04619,9/24/2023,SUP109,P01519,4734,5.44,25737.97,11/14/2023,11/9/2023,Delivered
PO-2022-04620,10/23/2023,SUP023,P01843,327,41.3,13504.47,12/1/2023,12/5/2023,Delivered
PO-2022-04621,8/8/2022,SUP022,P00424,3560,17.94,63877.31,9/12/2022,9/15/2022,Delivered
PO-2022-04622,1/3/2023,SUP138,P01967,3269,15.57,50904.11,2/19/2023,,Pending
PO-2022-04623,9/29/2022,SUP071,P00596,2732,23.57,64405.43,10/22/2022,10/19/2022,Delivered
PO-2022-04624,2/16/2022,SUP054,P00801,821,45.14,37063.83,4/5/2022,4/9/2022,Delivered
PO-2022-04625,3/21/2023,SUP112,P01662,1191,22.7,27034.66,4/24/2023,4/19/2023,Delivered
PO-2022-04626,8/19/2023,SUP046,P01224,1671,32.48,54275.74,9/24/2023,9/28/2023,Delivered
PO-2022-04627,5/23/2023,SUP090,P00020,1978,18.91,37413.69,6/9/2023,6/7/2023,Delivered
PO-2022-04628,1/16/2022,SUP030,P00301,4360,12.99,56647.36,3/6/2022,3/9/2022,Delivered
PO-2022-04629,12/19/2022,SUP094,P01851,1120,25.21,28237.49,1/10/2023,1/11/2023,Delivered
PO-2022-04630,1/9/2022,SUP026,P01648,1420,19.9,28264.22,3/5/2022,,Shipped
PO-2022-04631,6/19/2022,SUP077,P01135,3260,4.48,14590.41,8/7/2022,8/16/2022,Delivered
PO-2022-04632,9/28/2022,SUP020,P00544,289,20.27,5859.26,10/16/2022,10/24/2022,Delivered
PO-2022-04633,5/1/2023,SUP038,P01878,1587,32.99,52348.84,6/20/2023,6/29/2023,Delivered
PO-2022-04634,2/4/2023,SUP087,P00552,1013,23.58,23882.66,3/1/2023,3/3/2023,Delivered
PO-2022-04635,3/23/2022,SUP121,P01302,4576,12.63,57781,4/9/2022,4/10/2022,Delivered
PO-2022-04636,7/3/2022,SUP047,P01962,2081,26.35,54836.57,7/27/2022,7/23/2022,Delivered
PO-2022-04637,8/21/2022,SUP060,P00704,4196,4.39,18403.09,10/1/2022,9/30/2022,Delivered
PO-2022-04638,10/10/2022,SUP019,P00831,1309,4,5234.98,11/26/2022,11/26/2022,Delivered
PO-2022-04639,4/19/2023,SUP131,P01858,2879,28.64,82445.6,6/2/2023,5/31/2023,Delivered
PO-2022-04640,9/4/2022,SUP012,P01308,656,42.02,27566.63,10/21/2022,10/16/2022,Delivered
PO-2022-04641,6/8/2022,SUP012,P00292,1926,36.48,70258.95,7/25/2022,7/31/2022,Delivered
PO-2022-04642,5/4/2022,SUP018,P01895,1852,26.61,49273.64,5/30/2022,5/26/2022,Delivered
PO-2022-04643,4/2/2023,SUP048,P00531,4920,26.68,131248.83,5/14/2023,5/17/2023,Delivered
PO-2022-04644,11/6/2023,SUP002,P01523,4713,6.28,29585.39,11/30/2023,11/26/2023,Delivered
PO-2022-04645,4/24/2023,SUP145,P00575,4607,12.13,55868.46,6/12/2023,6/17/2023,Delivered
PO-2022-04646,12/12/2023,SUP042,P00763,2655,42.48,112785.63,1/15/2024,1/23/2024,Delivered
PO-2022-04647,9/2/2023,SUP070,P01419,4180,23.17,96861.47,10/6/2023,10/10/2023,Delivered
PO-2022-04648,7/4/2023,SUP146,P00518,858,18.3,15701.58,8/3/2023,8/3/2023,Delivered
PO-2022-04649,4/25/2022,SUP117,P01508,866,24.64,21334.62,5/24/2022,5/20/2022,Delivered
PO-2022-04650,6/24/2022,SUP061,P01043,2058,43.14,88779.13,8/15/2022,8/23/2022,Delivered
PO-2022-04651,10/19/2022,SUP053,P00687,1576,39.89,62865.98,11/28/2022,11/28/2022,Delivered
PO-2022-04652,11/16/2022,SUP025,P00637,4906,52.33,256715.37,12/13/2022,,Cancelled
PO-2022-04653,11/25/2023,SUP051,P00588,4314,13.59,58614.64,12/24/2023,12/19/2023,Delivered
PO-2022-04654,1/6/2022,SUP062,P00066,4177,18.88,78861.31,2/8/2022,2/7/2022,Delivered
PO-2022-04655,11/4/2023,SUP140,P00660,3641,43.38,157952.7,12/22/2023,12/18/2023,Delivered
PO-2022-04656,8/8/2023,SUP106,P01750,2173,22.86,49685.55,8/18/2023,8/21/2023,Delivered
PO-2022-04657,6/26/2022,SUP030,P01985,1412,33.26,46959.08,8/14/2022,8/16/2022,Delivered
PO-2022-04658,6/15/2023,SUP024,P00999,3517,8.64,30386.25,8/1/2023,,Shipped
PO-2022-04659,10/20/2022,SUP031,P00256,1878,46.9,88075.82,12/13/2022,12/8/2022,Delivered
PO-2022-04660,2/5/2023,SUP010,P01590,1314,26.87,35303.52,3/26/2023,3/23/2023,Delivered
PO-2022-04661,11/18/2022,SUP052,P01095,973,26.08,25378.01,1/15/2023,1/17/2023,Delivered
PO-2022-04662,4/1/2023,SUP101,P01434,4496,27.51,123673.46,5/5/2023,5/4/2023,Delivered
PO-2022-04663,4/12/2022,SUP011,P01065,2517,10.92,27477.44,4/20/2022,,Cancelled
PO-2022-04664,6/7/2023,SUP070,P01010,3878,18.43,71461.92,7/11/2023,7/6/2023,Delivered
PO-2022-04665,5/17/2023,SUP105,P00341,2419,15.44,37350.25,7/15/2023,7/12/2023,Delivered
PO-2022-04666,8/6/2023,SUP036,P00211,3148,26.18,82408.35,9/25/2023,9/26/2023,Delivered
PO-2022-04667,6/25/2023,SUP006,P00935,4328,20.41,88314.98,8/6/2023,8/2/2023,Delivered
PO-2022-04668,11/11/2022,SUP026,P01667,1963,26.88,52768.72,1/5/2023,1/6/2023,Delivered
PO-2022-04669,11/22/2022,SUP077,P00844,1170,20.38,23840.82,1/10/2023,1/7/2023,Delivered
PO-2022-04670,2/1/2023,SUP052,P01440,3041,39.08,118843.56,3/31/2023,4/2/2023,Delivered
PO-2022-04671,8/21/2022,SUP145,P00643,1110,35.39,39279.74,10/9/2022,10/11/2022,Delivered
PO-2022-04672,8/5/2022,SUP105,P00358,285,15.71,4478.19,10/3/2022,,Cancelled
PO-2022-04673,11/10/2023,SUP057,P01185,4479,3.81,17085.59,12/26/2023,12/24/2023,Delivered
PO-2022-04674,8/19/2022,SUP145,P00388,834,7.46,6221.31,10/7/2022,10/8/2022,Delivered
PO-2022-04675,8/20/2023,SUP072,P01076,1961,46.7,91574.52,9/27/2023,9/27/2023,Delivered
PO-2022-04676,9/24/2022,SUP057,P01879,1233,7.35,9059.18,11/9/2022,11/16/2022,Delivered
PO-2022-04677,6/15/2022,SUP004,P01998,3856,31.52,121542.9,7/17/2022,,Pending
PO-2022-04678,12/7/2023,SUP022,P00268,2185,27.65,60418.3,1/11/2024,1/15/2024,Delivered
PO-2022-04679,7/18/2022,SUP047,P00005,1555,10.22,15890.57,8/11/2022,,Shipped
PO-2022-04680,3/11/2023,SUP148,P01829,2528,18.17,45937.76,3/29/2023,3/27/2023,Delivered
PO-2022-04681,12/31/2022,SUP121,P01204,2215,33.23,73595.18,1/17/2023,,Pending
PO-2022-04682,9/16/2022,SUP139,P01961,4185,23.21,97140.39,10/15/2022,10/18/2022,Delivered
PO-2022-04683,6/4/2023,SUP010,P00888,4596,11.34,52115.63,7/23/2023,7/23/2023,Delivered
PO-2022-04684,10/1/2022,SUP124,P00431,638,30.17,19249.83,10/31/2022,10/27/2022,Delivered
PO-2022-04685,9/13/2022,SUP110,P00147,1001,35.44,35476.46,11/5/2022,11/12/2022,Delivered
PO-2022-04686,2/27/2023,SUP110,P01856,4259,10.83,46133.8,4/21/2023,4/16/2023,Delivered
PO-2022-04687,1/7/2022,SUP147,P01025,3432,47.18,161915.87,3/3/2022,3/4/2022,Delivered
PO-2022-04688,12/25/2022,SUP054,P00596,326,23.37,7617.89,2/11/2023,,Shipped
PO-2022-04689,9/4/2022,SUP057,P00017,2451,31.38,76915.78,10/20/2022,,Pending
PO-2022-04690,3/2/2022,SUP012,P01121,1370,1.06,1449.16,4/18/2022,4/25/2022,Delivered
PO-2022-04691,2/10/2022,SUP103,P00683,3054,27.29,83351.65,4/8/2022,4/7/2022,Delivered
PO-2022-04692,11/14/2023,SUP077,P01011,856,8.04,6878.49,1/2/2024,1/7/2024,Delivered
PO-2022-04693,7/2/2023,SUP099,P00915,1318,1.11,1459.39,7/28/2023,7/30/2023,Delivered
PO-2022-04694,12/14/2022,SUP087,P01941,3649,11.41,41630.08,1/8/2023,1/17/2023,Delivered
PO-2022-04695,9/9/2022,SUP087,P00826,2829,3.44,9734.06,10/4/2022,,Pending
PO-2022-04696,11/24/2022,SUP002,P01227,2405,35.1,84411.87,12/18/2022,12/24/2022,Delivered
PO-2022-04697,1/13/2023,SUP021,P00019,3101,47.14,146170.66,1/25/2023,1/31/2023,Delivered
PO-2022-04698,7/16/2023,SUP149,P01847,3057,25.2,77030.55,8/6/2023,,Cancelled
PO-2022-04699,7/16/2022,SUP147,P01731,879,48.09,42269.55,9/9/2022,9/8/2022,Delivered
PO-2022-04700,10/22/2023,SUP022,P01423,2380,42.33,100736.84,11/26/2023,,Cancelled
PO-2022-04701,10/22/2022,SUP078,P01736,4155,8.33,34605.2,12/7/2022,12/7/2022,Delivered
PO-2022-04702,6/29/2023,SUP032,P00771,3431,48.87,167664.28,8/18/2023,8/22/2023,Delivered
PO-2022-04703,9/25/2022,SUP126,P01090,3491,32.82,114577.11,10/29/2022,,Cancelled
PO-2022-04704,12/6/2022,SUP087,P01502,2044,48.2,98529.94,12/31/2022,12/30/2022,Delivered
PO-2022-04705,7/5/2022,SUP046,P01111,4177,36.67,153188.4,8/10/2022,,Shipped
PO-2022-04706,3/21/2023,SUP114,P00536,135,7.77,1048.69,5/14/2023,5/10/2023,Delivered
PO-2022-04707,7/1/2022,SUP051,P00417,988,25.44,25134.2,7/30/2022,7/30/2022,Delivered
PO-2022-04708,3/17/2023,SUP142,P01270,3139,11.77,36940.17,4/2/2023,3/30/2023,Delivered
PO-2022-04709,1/9/2022,SUP002,P01262,2687,2.25,6058.11,2/2/2022,1/30/2022,Delivered
PO-2022-04710,9/15/2022,SUP055,P01670,2346,14.01,32864.69,10/30/2022,10/25/2022,Delivered
PO-2022-04711,1/19/2022,SUP020,P00371,3194,24.01,76679.92,2/6/2022,2/3/2022,Delivered
PO-2022-04712,6/6/2023,SUP132,P01735,916,9.73,8910.84,6/14/2023,6/21/2023,Delivered
PO-2022-04713,7/23/2022,SUP051,P01544,3472,18.47,64127.78,8/21/2022,8/16/2022,Delivered
PO-2022-04714,12/5/2022,SUP086,P01533,655,32.06,21002.11,1/9/2023,1/5/2023,Delivered
PO-2022-04715,4/8/2022,SUP027,P00422,4135,27.41,113328.51,5/26/2022,,Cancelled
PO-2022-04716,6/18/2022,SUP086,P00071,4458,30.55,136197.04,7/23/2022,7/19/2022,Delivered
PO-2022-04717,4/27/2022,SUP111,P01101,4510,36.52,164693.84,6/18/2022,6/23/2022,Delivered
PO-2022-04718,7/3/2023,SUP005,P01598,299,42.8,12797.74,8/16/2023,,Shipped
PO-2022-04719,8/9/2022,SUP099,P01610,2203,3.88,8551.65,9/4/2022,,Pending
PO-2022-04720,4/27/2022,SUP085,P00236,2180,31.06,67711.28,6/19/2022,6/23/2022,Delivered
PO-2022-04721,1/21/2022,SUP104,P01998,3884,33.72,130959.46,2/21/2022,2/21/2022,Delivered
PO-2022-04722,11/26/2023,SUP053,P00297,4968,40.27,200081.77,1/5/2024,1/2/2024,Delivered
PO-2022-04723,6/1/2023,SUP069,P00858,637,3.86,2460.21,7/13/2023,7/9/2023,Delivered
PO-2022-04724,1/16/2023,SUP040,P00920,1074,48.28,51851.47,3/2/2023,,Cancelled
PO-2022-04725,2/2/2022,SUP076,P00352,2402,18.73,44978.76,2/28/2022,3/4/2022,Delivered
PO-2022-04726,11/7/2023,SUP122,P00273,1982,1.72,3407.23,11/28/2023,12/4/2023,Delivered
PO-2022-04727,9/26/2023,SUP144,P01095,4029,25.69,103508.37,11/1/2023,11/2/2023,Delivered
PO-2022-04728,8/7/2022,SUP058,P00314,3574,34.97,124980.85,8/17/2022,8/16/2022,Delivered
PO-2022-04729,1/14/2023,SUP027,P01661,3498,11.94,41758.76,3/3/2023,3/12/2023,Delivered
PO-2022-04730,2/12/2023,SUP056,P00580,4801,41.71,200260.8,3/7/2023,3/7/2023,Delivered
PO-2022-04731,2/14/2022,SUP110,P00137,2970,42.33,125707.66,4/8/2022,4/3/2022,Delivered
PO-2022-04732,8/17/2022,SUP077,P00204,1074,1.44,1550.8,10/5/2022,,Cancelled
PO-2022-04733,12/11/2023,SUP056,P00604,1899,35.91,68191.27,1/3/2024,1/2/2024,Delivered
PO-2022-04734,9/3/2022,SUP032,P01103,1556,11.97,18630.36,10/23/2022,11/1/2022,Delivered
PO-2022-04735,8/14/2022,SUP074,P00630,4713,15.9,74918.62,9/29/2022,,Pending
PO-2022-04736,1/7/2023,SUP062,P01253,3166,15.51,49111.5,2/9/2023,2/4/2023,Delivered
PO-2022-04737,3/1/2023,SUP055,P01489,4867,36.63,178301.71,4/15/2023,4/10/2023,Delivered
PO-2022-04738,1/30/2022,SUP130,P01013,4037,50.24,202813.88,2/19/2022,2/28/2022,Delivered
PO-2022-04739,12/4/2023,SUP038,P00187,978,41.88,40955.75,1/23/2024,1/23/2024,Delivered
PO-2022-04740,9/15/2023,SUP065,P01042,970,42.3,41026.5,10/16/2023,10/16/2023,Delivered
PO-2022-04741,7/31/2022,SUP031,P01144,1677,46.57,78102.78,9/23/2022,9/27/2022,Delivered
PO-2022-04742,12/9/2022,SUP064,P01240,1766,23.03,40676.55,2/5/2023,,Shipped
PO-2022-04743,1/28/2022,SUP029,P01620,3006,9.39,28220.01,2/24/2022,2/27/2022,Delivered
PO-2022-04744,5/28/2023,SUP035,P01771,2544,16.11,40992.7,7/22/2023,7/18/2023,Delivered
PO-2022-04745,6/13/2022,SUP054,P00450,4099,4.25,17410.22,7/31/2022,8/5/2022,Delivered
PO-2022-04746,3/15/2023,SUP114,P00505,4028,15.71,63298.88,5/8/2023,,Shipped
PO-2022-04747,12/9/2022,SUP034,P00666,1895,28.6,54189.78,1/13/2023,1/18/2023,Delivered
PO-2022-04748,5/21/2023,SUP125,P01269,840,15.12,12698.46,6/25/2023,,Cancelled
PO-2022-04749,12/1/2023,SUP124,P01220,666,33.43,22261.57,12/31/2023,1/5/2024,Delivered
PO-2022-04750,4/4/2023,SUP065,P00875,828,39.74,32902.16,5/5/2023,5/13/2023,Delivered
PO-2022-04751,5/14/2023,SUP144,P01243,3702,25.22,93353.34,6/19/2023,,Shipped
PO-2022-04752,11/3/2023,SUP072,P00217,3245,44.08,143042.82,12/11/2023,,Shipped
PO-2022-04753,11/24/2022,SUP093,P01545,4698,46.08,216498.32,1/10/2023,1/11/2023,Delivered
PO-2022-04754,4/12/2023,SUP122,P01537,3950,10.07,39795.72,5/3/2023,5/8/2023,Delivered
PO-2022-04755,8/16/2023,SUP132,P01004,4042,46.1,186328.32,8/24/2023,8/25/2023,Delivered
PO-2022-04756,11/11/2022,SUP113,P00606,1094,32.55,35607.29,12/15/2022,12/12/2022,Delivered
PO-2022-04757,12/23/2023,SUP089,P00046,464,14.47,6716.37,2/5/2024,2/9/2024,Delivered
PO-2022-04758,12/15/2022,SUP047,P00190,3574,31.58,112849.4,1/8/2023,1/11/2023,Delivered
PO-2022-04759,10/18/2022,SUP146,P00985,2258,16.78,37886.97,11/17/2022,11/24/2022,Delivered
PO-2022-04760,6/7/2023,SUP109,P01990,2344,28.2,66102.41,7/28/2023,,Shipped
PO-2022-04761,4/18/2023,SUP010,P00660,1429,49.16,70254.31,6/6/2023,6/2/2023,Delivered
PO-2022-04762,2/26/2022,SUP024,P00824,3719,22.04,81983.16,4/14/2022,4/9/2022,Delivered
PO-2022-04763,10/26/2023,SUP065,P01072,2083,42.29,88093.48,11/26/2023,,Cancelled
PO-2022-04764,9/18/2023,SUP097,P00369,3086,43.71,134884.85,10/21/2023,10/24/2023,Delivered
PO-2022-04765,6/26/2022,SUP142,P00172,1653,46.49,76842.59,7/12/2022,,Pending
PO-2022-04766,2/9/2022,SUP109,P01393,1297,14.37,18638.22,4/1/2022,4/9/2022,Delivered
PO-2022-04767,7/15/2022,SUP079,P01206,1674,12.96,21694.12,8/30/2022,9/4/2022,Delivered
PO-2022-04768,6/1/2023,SUP001,P00381,2026,22.47,45523.26,7/11/2023,7/19/2023,Delivered
PO-2022-04769,1/17/2023,SUP031,P01178,4193,22.52,94409.21,3/12/2023,,Cancelled
PO-2022-04770,10/25/2023,SUP074,P01939,4785,1.16,5547.55,12/10/2023,12/5/2023,Delivered
PO-2022-04771,6/15/2023,SUP017,P00001,2434,31.47,76603.55,6/24/2023,7/2/2023,Delivered
PO-2022-04772,2/19/2022,SUP022,P00617,1874,6.44,12066.99,3/26/2022,3/22/2022,Delivered
PO-2022-04773,1/31/2023,SUP137,P00697,287,34.44,9883.43,2/17/2023,2/20/2023,Delivered
PO-2022-04774,10/29/2023,SUP086,P01043,2070,37.16,76918.58,12/3/2023,11/28/2023,Delivered
PO-2022-04775,9/10/2023,SUP130,P01254,892,3.84,3427.79,9/30/2023,10/4/2023,Delivered
PO-2022-04776,6/22/2022,SUP078,P00783,2375,47.45,112687.49,8/7/2022,8/12/2022,Delivered
PO-2022-04777,1/30/2022,SUP105,P00609,868,30.5,26477.38,3/30/2022,,Cancelled
PO-2022-04778,6/17/2022,SUP077,P00632,3356,29.99,100644.71,8/5/2022,8/2/2022,Delivered
PO-2022-04779,3/27/2023,SUP123,P01954,2548,45.03,114728.56,4/11/2023,4/12/2023,Delivered
PO-2022-04780,12/28/2023,SUP109,P01931,4850,14.52,70436.26,2/17/2024,2/26/2024,Delivered
PO-2022-04781,10/10/2023,SUP005,P01233,958,34.46,33015.2,11/23/2023,11/26/2023,Delivered
PO-2022-04782,9/2/2022,SUP109,P01114,2799,32.45,90837.97,10/23/2022,10/27/2022,Delivered
PO-2022-04783,8/28/2022,SUP018,P00143,4314,8.07,34802.24,9/23/2022,9/23/2022,Delivered
PO-2022-04784,6/12/2022,SUP101,P00031,2238,1.22,2728.24,7/16/2022,7/18/2022,Delivered
PO-2022-04785,12/26/2023,SUP121,P01834,4432,38.46,170440.44,1/12/2024,1/7/2024,Delivered
PO-2022-04786,2/20/2022,SUP088,P01847,568,21.28,12087.3,4/12/2022,4/15/2022,Delivered
PO-2022-04787,10/16/2023,SUP046,P01510,2956,9.85,29123.14,11/21/2023,11/18/2023,Delivered
PO-2022-04788,10/20/2022,SUP092,P00719,3104,34.64,107535.61,11/9/2022,,Shipped
PO-2022-04789,1/16/2023,SUP098,P00599,3781,4.25,16087.25,2/10/2023,,Cancelled
PO-2022-04790,7/5/2023,SUP085,P00218,4160,20.9,86925.65,8/27/2023,8/25/2023,Delivered
PO-2022-04791,5/4/2023,SUP035,P00211,2813,27.39,77041.49,6/28/2023,7/1/2023,Delivered
PO-2022-04792,1/7/2023,SUP145,P00992,499,50.83,25365.13,2/25/2023,3/1/2023,Delivered
PO-2022-04793,8/14/2022,SUP090,P01230,1225,16.84,20623.06,8/31/2022,9/9/2022,Delivered
PO-2022-04794,7/10/2023,SUP033,P00919,4719,17.19,81097.71,7/26/2023,7/28/2023,Delivered
PO-2022-04795,1/24/2022,SUP128,P01411,1713,33.82,57925.77,2/13/2022,2/14/2022,Delivered
PO-2022-04796,10/21/2022,SUP099,P01111,4405,39.51,174052.16,11/16/2022,11/15/2022,Delivered
PO-2022-04797,2/14/2023,SUP002,P00963,1591,33.79,53762.98,3/10/2023,3/13/2023,Delivered
PO-2022-04798,1/21/2023,SUP003,P00528,1511,26.39,39868.55,2/26/2023,2/26/2023,Delivered
PO-2022-04799,7/21/2022,SUP062,P01745,940,2.96,2781.87,8/23/2022,8/19/2022,Delivered
PO-2022-04800,3/8/2022,SUP046,P01064,2250,15.22,34253.56,4/13/2022,,Pending
PO-2022-04801,3/8/2022,SUP092,P01858,4077,30.87,125876.51,3/28/2022,,Cancelled
PO-2022-04802,10/3/2023,SUP104,P01046,468,10.11,4733.32,11/3/2023,11/6/2023,Delivered
PO-2022-04803,1/3/2022,SUP126,P01680,863,38.73,33428.11,2/6/2022,2/5/2022,Delivered
PO-2022-04804,8/15/2022,SUP129,P01286,2513,28.54,71723.89,8/25/2022,8/28/2022,Delivered
PO-2022-04805,9/14/2022,SUP140,P00564,2391,42.19,100880.71,11/1/2022,10/29/2022,Delivered
PO-2022-04806,10/2/2022,SUP077,P00047,2264,23.44,53071.54,11/20/2022,,Shipped
PO-2022-04807,6/22/2022,SUP040,P00905,2554,30.55,78023.68,8/6/2022,8/8/2022,Delivered
PO-2022-04808,11/23/2023,SUP012,P01791,1701,14.7,25001.46,1/9/2024,1/4/2024,Delivered
PO-2022-04809,8/27/2023,SUP020,P01006,2800,18.02,50445.84,9/14/2023,9/19/2023,Delivered
PO-2022-04810,11/18/2023,SUP110,P00086,3936,7.41,29150.37,1/10/2024,1/16/2024,Delivered
PO-2022-04811,6/16/2023,SUP085,P00152,1451,30.92,44871.21,8/8/2023,8/12/2023,Delivered
PO-2022-04812,11/29/2023,SUP113,P01152,1998,2.2,4395.74,1/2/2024,1/5/2024,Delivered
PO-2022-04813,7/14/2022,SUP107,P01588,3542,21.13,74830.98,7/23/2022,,Shipped
PO-2022-04814,5/13/2022,SUP075,P01078,4602,4.62,21255.75,5/30/2022,5/27/2022,Delivered
PO-2022-04815,12/9/2023,SUP042,P00130,1680,5.34,8971.43,1/12/2024,,Pending
PO-2022-04816,3/23/2022,SUP012,P00965,2816,18.61,52395.89,5/9/2022,5/17/2022,Delivered
PO-2022-04817,2/10/2022,SUP108,P01419,1411,23.53,33196.72,3/11/2022,3/11/2022,Delivered
PO-2022-04818,7/13/2023,SUP070,P00945,678,22.89,15521.57,8/16/2023,8/19/2023,Delivered
PO-2022-04819,2/26/2022,SUP018,P01083,1289,20.28,26141.38,3/24/2022,4/1/2022,Delivered
PO-2022-04820,2/16/2022,SUP144,P00252,2515,1.85,4656.11,3/24/2022,3/23/2022,Delivered
PO-2022-04821,8/5/2023,SUP067,P01741,4027,23.59,94978.68,9/28/2023,9/30/2023,Delivered
PO-2022-04822,5/26/2023,SUP007,P00452,642,29.51,18945.95,7/7/2023,7/11/2023,Delivered
PO-2022-04823,12/12/2022,SUP033,P01909,3159,40.29,127268.41,12/28/2022,12/25/2022,Delivered
PO-2022-04824,4/16/2023,SUP129,P01389,3403,2.57,8737.39,4/26/2023,4/22/2023,Delivered
PO-2022-04825,3/14/2023,SUP090,P00342,848,32.69,27720.74,3/31/2023,,Cancelled
PO-2022-04826,4/28/2022,SUP068,P01939,1304,1.13,1472.53,6/1/2022,6/4/2022,Delivered
PO-2022-04827,1/29/2022,SUP007,P00712,1012,26.15,26464.89,3/12/2022,3/9/2022,Delivered
PO-2022-04828,2/26/2023,SUP096,P00332,3949,25.08,99045.82,3/12/2023,3/20/2023,Delivered
PO-2022-04829,2/12/2022,SUP061,P00253,1098,3.67,4027.23,4/5/2022,,Pending
PO-2022-04830,6/18/2022,SUP137,P01409,136,15.76,2143.22,7/5/2022,6/30/2022,Delivered
PO-2022-04831,9/18/2023,SUP024,P01323,1022,3.8,3881.43,11/4/2023,11/3/2023,Delivered
PO-2022-04832,10/11/2023,SUP030,P01663,1098,1.62,1773.28,11/29/2023,11/26/2023,Delivered
PO-2022-04833,4/22/2023,SUP087,P00131,4331,44.68,193529.22,5/17/2023,5/18/2023,Delivered
PO-2022-04834,2/17/2022,SUP061,P00765,1617,24.18,39091.08,4/10/2022,4/16/2022,Delivered
PO-2022-04835,4/13/2022,SUP072,P01714,4622,37.78,174609.03,5/21/2022,5/22/2022,Delivered
PO-2022-04836,12/13/2022,SUP094,P01235,3704,32.06,118768.7,1/4/2023,1/2/2023,Delivered
PO-2022-04837,4/30/2022,SUP138,P00563,4613,4.89,22549.39,6/16/2022,6/14/2022,Delivered
PO-2022-04838,7/27/2023,SUP100,P01462,3629,5.29,19199.79,8/6/2023,8/11/2023,Delivered
PO-2022-04839,10/4/2022,SUP020,P01780,3495,10.19,35627.07,10/22/2022,10/25/2022,Delivered
PO-2022-04840,5/15/2023,SUP056,P00094,1872,17.65,33034.69,6/7/2023,,Cancelled
PO-2022-04841,2/26/2022,SUP006,P01998,337,37.6,12671.12,4/9/2022,4/5/2022,Delivered
PO-2022-04842,7/23/2022,SUP129,P00407,4405,13.22,58235.22,8/2/2022,8/4/2022,Delivered
PO-2022-04843,12/19/2022,SUP093,P01579,2116,23.57,49876.58,2/4/2023,2/1/2023,Delivered
PO-2022-04844,10/6/2023,SUP096,P01253,2508,15.87,39794.38,10/20/2023,10/18/2023,Delivered
PO-2022-04845,1/9/2023,SUP068,P01194,1630,39.28,64033.87,2/12/2023,2/21/2023,Delivered
PO-2022-04846,2/28/2023,SUP137,P01513,1449,35.66,51678.01,3/17/2023,,Shipped
PO-2022-04847,9/19/2023,SUP084,P01490,4718,33.67,158872.7,10/11/2023,10/16/2023,Delivered
PO-2022-04848,1/9/2023,SUP129,P00237,3157,36.85,116335.11,1/19/2023,1/19/2023,Delivered
PO-2022-04849,6/23/2023,SUP081,P00635,2303,16.14,37179,8/12/2023,8/18/2023,Delivered
PO-2022-04850,11/21/2023,SUP135,P01710,1164,38.19,44452.78,12/31/2023,12/30/2023,Delivered
PO-2022-04851,2/10/2023,SUP038,P01473,798,26.32,21000.89,4/1/2023,4/5/2023,Delivered
PO-2022-04852,10/17/2023,SUP117,P00157,3426,13.37,45820.32,11/15/2023,,Shipped
PO-2022-04853,1/28/2022,SUP110,P00612,1638,20.27,33207.68,3/22/2022,3/17/2022,Delivered
PO-2022-04854,6/30/2023,SUP008,P01837,283,15.06,4261.21,7/24/2023,7/24/2023,Delivered
PO-2022-04855,3/10/2023,SUP120,P01454,3735,17.71,66153.48,4/4/2023,4/3/2023,Delivered
PO-2022-04856,2/12/2023,SUP130,P00781,1128,25.3,28534.8,3/4/2023,3/4/2023,Delivered
PO-2022-04857,10/15/2022,SUP031,P01622,1168,11.4,13312.63,12/8/2022,,Cancelled
PO-2022-04858,2/21/2023,SUP018,P01165,1016,19.32,19630.36,3/19/2023,3/27/2023,Delivered
PO-2022-04859,5/6/2022,SUP048,P01947,720,18.13,13050.61,6/17/2022,6/18/2022,Delivered
PO-2022-04860,11/29/2023,SUP022,P01615,164,25.29,4148.1,1/3/2024,12/30/2023,Delivered
PO-2022-04861,8/5/2022,SUP081,P01317,1257,49.08,61690.92,9/24/2022,10/2/2022,Delivered
PO-2022-04862,10/15/2023,SUP014,P00761,2157,33.25,71730.54,12/13/2023,12/14/2023,Delivered
PO-2022-04863,2/6/2022,SUP130,P00776,989,41.67,41213.86,2/26/2022,3/3/2022,Delivered
PO-2022-04864,2/4/2022,SUP062,P00317,4498,24.17,108731.27,3/9/2022,3/5/2022,Delivered
PO-2022-04865,7/12/2022,SUP060,P01015,4540,32.75,148682.67,8/22/2022,8/17/2022,Delivered
PO-2022-04866,7/30/2022,SUP103,P00776,1014,44.75,45377.12,9/25/2022,,Cancelled
PO-2022-04867,1/12/2022,SUP100,P00330,2337,10.72,25045.21,1/22/2022,1/21/2022,Delivered
PO-2022-04868,10/20/2022,SUP005,P00710,2051,26.95,55268.57,12/3/2022,12/1/2022,Delivered
PO-2022-04869,11/14/2022,SUP041,P01247,2834,14.58,41317.76,12/14/2022,12/18/2022,Delivered
PO-2022-04870,9/10/2023,SUP062,P00263,3377,43.05,145384.53,10/13/2023,,Pending
PO-2022-04871,4/10/2023,SUP132,P00020,2715,16.06,43590.67,4/18/2023,4/23/2023,Delivered
PO-2022-04872,9/28/2022,SUP080,P01234,1696,29.28,49651.29,11/25/2022,11/22/2022,Delivered
PO-2022-04873,6/13/2022,SUP141,P00995,1132,28.78,32575.66,8/9/2022,,Cancelled
PO-2022-04874,4/18/2022,SUP014,P00234,1562,33.04,51615.23,6/16/2022,,Cancelled
PO-2022-04875,4/26/2022,SUP140,P01389,1756,2.28,3995.73,6/13/2022,6/15/2022,Delivered
PO-2022-04876,3/28/2023,SUP146,P00615,3379,42.35,143114.29,4/27/2023,4/27/2023,Delivered
PO-2022-04877,7/9/2023,SUP051,P00976,2777,44.64,123964.41,8/7/2023,8/5/2023,Delivered
PO-2022-04878,7/23/2022,SUP010,P00466,339,21.67,7344.65,9/10/2022,9/11/2022,Delivered
PO-2022-04879,11/21/2022,SUP039,P00353,2074,19.7,40849.72,1/17/2023,1/15/2023,Delivered
PO-2022-04880,1/7/2023,SUP014,P01531,152,40.7,6186.38,3/7/2023,3/4/2023,Delivered
PO-2022-04881,12/6/2022,SUP130,P00065,395,29.51,11657.48,12/26/2022,12/26/2022,Delivered
PO-2022-04882,5/15/2022,SUP131,P01076,2727,48.47,132184.01,6/28/2022,6/25/2022,Delivered
PO-2022-04883,7/24/2023,SUP129,P01475,609,27.44,16712.48,8/3/2023,,Cancelled
PO-2022-04884,6/12/2023,SUP013,P00102,1560,35.29,55046.07,7/16/2023,7/15/2023,Delivered
PO-2022-04885,4/2/2022,SUP031,P01157,604,20.11,12146.35,5/26/2022,,Cancelled
PO-2022-04886,8/20/2022,SUP124,P01189,4509,3.56,16033.2,9/19/2022,9/14/2022,Delivered
PO-2022-04887,2/20/2023,SUP069,P00608,4819,33.72,162510.14,4/3/2023,3/29/2023,Delivered
PO-2022-04888,9/12/2022,SUP144,P01649,865,23.14,20017.3,10/18/2022,10/22/2022,Delivered
PO-2022-04889,6/1/2023,SUP149,P01920,429,47.97,20580.61,6/22/2023,6/28/2023,Delivered
PO-2022-04890,8/10/2022,SUP067,P00205,2359,8.59,20252.72,10/3/2022,10/8/2022,Delivered
PO-2022-04891,1/6/2023,SUP083,P00921,4903,21.05,103213.22,2/10/2023,2/10/2023,Delivered
PO-2022-04892,6/20/2022,SUP137,P00789,3575,39.9,142638.67,7/7/2022,7/5/2022,Delivered
PO-2022-04893,12/1/2023,SUP021,P01780,2047,10.37,21228.84,12/13/2023,12/21/2023,Delivered
PO-2022-04894,11/15/2022,SUP069,P01502,685,45.52,31177.97,12/27/2022,1/5/2023,Delivered
PO-2022-04895,3/19/2023,SUP055,P01810,344,7.69,2646.3,5/3/2023,5/4/2023,Delivered
PO-2022-04896,12/25/2022,SUP059,P00011,2374,20.46,48580.04,1/13/2023,1/14/2023,Delivered
PO-2022-04897,8/16/2023,SUP010,P01005,3228,18.49,59692.86,10/4/2023,10/13/2023,Delivered
PO-2022-04898,6/16/2023,SUP006,P00585,4814,18.86,90783.93,7/28/2023,7/26/2023,Delivered
PO-2022-04899,8/7/2022,SUP119,P00889,660,15.16,10008.66,9/7/2022,9/2/2022,Delivered
PO-2022-04900,10/26/2022,SUP115,P01308,2960,40.04,118517.27,12/5/2022,12/10/2022,Delivered
PO-2022-04901,11/16/2022,SUP033,P01782,821,27.57,22632.21,12/2/2022,12/2/2022,Delivered
PO-2022-04902,11/18/2022,SUP076,P00746,977,40.68,39743.71,12/14/2022,12/13/2022,Delivered
PO-2022-04903,5/22/2022,SUP075,P01146,1464,31.1,45529.94,6/8/2022,,Cancelled
PO-2022-04904,6/15/2022,SUP046,P01658,4182,39.74,166210.94,7/21/2022,7/17/2022,Delivered
PO-2022-04905,6/15/2022,SUP093,P01925,4844,4.94,23937.34,8/1/2022,8/10/2022,Delivered
PO-2022-04906,2/21/2023,SUP113,P01370,2664,32.7,87109.65,3/27/2023,3/25/2023,Delivered
PO-2022-04907,1/16/2022,SUP082,P01892,2323,29.7,68982.29,3/11/2022,3/10/2022,Delivered
PO-2022-04908,11/11/2023,SUP033,P00322,1459,14.92,21772.21,11/27/2023,,Pending
PO-2022-04909,11/11/2023,SUP068,P01141,1758,8.77,15423.71,12/15/2023,12/13/2023,Delivered
PO-2022-04910,11/29/2023,SUP092,P01242,754,26.31,19838.78,12/19/2023,12/25/2023,Delivered
PO-2022-04911,3/10/2022,SUP047,P01498,3179,33.88,107690,4/3/2022,,Pending
PO-2022-04912,6/25/2023,SUP014,P00826,4770,3.9,18620.34,8/23/2023,8/27/2023,Delivered
PO-2022-04913,8/22/2023,SUP081,P00806,680,37.1,25230.75,10/11/2023,10/7/2023,Delivered
PO-2022-04914,10/12/2022,SUP131,P01799,832,23.39,19462.69,11/25/2022,,Shipped
PO-2022-04915,4/2/2022,SUP011,P00336,4781,31.49,150552.5,4/10/2022,4/6/2022,Delivered
PO-2022-04916,4/11/2023,SUP138,P01425,2708,39.57,107157.34,5/28/2023,6/6/2023,Delivered
PO-2022-04917,9/19/2023,SUP023,P00066,4115,19.14,78777.33,10/28/2023,11/1/2023,Delivered
PO-2022-04918,2/21/2022,SUP038,P00862,3513,19.74,69337.43,4/12/2022,4/7/2022,Delivered
PO-2022-04919,3/10/2022,SUP052,P01585,1290,8.64,11141.82,5/7/2022,5/6/2022,Delivered
PO-2022-04920,4/7/2022,SUP130,P01515,1176,26.57,31249.65,4/27/2022,4/29/2022,Delivered
PO-2022-04921,12/15/2022,SUP133,P00634,4394,23.5,103271.15,1/13/2023,,Pending
PO-2022-04922,4/5/2022,SUP033,P01116,695,27.99,19452.06,4/21/2022,4/16/2022,Delivered
PO-2022-04923,1/23/2022,SUP077,P00877,362,12.19,4414.39,3/13/2022,3/8/2022,Delivered
PO-2022-04924,7/14/2023,SUP056,P00168,1802,26.1,47038.38,8/6/2023,8/8/2023,Delivered
PO-2022-04925,8/2/2022,SUP139,P00880,2755,30.31,83509.76,8/31/2022,8/27/2022,Delivered
PO-2022-04926,4/12/2023,SUP095,P00324,1183,6.03,7129.57,4/29/2023,4/29/2023,Delivered
PO-2022-04927,11/11/2023,SUP087,P01407,4771,26.98,128726.12,12/6/2023,12/3/2023,Delivered
PO-2022-04928,5/5/2022,SUP068,P00380,1261,11.3,14248.27,6/8/2022,6/11/2022,Delivered
PO-2022-04929,6/20/2022,SUP129,P01368,3875,23.09,89457.03,6/30/2022,7/8/2022,Delivered
PO-2022-04930,5/6/2022,SUP106,P00344,119,50.85,6051.51,5/16/2022,5/13/2022,Delivered
PO-2022-04931,5/2/2023,SUP132,P00330,1790,10.88,19478.57,5/10/2023,5/19/2023,Delivered
PO-2022-04932,1/3/2022,SUP087,P01605,1656,20.03,33167.75,1/28/2022,1/24/2022,Delivered
PO-2022-04933,7/25/2022,SUP145,P01227,3206,32.44,104007.12,9/12/2022,9/19/2022,Delivered
PO-2022-04934,9/14/2022,SUP134,P00182,4403,9.14,40234.94,11/4/2022,11/4/2022,Delivered
PO-2022-04935,8/12/2023,SUP131,P00411,4578,49.65,227315.79,9/25/2023,9/26/2023,Delivered
PO-2022-04936,9/12/2023,SUP121,P01131,379,40.8,15464.84,9/29/2023,9/29/2023,Delivered
PO-2022-04937,4/16/2022,SUP016,P00005,3166,10.11,32003.54,5/8/2022,5/9/2022,Delivered
PO-2022-04938,12/30/2023,SUP086,P01629,4941,13.83,68325.12,2/3/2024,2/6/2024,Delivered
PO-2022-04939,10/19/2022,SUP131,P00416,4539,3.57,16190.37,12/2/2022,,Cancelled
PO-2022-04940,10/23/2022,SUP073,P00345,2622,46.37,121587.66,11/13/2022,,Shipped
PO-2022-04941,8/28/2023,SUP025,P01893,2214,8.96,19841.09,9/24/2023,9/20/2023,Delivered
PO-2022-04942,10/15/2023,SUP002,P01996,2110,26.16,55189.8,11/8/2023,11/15/2023,Delivered
PO-2022-04943,6/2/2022,SUP084,P00703,824,46.37,38206.4,6/24/2022,6/28/2022,Delivered
PO-2022-04944,6/4/2022,SUP029,P00271,661,24.33,16080.79,7/1/2022,7/9/2022,Delivered
PO-2022-04945,9/22/2022,SUP016,P00220,3723,5.04,18769.54,10/14/2022,10/23/2022,Delivered
PO-2022-04946,7/26/2023,SUP071,P00318,1872,41.69,78034.46,8/18/2023,8/27/2023,Delivered
PO-2022-04947,4/15/2022,SUP077,P01818,606,31.03,18806.9,6/3/2022,6/1/2022,Delivered
PO-2022-04948,8/10/2022,SUP055,P01051,4346,32.93,143102.8,9/24/2022,9/24/2022,Delivered
PO-2022-04949,6/29/2023,SUP117,P01418,1731,3.3,5720.51,7/28/2023,8/5/2023,Delivered
PO-2022-04950,6/21/2023,SUP089,P01935,143,21.68,3100.57,8/4/2023,8/3/2023,Delivered
PO-2022-04951,1/9/2023,SUP108,P00654,1127,33.35,37590.94,2/7/2023,,Cancelled
PO-2022-04952,6/23/2023,SUP124,P01617,1488,4.12,6136.77,7/23/2023,7/26/2023,Delivered
PO-2022-04953,3/13/2022,SUP115,P01097,2933,6.22,18255.03,4/22/2022,4/24/2022,Delivered
PO-2022-04954,2/8/2022,SUP063,P00885,2892,47.9,138540.17,3/6/2022,3/10/2022,Delivered
PO-2022-04955,3/8/2023,SUP048,P00004,1384,13.15,18195.98,4/19/2023,4/23/2023,Delivered
PO-2022-04956,9/22/2022,SUP017,P00088,4294,26.59,114157.01,10/1/2022,,Shipped
PO-2022-04957,8/3/2022,SUP112,P01051,1305,35.57,46420.1,9/6/2022,9/2/2022,Delivered
PO-2022-04958,6/14/2023,SUP031,P00071,2264,31.29,70831.5,8/7/2023,8/8/2023,Delivered
PO-2022-04959,6/26/2022,SUP141,P01005,3991,19.82,79103.81,8/22/2022,8/29/2022,Delivered
PO-2022-04960,7/12/2022,SUP070,P00994,4010,41.85,167819.37,8/15/2022,8/10/2022,Delivered
PO-2022-04961,12/2/2023,SUP145,P00310,1476,18.96,27986.22,1/20/2024,1/27/2024,Delivered
PO-2022-04962,7/18/2023,SUP035,P00726,4972,1.11,5501.51,9/11/2023,9/13/2023,Delivered
PO-2022-04963,8/7/2022,SUP137,P00438,3897,49.69,193642.66,8/24/2022,8/31/2022,Delivered
PO-2022-04964,7/6/2022,SUP105,P01399,1590,7.94,12624.87,9/3/2022,9/12/2022,Delivered
PO-2022-04965,8/18/2023,SUP111,P00463,2464,15.09,37189.73,10/9/2023,10/8/2023,Delivered
PO-2022-04966,1/10/2022,SUP083,P00423,3109,22.66,70453.72,2/14/2022,2/12/2022,Delivered
PO-2022-04967,5/3/2023,SUP092,P01836,1925,6.52,12554.76,5/23/2023,5/30/2023,Delivered
PO-2022-04968,1/5/2022,SUP118,P01519,1448,4.82,6973.15,2/25/2022,,Shipped
PO-2022-04969,8/21/2022,SUP023,P01572,4708,20.09,94594.82,9/29/2022,,Cancelled
PO-2022-04970,7/31/2023,SUP006,P01960,2336,6.53,15263.33,9/11/2023,9/7/2023,Delivered
PO-2022-04971,5/15/2022,SUP056,P00495,4919,27.43,134937.39,6/7/2022,6/8/2022,Delivered
PO-2022-04972,1/15/2022,SUP094,P00919,2370,19.45,46085.85,2/6/2022,2/10/2022,Delivered
PO-2022-04973,11/16/2022,SUP113,P00253,4394,4.2,18467.77,12/20/2022,12/29/2022,Delivered
PO-2022-04974,4/2/2023,SUP098,P00486,462,40.65,18780.31,4/27/2023,5/6/2023,Delivered
PO-2022-04975,9/6/2023,SUP032,P01094,1833,13.7,25108.67,10/26/2023,11/1/2023,Delivered
PO-2022-04976,6/6/2023,SUP060,P01544,1505,19.45,29275.29,7/17/2023,7/15/2023,Delivered
PO-2022-04977,3/25/2022,SUP111,P01747,4420,48.11,212635.57,5/16/2022,5/23/2022,Delivered
PO-2022-04978,2/6/2023,SUP053,P00514,3347,31.03,103843.31,3/18/2023,3/26/2023,Delivered
PO-2022-04979,6/22/2022,SUP055,P00152,2498,29.79,74405.31,8/6/2022,8/10/2022,Delivered
PO-2022-04980,4/13/2022,SUP141,P00769,1412,9.19,12974.95,6/9/2022,6/16/2022,Delivered
PO-2022-04981,1/21/2022,SUP080,P01337,4363,17.54,76515.5,3/20/2022,3/27/2022,Delivered
PO-2022-04982,6/23/2022,SUP026,P00408,600,34.92,20952.54,8/17/2022,8/18/2022,Delivered
PO-2022-04983,11/15/2023,SUP082,P00107,145,11.96,1734.11,1/8/2024,,Shipped
PO-2022-04984,9/8/2023,SUP075,P00950,3668,34.98,128316.92,9/25/2023,,Cancelled
PO-2022-04985,5/4/2022,SUP125,P01287,3321,22.1,73396.86,6/8/2022,6/17/2022,Delivered
PO-2022-04986,6/23/2022,SUP125,P00593,4367,25.16,109860.35,7/28/2022,8/6/2022,Delivered
PO-2022-04987,12/4/2022,SUP077,P01122,3084,10.59,32671.41,1/22/2023,1/26/2023,Delivered
PO-2022-04988,1/12/2022,SUP082,P00983,1238,35.21,43585.32,3/7/2022,3/11/2022,Delivered
PO-2022-04989,10/7/2023,SUP096,P01205,4388,21.15,92813.9,10/21/2023,10/30/2023,Delivered
PO-2022-04990,2/28/2023,SUP133,P00091,4843,18.06,87478.15,3/29/2023,4/4/2023,Delivered
PO-2022-04991,8/30/2022,SUP034,P00773,3772,35.34,133316.33,10/4/2022,10/5/2022,Delivered
PO-2022-04992,9/25/2023,SUP117,P00589,372,27.02,10051.37,10/24/2023,10/25/2023,Delivered
PO-2022-04993,5/20/2023,SUP140,P01485,4240,30.92,131089.47,7/7/2023,7/7/2023,Delivered
PO-2022-04994,8/28/2022,SUP137,P01738,4471,26.33,117727.36,9/14/2022,9/9/2022,Delivered
PO-2022-04995,12/12/2022,SUP070,P00568,4355,6.62,28823.05,1/15/2023,1/13/2023,Delivered
PO-2022-04996,7/31/2022,SUP094,P01331,143,21.46,3069.26,8/22/2022,8/19/2022,Delivered
PO-2022-04997,4/17/2023,SUP010,P01949,1983,27.62,54760.89,6/5/2023,6/6/2023,Delivered
PO-2022-04998,4/25/2022,SUP132,P00388,2992,7.24,21659.81,5/3/2022,5/9/2022,Delivered
PO-2022-04999,10/22/2023,SUP031,P00636,2115,26.67,56402.77,12/15/2023,12/19/2023,Delivered
PO-2022-05000,7/5/2023,SUP080,P01667,3176,31.72,100747.37,9/1/2023,8/31/2023,Delivered
