SaleID,Date,ProductID,Quantity,SellingPrice,TotalAmount,CustomerType,PaymentMethod,PrescriptionID,EmployeeID,DiscountPercentage,IsInsuranceClaim
S00001,3/28/2022,P01658,76,162.03,12314.28,Online,Insurance,,EMP035,0,Yes
S00002,4/12/2022,P01123,58,22.92,1329.36,Retail,Cash,RX-3598,EMP022,0.71,No
S00003,9/19/2023,P01154,65,93.23,6059.95,Online,Insurance,,EMP021,15.86,Yes
S00004,5/29/2022,P01281,67,92.22,6178.74,Clinic,Debit Card,,EMP022,2.45,No
S00005,5/8/2023,P01221,38,43.72,1661.36,Online,Insurance,,EMP039,0,Yes
S00006,3/31/2023,P00596,98,65.65,6433.7,Online,Debit Card,,EMP041,0,No
S00007,9/30/2022,P01933,10,52.94,529.4,Wholesale,Insurance,,EMP027,0,Yes
S00008,12/14/2023,P00433,25,89.88,2247,Wholesale,Credit Card,,EMP029,0,No
S00009,10/18/2022,P01280,38,22.73,863.74,Clinic,Debit Card,,EMP041,0,No
S00010,8/26/2023,P01327,70,5.76,403.2,Wholesale,Cash,,EMP029,0,No
S00011,9/9/2022,P01412,65,122.77,7980.05,Online,Debit Card,,EMP008,14.92,No
S00012,12/21/2022,P01822,18,55.79,1004.22,Wholesale,Cash,,EMP048,5.32,No
S00013,1/13/2023,P00142,68,26.3,1788.4,Wholesale,Debit Card,,EMP045,8.87,No
S00014,6/29/2023,P00365,68,169.15,11502.2,Retail,Debit Card,RX-1789,EMP017,0,No
S00015,9/6/2023,P01807,61,54.42,3319.62,Retail,Insurance,RX-7425,EMP040,0,Yes
S00016,9/27/2022,P01839,14,118.09,1653.26,Retail,Debit Card,RX-8682,EMP041,0,No
S00017,7/17/2022,P00326,17,29.89,508.13,Online,Cash,,EMP008,0,No
S00018,4/26/2022,P00519,20,53.57,1071.4,Wholesale,Debit Card,,EMP003,0,No
S00019,12/12/2023,P01650,72,79.95,5756.4,Retail,Credit Card,,EMP016,17.86,No
S00020,10/4/2022,P01816,26,88.87,2310.62,Online,Credit Card,,EMP039,0,No
S00021,7/6/2023,P00627,79,59.07,4666.53,Wholesale,Credit Card,,EMP023,0,No
S00022,9/30/2022,P00383,7,51.18,358.26,Hospital,Credit Card,,EMP032,3.21,No
S00023,3/2/2023,P01206,88,48.13,4235.44,Hospital,Cash,,EMP040,0,No
S00024,9/21/2022,P00804,96,99.85,9585.6,Online,Credit Card,,EMP005,0,No
S00025,12/20/2022,P01471,25,158.03,3950.75,Retail,Credit Card,RX-7136,EMP019,0,No
S00026,10/12/2022,P01464,94,74.28,6982.32,Retail,Cash,,EMP016,4.37,No
S00027,6/18/2023,P00873,42,224.3,9420.6,Wholesale,Cash,,EMP004,2.27,No
S00028,5/16/2022,P01479,32,18.38,588.16,Clinic,Cash,,EMP003,0,No
S00029,5/23/2023,P00171,33,39.55,1305.15,Clinic,Insurance,,EMP047,0,Yes
S00030,1/12/2023,P00399,45,61.29,2758.05,Hospital,Cash,,EMP026,0,No
S00031,4/30/2022,P00004,81,28.19,2283.39,Hospital,Insurance,,EMP028,0,Yes
S00032,7/26/2023,P01571,17,157.27,2673.59,Clinic,Debit Card,,EMP048,17.01,No
S00033,10/16/2023,P00101,32,200.15,6404.8,Hospital,Credit Card,,EMP019,0,No
S00034,10/6/2023,P01114,71,154.42,10963.82,Wholesale,Credit Card,,EMP032,0,No
S00035,9/9/2022,P01434,58,94.32,5470.56,Wholesale,Credit Card,,EMP045,0,No
S00036,3/9/2022,P00285,33,84.29,2781.57,Hospital,Insurance,,EMP043,0,Yes
S00037,7/8/2022,P01653,99,179.6,17780.4,Retail,Insurance,RX-6432,EMP026,0,Yes
S00038,10/22/2023,P00639,51,142.43,7263.93,Hospital,Debit Card,,EMP025,4.81,No
S00039,2/20/2022,P01242,32,117.09,3746.88,Retail,Cash,RX-5352,EMP039,0,No
S00040,9/20/2022,P01357,68,140.22,9534.96,Wholesale,Debit Card,,EMP049,0,No
S00041,9/12/2023,P00643,39,137.17,5349.63,Retail,Debit Card,RX-4839,EMP048,0,No
S00042,7/8/2022,P01166,27,99.77,2693.79,Retail,Insurance,RX-8415,EMP004,16.3,Yes
S00043,1/30/2022,P01054,96,134.74,12935.04,Online,Debit Card,,EMP017,0,No
S00044,3/16/2022,P00210,97,97.3,9438.1,Hospital,Debit Card,,EMP019,2.02,No
S00045,8/24/2022,P01923,75,116.05,8703.75,Wholesale,Credit Card,,EMP047,0,No
S00046,3/24/2023,P01149,56,127.23,7124.88,Wholesale,Insurance,,EMP005,0,Yes
S00047,9/30/2022,P00917,49,41.17,2017.33,Wholesale,Cash,,EMP038,0,No
S00048,12/23/2023,P01280,40,22.73,909.2,Clinic,Debit Card,,EMP049,0,No
S00049,6/12/2023,P01751,73,18.2,1328.6,Hospital,Credit Card,,EMP034,0,No
S00050,1/8/2022,P01363,81,104.08,8430.48,Retail,Debit Card,,EMP005,0,No
S00051,11/30/2023,P00476,38,33.38,1268.44,Hospital,Credit Card,,EMP001,0,No
S00052,3/27/2023,P00999,33,46.64,1539.12,Retail,Insurance,RX-7532,EMP009,0,Yes
S00053,4/1/2023,P00849,79,38.67,3054.93,Hospital,Insurance,,EMP045,12.94,Yes
S00054,3/29/2023,P00939,46,137.58,6328.68,Retail,Credit Card,,EMP042,7,No
S00055,9/19/2023,P01094,45,29.11,1309.95,Online,Cash,,EMP006,0,No
S00056,7/9/2022,P01799,43,100.14,4306.02,Online,Insurance,,EMP032,0,Yes
S00057,6/21/2023,P01252,72,147.93,10650.96,Online,Credit Card,,EMP036,7.06,No
S00058,10/23/2022,P00584,1,180.49,180.49,Clinic,Insurance,,EMP040,0,Yes
S00059,8/26/2022,P01249,91,105,9555,Hospital,Debit Card,,EMP025,0,No
S00060,12/14/2022,P00399,95,61.29,5822.55,Hospital,Credit Card,,EMP003,6.86,No
S00061,1/3/2022,P01377,93,62.35,5798.55,Clinic,Insurance,,EMP002,0,Yes
S00062,4/5/2023,P01201,70,32.37,2265.9,Clinic,Credit Card,,EMP026,17.44,No
S00063,2/16/2023,P01126,14,226.61,3172.54,Hospital,Credit Card,,EMP035,0,No
S00064,12/8/2023,P00253,30,19.19,575.7,Clinic,Cash,,EMP017,0,No
S00065,7/5/2023,P00202,28,68.17,1908.76,Retail,Credit Card,,EMP005,0,No
S00066,8/7/2023,P00235,2,156.65,313.3,Hospital,Credit Card,,EMP023,0,No
S00067,2/3/2022,P00269,82,26.72,2191.04,Clinic,Debit Card,,EMP017,0,No
S00068,9/30/2023,P00066,90,74.9,6741,Retail,Credit Card,RX-5263,EMP022,0,No
S00069,10/11/2023,P00260,52,61.06,3175.12,Hospital,Insurance,,EMP020,6.41,Yes
S00070,5/10/2023,P00424,12,78.75,945,Online,Credit Card,,EMP006,0,No
S00071,12/2/2022,P01934,24,149.66,3591.84,Online,Debit Card,,EMP008,0,No
S00072,3/19/2022,P01293,17,25.22,428.74,Hospital,Cash,,EMP022,18.85,No
S00073,11/12/2022,P00191,34,169.95,5778.3,Clinic,Insurance,,EMP047,0,Yes
S00074,3/22/2022,P01904,2,95.03,190.06,Wholesale,Insurance,,EMP027,0,Yes
S00075,11/5/2022,P01185,86,15.15,1302.9,Hospital,Insurance,,EMP001,0,Yes
S00076,2/11/2023,P00683,38,61.4,2333.2,Online,Insurance,,EMP039,0,Yes
S00077,5/19/2022,P00568,73,25.72,1877.56,Online,Cash,,EMP046,0,No
S00078,8/25/2023,P01528,84,91.5,7686,Hospital,Cash,,EMP009,0,No
S00079,11/21/2023,P00873,37,224.3,8299.1,Clinic,Debit Card,,EMP045,0,No
S00080,9/8/2023,P00001,21,74.86,1572.06,Clinic,Debit Card,,EMP030,12.59,No
S00081,8/9/2022,P01033,18,73.84,1329.12,Hospital,Insurance,,EMP031,7.06,Yes
S00082,12/4/2022,P01988,63,62.75,3953.25,Hospital,Credit Card,,EMP048,18.16,No
S00083,10/3/2023,P01591,17,19.37,329.29,Hospital,Cash,,EMP004,0,No
S00084,4/6/2022,P00510,77,69.11,5321.47,Online,Cash,,EMP031,0,No
S00085,1/30/2023,P00910,19,43.29,822.51,Online,Credit Card,,EMP042,0,No
S00086,12/3/2022,P00063,90,114.26,10283.4,Retail,Cash,,EMP008,0,No
S00087,1/26/2022,P00731,47,100.39,4718.33,Hospital,Credit Card,,EMP025,0,No
S00088,5/31/2022,P00706,97,75.21,7295.37,Hospital,Credit Card,,EMP029,0,No
S00089,3/13/2023,P01808,79,38.21,3018.59,Hospital,Cash,,EMP025,3.55,No
S00090,8/10/2022,P00842,33,114.12,3765.96,Retail,Debit Card,,EMP011,0,No
S00091,11/26/2022,P00196,38,97.32,3698.16,Online,Cash,,EMP040,0,No
S00092,6/13/2022,P00530,99,145,14355,Hospital,Insurance,,EMP036,0,Yes
S00093,4/10/2023,P00435,97,8.59,833.23,Clinic,Insurance,,EMP014,5.49,Yes
S00094,2/13/2022,P00615,44,218.47,9612.68,Clinic,Debit Card,,EMP037,8.27,No
S00095,5/15/2022,P01398,62,39.69,2460.78,Online,Cash,,EMP029,0,No
S00096,1/16/2023,P00180,63,84.46,5320.98,Online,Credit Card,,EMP008,0,No
S00097,1/15/2022,P01072,47,134.15,6305.05,Clinic,Cash,,EMP003,0,No
S00098,3/2/2022,P00075,32,140.25,4488,Hospital,Cash,,EMP029,0,No
S00099,6/30/2022,P00246,11,53.76,591.36,Retail,Credit Card,RX-7037,EMP039,0,No
S00100,3/21/2022,P01929,52,89.05,4630.6,Clinic,Cash,,EMP030,0,No
S00101,2/7/2022,P00545,57,61.9,3528.3,Clinic,Cash,,EMP026,0,No
S00102,1/15/2022,P00130,96,16.02,1537.92,Wholesale,Cash,,EMP044,11.33,No
S00103,3/28/2023,P00950,36,116.29,4186.44,Hospital,Debit Card,,EMP004,14.42,No
S00104,3/13/2023,P00097,42,3.67,154.14,Online,Insurance,,EMP047,0,Yes
S00105,7/5/2022,P00979,14,57.1,799.4,Wholesale,Insurance,,EMP021,5.3,Yes
S00106,11/1/2023,P01285,23,247.83,5700.09,Wholesale,Debit Card,,EMP011,19.4,No
S00107,7/29/2022,P00947,70,133.05,9313.5,Retail,Credit Card,RX-5192,EMP041,12.45,No
S00108,11/12/2022,P01667,81,89.66,7262.46,Online,Cash,,EMP042,10.42,No
S00109,8/2/2022,P01523,58,20.69,1200.02,Retail,Cash,,EMP029,0,No
S00110,3/12/2023,P01483,51,93.54,4770.54,Online,Credit Card,,EMP018,0,No
S00111,1/30/2022,P00595,65,134.78,8760.7,Clinic,Cash,,EMP035,0,No
S00112,4/13/2022,P00193,2,123.9,247.8,Clinic,Credit Card,,EMP041,0,No
S00113,1/11/2023,P00994,31,86.48,2680.88,Online,Cash,,EMP044,12.55,No
S00114,1/13/2022,P00753,51,108.78,5547.78,Clinic,Debit Card,,EMP027,0,No
S00115,9/11/2022,P00440,84,174.92,14693.28,Clinic,Insurance,,EMP014,6.61,Yes
S00116,5/18/2023,P01993,85,97.17,8259.45,Online,Insurance,,EMP011,0,Yes
S00117,11/16/2023,P00494,22,37.22,818.84,Wholesale,Debit Card,,EMP038,1.18,No
S00118,9/8/2023,P01009,58,105.59,6124.22,Clinic,Debit Card,,EMP008,0,No
S00119,3/17/2023,P00011,73,58.62,4279.26,Wholesale,Insurance,,EMP009,1.35,Yes
S00120,10/31/2022,P01327,63,5.76,362.88,Hospital,Debit Card,,EMP028,0,No
S00121,10/19/2022,P00786,69,149,10281,Wholesale,Debit Card,,EMP044,7.68,No
S00122,10/7/2023,P01435,88,160.46,14120.48,Clinic,Debit Card,,EMP014,0,No
S00123,7/30/2023,P00097,65,3.67,238.55,Clinic,Credit Card,,EMP021,0,No
S00124,8/10/2022,P01817,96,42.57,4086.72,Hospital,Cash,,EMP018,0,No
S00125,9/13/2022,P00859,40,55.16,2206.4,Retail,Insurance,RX-5904,EMP021,0,Yes
S00126,5/23/2022,P01179,84,28.1,2360.4,Online,Insurance,,EMP005,0,Yes
S00127,11/29/2023,P01033,77,73.84,5685.68,Wholesale,Cash,,EMP020,0,No
S00128,2/11/2022,P01735,33,21.79,719.07,Clinic,Insurance,,EMP042,0,Yes
S00129,4/19/2023,P01559,94,165.65,15571.1,Retail,Cash,RX-4230,EMP008,0,No
S00130,8/29/2022,P01177,77,102.33,7879.41,Retail,Debit Card,,EMP007,0,No
S00131,1/19/2023,P00563,55,22.27,1224.85,Retail,Insurance,RX-3800,EMP043,9.48,Yes
S00132,10/1/2022,P01027,91,212.86,19370.26,Wholesale,Credit Card,,EMP013,0,No
S00133,9/1/2022,P00279,23,173.42,3988.66,Clinic,Insurance,,EMP009,0,Yes
S00134,4/1/2022,P01793,33,215.15,7099.95,Retail,Insurance,,EMP048,0,Yes
S00135,10/30/2022,P01914,72,190.7,13730.4,Wholesale,Cash,,EMP009,0,No
S00136,12/7/2022,P01247,90,37.96,3416.4,Wholesale,Debit Card,,EMP009,15.38,No
S00137,4/19/2023,P00202,91,68.17,6203.47,Hospital,Debit Card,,EMP047,0,No
S00138,3/30/2023,P00521,74,22.6,1672.4,Hospital,Credit Card,,EMP010,0,No
S00139,9/10/2022,P00024,42,74.12,3113.04,Hospital,Credit Card,,EMP033,0,No
S00140,11/30/2023,P01028,87,174.57,15187.59,Clinic,Credit Card,,EMP007,14.03,No
S00141,4/18/2022,P01186,6,109.38,656.28,Online,Insurance,,EMP032,0,Yes
S00142,2/5/2022,P00902,13,26.47,344.11,Wholesale,Credit Card,,EMP006,0,No
S00143,7/22/2022,P01550,6,27.71,166.26,Clinic,Insurance,,EMP017,12.41,Yes
S00144,12/24/2023,P00317,91,72.22,6572.02,Online,Insurance,,EMP030,9.92,Yes
S00145,3/1/2023,P00671,55,43.03,2366.65,Retail,Insurance,RX-4107,EMP021,0,Yes
S00146,3/31/2022,P00267,16,21.87,349.92,Wholesale,Credit Card,,EMP036,0,No
S00147,11/3/2022,P01804,51,32.71,1668.21,Wholesale,Credit Card,,EMP018,11.23,No
S00148,5/13/2022,P01978,54,125.66,6785.64,Retail,Debit Card,RX-3477,EMP008,0,No
S00149,4/14/2022,P01993,23,97.17,2234.91,Retail,Credit Card,,EMP040,0,No
S00150,3/14/2023,P01830,73,87.07,6356.11,Retail,Insurance,RX-5485,EMP013,0,Yes
S00151,7/26/2022,P01939,11,3.63,39.93,Hospital,Debit Card,,EMP009,0,No
S00152,10/27/2023,P01753,98,165.8,16248.4,Retail,Insurance,RX-2842,EMP009,0,Yes
S00153,7/13/2023,P00973,97,162.65,15777.05,Retail,Debit Card,,EMP040,0,No
S00154,7/13/2023,P01254,82,16.86,1382.52,Retail,Debit Card,RX-6907,EMP044,19.21,No
S00155,9/5/2023,P00575,16,60.33,965.28,Wholesale,Credit Card,,EMP037,6.87,No
S00156,10/26/2022,P01458,20,71.77,1435.4,Online,Credit Card,,EMP037,0,No
S00157,1/30/2023,P00226,37,17.73,656.01,Wholesale,Cash,,EMP027,0,No
S00158,3/25/2022,P00047,37,61.68,2282.16,Wholesale,Credit Card,,EMP023,14.45,No
S00159,8/22/2022,P01285,90,247.83,22304.7,Clinic,Cash,,EMP037,0,No
S00160,9/19/2022,P00173,21,6.26,131.46,Wholesale,Insurance,,EMP009,0,Yes
S00161,4/9/2023,P00414,31,113.92,3531.52,Wholesale,Insurance,,EMP003,0,Yes
S00162,7/12/2023,P00813,9,213.86,1924.74,Wholesale,Debit Card,,EMP021,0,No
S00163,8/2/2022,P00316,26,148.99,3873.74,Retail,Credit Card,,EMP010,0,No
S00164,3/3/2022,P00996,30,32.8,984,Wholesale,Debit Card,,EMP031,0,No
S00165,5/14/2022,P00068,44,26.69,1174.36,Online,Debit Card,,EMP013,6.64,No
S00166,1/28/2022,P00005,88,20.55,1808.4,Hospital,Cash,,EMP007,0,No
S00167,10/22/2022,P00341,27,66.55,1796.85,Hospital,Cash,,EMP013,18.18,No
S00168,6/20/2022,P00455,82,132.81,10890.42,Wholesale,Cash,,EMP033,0,No
S00169,10/11/2023,P00879,17,38.55,655.35,Clinic,Credit Card,,EMP042,9.5,No
S00170,1/30/2023,P00662,1,129.76,129.76,Online,Insurance,,EMP002,0,Yes
S00171,1/30/2023,P01647,16,74.85,1197.6,Clinic,Insurance,,EMP017,0,Yes
S00172,7/29/2023,P00914,42,14.96,628.32,Wholesale,Credit Card,,EMP032,0,No
S00173,11/4/2022,P00786,35,149,5215,Clinic,Cash,,EMP036,0,No
S00174,1/8/2023,P00067,84,56.75,4767,Wholesale,Debit Card,,EMP019,0,No
S00175,1/18/2022,P00811,71,72.78,5167.38,Retail,Credit Card,,EMP021,0,No
S00176,11/2/2022,P00645,71,221.7,15740.7,Wholesale,Credit Card,,EMP010,0,No
S00177,7/10/2023,P01167,66,129.78,8565.48,Clinic,Insurance,,EMP013,0,Yes
S00178,1/19/2023,P00713,97,63.16,6126.52,Clinic,Debit Card,,EMP001,0,No
S00179,8/19/2022,P01796,80,60.84,4867.2,Wholesale,Debit Card,,EMP003,0,No
S00180,2/26/2022,P00148,54,100.11,5405.94,Retail,Insurance,RX-4105,EMP018,0.36,Yes
S00181,9/29/2022,P01145,27,201.2,5432.4,Wholesale,Credit Card,,EMP017,0,No
S00182,9/10/2022,P00909,35,89.53,3133.55,Wholesale,Credit Card,,EMP036,0,No
S00183,6/8/2023,P01871,16,13.9,222.4,Online,Cash,,EMP037,4.19,No
S00184,9/24/2022,P00575,84,60.33,5067.72,Online,Insurance,,EMP043,0,Yes
S00185,7/19/2023,P00005,74,20.55,1520.7,Online,Debit Card,,EMP041,0,No
S00186,7/31/2023,P00878,21,102.66,2155.86,Online,Cash,,EMP038,0,No
S00187,8/10/2023,P01040,97,39.14,3796.58,Clinic,Insurance,,EMP014,0,Yes
S00188,2/18/2023,P00238,82,69.43,5693.26,Clinic,Cash,,EMP017,15.59,No
S00189,6/17/2023,P01801,37,106.78,3950.86,Wholesale,Cash,,EMP049,2.29,No
S00190,9/6/2023,P01723,98,102.92,10086.16,Wholesale,Cash,,EMP031,0,No
S00191,7/21/2023,P00370,6,25.19,151.14,Online,Cash,,EMP021,0,No
S00192,3/28/2023,P01145,38,201.2,7645.6,Wholesale,Debit Card,,EMP035,0,No
S00193,1/3/2023,P00451,46,110.37,5077.02,Hospital,Credit Card,,EMP018,0,No
S00194,8/12/2022,P01602,88,35.79,3149.52,Retail,Debit Card,RX-4876,EMP004,0,No
S00195,11/17/2023,P00502,56,28.23,1580.88,Retail,Debit Card,RX-1071,EMP015,0,No
S00196,1/4/2023,P01686,35,7.97,278.95,Clinic,Insurance,,EMP034,0.68,Yes
S00197,4/13/2023,P00869,91,136.48,12419.68,Wholesale,Credit Card,,EMP009,0,No
S00198,7/17/2022,P00293,61,81.18,4951.98,Retail,Debit Card,RX-8892,EMP041,15.78,No
S00199,7/1/2023,P00152,20,128.17,2563.4,Wholesale,Credit Card,,EMP040,0,No
S00200,12/4/2023,P01844,98,74.6,7310.8,Retail,Cash,,EMP001,0,No
S00201,2/27/2022,P00044,30,105.96,3178.8,Online,Debit Card,,EMP017,0,No
S00202,4/18/2022,P00526,20,97.95,1959,Hospital,Debit Card,,EMP015,0,No
S00203,7/1/2022,P00717,49,151.85,7440.65,Clinic,Debit Card,,EMP019,11.04,No
S00204,6/26/2022,P01554,19,3.9,74.1,Online,Credit Card,,EMP046,0,No
S00205,6/9/2023,P01001,28,131.55,3683.4,Hospital,Debit Card,,EMP001,0,No
S00206,10/30/2023,P01993,55,97.17,5344.35,Clinic,Insurance,,EMP001,0,Yes
S00207,12/9/2023,P00734,27,85.58,2310.66,Clinic,Debit Card,,EMP025,2.4,No
S00208,4/25/2022,P01135,63,9.94,626.22,Retail,Cash,RX-9354,EMP047,0,No
S00209,12/26/2022,P00679,78,181.72,14174.16,Wholesale,Cash,,EMP014,0,No
S00210,6/19/2023,P01949,71,75.33,5348.43,Retail,Credit Card,RX-6299,EMP023,0,No
S00211,4/18/2022,P00792,85,60.33,5128.05,Wholesale,Credit Card,,EMP013,0,No
S00212,9/9/2023,P00437,22,94.25,2073.5,Wholesale,Insurance,,EMP034,0,Yes
S00213,8/13/2022,P00334,99,86.86,8599.14,Clinic,Insurance,,EMP029,0,Yes
S00214,3/21/2023,P01270,4,28.65,114.6,Hospital,Cash,,EMP039,0,No
S00215,12/9/2022,P00769,37,47.7,1764.9,Clinic,Debit Card,,EMP042,0,No
S00216,4/18/2023,P00835,85,65.1,5533.5,Hospital,Credit Card,,EMP042,0,No
S00217,4/16/2022,P00118,62,91.68,5684.16,Clinic,Cash,,EMP024,0,No
S00218,7/31/2022,P00478,41,90.24,3699.84,Hospital,Cash,,EMP044,0,No
S00219,1/17/2022,P00890,58,12.27,711.66,Hospital,Debit Card,,EMP029,0,No
S00220,11/30/2022,P00120,21,44.48,934.08,Clinic,Credit Card,,EMP006,9.81,No
S00221,8/2/2023,P01567,8,31.37,250.96,Hospital,Credit Card,,EMP028,19.98,No
S00222,9/17/2022,P01505,13,109.43,1422.59,Clinic,Cash,,EMP004,0,No
S00223,5/16/2023,P00339,24,2.57,61.68,Hospital,Debit Card,,EMP023,0,No
S00224,7/2/2022,P00265,14,80.01,1120.14,Clinic,Insurance,,EMP031,0,Yes
S00225,9/1/2022,P01290,30,69.67,2090.1,Retail,Insurance,RX-4437,EMP045,0,Yes
S00226,2/16/2023,P01377,43,62.35,2681.05,Wholesale,Credit Card,,EMP039,0,No
S00227,1/31/2022,P00800,6,113.61,681.66,Retail,Debit Card,RX-5746,EMP048,0,No
S00228,1/5/2023,P00049,55,20.85,1146.75,Retail,Credit Card,,EMP032,0,No
S00229,5/17/2023,P01628,43,18.06,776.58,Clinic,Cash,,EMP031,0,No
S00230,1/19/2022,P01198,7,89.35,625.45,Wholesale,Credit Card,,EMP036,0,No
S00231,4/15/2022,P00321,68,36.45,2478.6,Online,Debit Card,,EMP012,0,No
S00232,8/13/2022,P00716,56,107.33,6010.48,Wholesale,Credit Card,,EMP015,0,No
S00233,1/20/2023,P00629,84,117.24,9848.16,Wholesale,Credit Card,,EMP033,12.67,No
S00234,3/15/2022,P01348,42,18.24,766.08,Online,Insurance,,EMP016,6.29,Yes
S00235,4/12/2023,P01675,55,78.72,4329.6,Clinic,Insurance,,EMP018,0,Yes
S00236,1/15/2022,P01783,58,128.03,7425.74,Hospital,Insurance,,EMP029,0,Yes
S00237,7/4/2023,P00123,36,70.2,2527.2,Wholesale,Debit Card,,EMP032,0,No
S00238,9/6/2022,P01241,26,65.5,1703,Online,Debit Card,,EMP031,0,No
S00239,11/19/2023,P01845,18,41.18,741.24,Retail,Debit Card,RX-2141,EMP017,0,No
S00240,4/14/2023,P01520,15,10.44,156.6,Wholesale,Credit Card,,EMP024,0,No
S00241,12/12/2023,P01409,73,38.54,2813.42,Retail,Cash,RX-4902,EMP031,5,No
S00242,3/28/2023,P01574,18,119.21,2145.78,Online,Credit Card,,EMP018,0,No
S00243,9/23/2023,P01722,95,151.35,14378.25,Online,Insurance,,EMP027,2.37,Yes
S00244,11/2/2023,P00740,92,8.99,827.08,Wholesale,Cash,,EMP003,0,No
S00245,10/29/2022,P00635,9,83.53,751.77,Clinic,Cash,,EMP044,0,No
S00246,2/28/2022,P00003,66,56.87,3753.42,Online,Credit Card,,EMP006,0,No
S00247,6/14/2022,P00175,37,69.34,2565.58,Clinic,Insurance,,EMP025,0,Yes
S00248,8/30/2022,P01788,11,14.15,155.65,Clinic,Insurance,,EMP008,3.42,Yes
S00249,9/17/2022,P00644,7,22.98,160.86,Retail,Debit Card,,EMP020,0,No
S00250,1/21/2023,P00836,60,15.91,954.6,Clinic,Cash,,EMP040,0,No
S00251,9/10/2023,P01614,33,27.6,910.8,Clinic,Insurance,,EMP022,0,Yes
S00252,2/10/2022,P01658,66,162.03,10693.98,Retail,Credit Card,RX-1663,EMP041,16.14,No
S00253,2/9/2023,P00797,67,106.56,7139.52,Wholesale,Insurance,,EMP012,10.62,Yes
S00254,11/28/2022,P01652,34,119.86,4075.24,Online,Credit Card,,EMP022,4.61,No
S00255,3/14/2023,P01529,75,106.15,7961.25,Clinic,Insurance,,EMP025,0,Yes
S00256,5/9/2022,P01923,17,116.05,1972.85,Wholesale,Cash,,EMP031,0,No
S00257,6/3/2023,P01565,99,161.78,16016.22,Online,Insurance,,EMP005,8.95,Yes
S00258,4/18/2023,P01164,48,131.57,6315.36,Clinic,Debit Card,,EMP032,0,No
S00259,1/16/2022,P00731,47,100.39,4718.33,Wholesale,Debit Card,,EMP031,0,No
S00260,8/17/2022,P01016,78,111.06,8662.68,Wholesale,Insurance,,EMP003,0,Yes
S00261,1/21/2023,P01055,53,171.1,9068.3,Hospital,Insurance,,EMP014,18.71,Yes
S00262,6/16/2023,P01683,47,54.26,2550.22,Clinic,Credit Card,,EMP046,8.14,No
S00263,11/28/2022,P00125,74,51.68,3824.32,Clinic,Credit Card,,EMP002,0,No
S00264,8/15/2023,P01072,79,134.15,10597.85,Wholesale,Insurance,,EMP012,0,Yes
S00265,7/22/2023,P01593,72,42.3,3045.6,Retail,Cash,,EMP032,1.14,No
S00266,1/19/2023,P00485,28,38.73,1084.44,Clinic,Debit Card,,EMP033,0,No
S00267,10/22/2022,P01157,95,88.59,8416.05,Wholesale,Insurance,,EMP026,5.61,Yes
S00268,3/13/2022,P00107,67,48.96,3280.32,Wholesale,Credit Card,,EMP006,0,No
S00269,2/9/2022,P01775,63,4.24,267.12,Wholesale,Cash,,EMP016,15.29,No
S00270,4/27/2023,P01972,83,76.2,6324.6,Wholesale,Credit Card,,EMP038,2.59,No
S00271,7/7/2022,P01416,47,59.15,2780.05,Clinic,Insurance,,EMP019,1,Yes
S00272,2/10/2023,P00449,69,40.53,2796.57,Online,Insurance,,EMP005,19.67,Yes
S00273,8/31/2022,P01478,21,210.18,4413.78,Retail,Cash,RX-3538,EMP020,0,No
S00274,5/8/2022,P01301,20,72.01,1440.2,Retail,Cash,RX-7997,EMP043,0,No
S00275,10/23/2022,P00090,14,11.29,158.06,Clinic,Insurance,,EMP004,0,Yes
S00276,3/1/2022,P00924,48,42.32,2031.36,Clinic,Insurance,,EMP038,0,Yes
S00277,7/22/2022,P00139,42,121.57,5105.94,Retail,Insurance,RX-5373,EMP049,0,Yes
S00278,1/30/2022,P01926,12,15.36,184.32,Clinic,Debit Card,,EMP018,0,No
S00279,4/4/2022,P00940,58,51.09,2963.22,Clinic,Debit Card,,EMP038,18.24,No
S00280,7/18/2022,P00988,75,101.07,7580.25,Online,Credit Card,,EMP020,0,No
S00281,12/1/2023,P01427,48,46.36,2225.28,Clinic,Debit Card,,EMP023,0,No
S00282,3/2/2022,P01912,59,38.66,2280.94,Online,Insurance,,EMP033,0,Yes
S00283,4/7/2022,P00831,42,14.26,598.92,Online,Credit Card,,EMP035,11.67,No
S00284,9/18/2022,P01294,27,117.76,3179.52,Wholesale,Insurance,,EMP044,1.76,Yes
S00285,9/12/2022,P01304,76,34.84,2647.84,Online,Debit Card,,EMP039,0,No
S00286,11/24/2023,P00588,59,42.82,2526.38,Hospital,Debit Card,,EMP046,0,No
S00287,8/13/2023,P00502,99,28.23,2794.77,Hospital,Debit Card,,EMP032,7.54,No
S00288,12/7/2023,P01552,23,124.04,2852.92,Hospital,Debit Card,,EMP031,0.81,No
S00289,3/31/2022,P01819,34,22.43,762.62,Online,Insurance,,EMP031,10.32,Yes
S00290,9/25/2023,P00638,63,24.83,1564.29,Online,Insurance,,EMP048,0,Yes
S00291,12/10/2023,P00458,31,121.5,3766.5,Retail,Credit Card,,EMP001,0,No
S00292,4/4/2023,P01232,4,15.73,62.92,Clinic,Insurance,,EMP015,3.46,Yes
S00293,1/25/2022,P01904,65,95.03,6176.95,Clinic,Insurance,,EMP032,0,Yes
S00294,7/5/2023,P00503,51,84.42,4305.42,Hospital,Debit Card,,EMP038,0,No
S00295,10/14/2022,P00249,96,159.98,15358.08,Hospital,Cash,,EMP034,0,No
S00296,1/7/2022,P01696,65,90.79,5901.35,Retail,Cash,RX-8267,EMP015,2.43,No
S00297,10/30/2023,P00233,26,39.25,1020.5,Clinic,Cash,,EMP045,0,No
S00298,3/7/2022,P01448,96,159.1,15273.6,Hospital,Insurance,,EMP029,18.92,Yes
S00299,8/22/2022,P01210,68,157.53,10712.04,Hospital,Debit Card,,EMP005,0,No
S00300,10/11/2023,P00537,52,181.11,9417.72,Clinic,Debit Card,,EMP033,0,No
S00301,12/30/2023,P00930,60,203.28,12196.8,Retail,Debit Card,,EMP029,14.49,No
S00302,5/25/2022,P00062,53,90.24,4782.72,Clinic,Insurance,,EMP026,0,Yes
S00303,4/12/2023,P00003,2,56.87,113.74,Clinic,Insurance,,EMP040,0,Yes
S00304,12/18/2022,P01074,14,10.51,147.14,Retail,Insurance,,EMP032,0,Yes
S00305,11/21/2022,P01965,41,55.04,2256.64,Retail,Credit Card,RX-9424,EMP008,0,No
S00306,12/14/2023,P01689,9,144.18,1297.62,Hospital,Debit Card,,EMP012,13.34,No
S00307,9/16/2023,P00236,90,96.72,8704.8,Hospital,Cash,,EMP031,17.67,No
S00308,12/5/2022,P00388,35,21.6,756,Wholesale,Cash,,EMP028,0,No
S00309,12/6/2023,P01219,33,39.41,1300.53,Wholesale,Credit Card,,EMP017,0,No
S00310,7/10/2022,P01883,82,111.81,9168.42,Retail,Insurance,,EMP015,0,Yes
S00311,10/16/2023,P01977,77,220.12,16949.24,Clinic,Credit Card,,EMP014,2.03,No
S00312,4/22/2022,P01224,21,105.41,2213.61,Clinic,Insurance,,EMP016,0,Yes
S00313,8/7/2023,P01309,79,48.05,3795.95,Clinic,Credit Card,,EMP031,19.55,No
S00314,7/22/2022,P00492,96,57.1,5481.6,Retail,Debit Card,RX-1374,EMP030,0,No
S00315,3/28/2023,P00072,72,104.29,7508.88,Online,Credit Card,,EMP036,0,No
S00316,11/16/2023,P01822,22,55.79,1227.38,Online,Debit Card,,EMP044,0.34,No
S00317,8/6/2023,P01022,16,28.66,458.56,Wholesale,Cash,,EMP013,0,No
S00318,1/25/2023,P01718,68,106.83,7264.44,Hospital,Insurance,,EMP009,0,Yes
S00319,8/19/2023,P00043,46,127.26,5853.96,Clinic,Credit Card,,EMP040,0,No
S00320,1/3/2023,P00781,64,67.18,4299.52,Retail,Insurance,RX-4169,EMP015,0,Yes
S00321,2/15/2022,P01386,90,40.93,3683.7,Hospital,Insurance,,EMP019,0,Yes
S00322,1/11/2023,P01034,54,69.33,3743.82,Clinic,Insurance,,EMP024,0,Yes
S00323,11/8/2023,P01705,40,109.89,4395.6,Clinic,Debit Card,,EMP028,0,No
S00324,12/28/2023,P01256,61,19.41,1184.01,Online,Credit Card,,EMP026,0,No
S00325,6/9/2022,P00306,74,69.16,5117.84,Wholesale,Insurance,,EMP044,5.1,Yes
S00326,12/15/2023,P01757,26,142.14,3695.64,Wholesale,Cash,,EMP010,0,No
S00327,11/8/2023,P00427,20,77.02,1540.4,Online,Cash,,EMP033,0,No
S00328,3/11/2022,P00170,82,215.87,17701.34,Hospital,Credit Card,,EMP019,0,No
S00329,5/30/2022,P00258,20,72.04,1440.8,Online,Insurance,,EMP029,0,Yes
S00330,4/9/2023,P00326,50,29.89,1494.5,Retail,Cash,RX-8066,EMP022,0,No
S00331,4/25/2023,P00041,14,14.29,200.06,Clinic,Credit Card,,EMP032,0.59,No
S00332,3/23/2022,P00844,46,95.28,4382.88,Online,Credit Card,,EMP017,9.69,No
S00333,5/6/2023,P00828,24,70.11,1682.64,Retail,Debit Card,,EMP043,0,No
S00334,9/19/2022,P01532,84,225.38,18931.92,Retail,Insurance,,EMP043,0,Yes
S00335,10/4/2022,P00756,34,100.43,3414.62,Online,Cash,,EMP047,4.69,No
S00336,10/18/2023,P00862,84,52.19,4383.96,Clinic,Insurance,,EMP015,0,Yes
S00337,9/27/2022,P01666,28,85.16,2384.48,Online,Cash,,EMP030,0,No
S00338,10/20/2022,P00646,51,16.71,852.21,Hospital,Credit Card,,EMP029,0,No
S00339,10/8/2022,P00692,41,23.55,965.55,Online,Insurance,,EMP046,0,Yes
S00340,6/3/2022,P01231,62,226.74,14057.88,Online,Debit Card,,EMP040,0,No
S00341,7/8/2022,P00702,75,63.86,4789.5,Clinic,Insurance,,EMP039,0,Yes
S00342,3/1/2023,P00993,50,189.06,9453,Hospital,Credit Card,,EMP011,0,No
S00343,1/26/2023,P01439,29,35.93,1041.97,Wholesale,Insurance,,EMP001,0,Yes
S00344,11/10/2022,P00845,59,62.61,3693.99,Retail,Credit Card,RX-2345,EMP012,19,No
S00345,11/27/2023,P00910,27,43.29,1168.83,Retail,Cash,RX-9190,EMP029,0,No
S00346,1/13/2022,P00539,71,146.43,10396.53,Hospital,Insurance,,EMP033,0.8,Yes
S00347,2/16/2023,P01086,13,59.4,772.2,Online,Debit Card,,EMP030,0,No
S00348,3/4/2023,P00343,16,99.84,1597.44,Clinic,Credit Card,,EMP024,0,No
S00349,1/17/2022,P00369,71,150.98,10719.58,Hospital,Cash,,EMP025,18.94,No
S00350,4/23/2022,P01211,76,3.27,248.52,Wholesale,Insurance,,EMP036,0,Yes
S00351,6/28/2022,P01441,51,65.69,3350.19,Clinic,Credit Card,,EMP034,9.83,No
S00352,7/17/2023,P00008,35,187.83,6574.05,Hospital,Cash,,EMP007,6.55,No
S00353,2/27/2023,P01138,67,198.92,13327.64,Retail,Insurance,,EMP018,0,Yes
S00354,8/31/2022,P00920,63,214.11,13488.93,Clinic,Debit Card,,EMP031,0,No
S00355,8/28/2022,P00604,88,157.12,13826.56,Online,Credit Card,,EMP014,0,No
S00356,7/7/2022,P01554,17,3.9,66.3,Online,Cash,,EMP038,0,No
S00357,3/20/2023,P00520,35,80.7,2824.5,Online,Credit Card,,EMP004,15.91,No
S00358,10/10/2023,P01708,9,125.41,1128.69,Wholesale,Insurance,,EMP042,0,Yes
S00359,11/10/2023,P00247,24,88.11,2114.64,Wholesale,Credit Card,,EMP020,0,No
S00360,1/7/2022,P00583,18,41.68,750.24,Online,Cash,,EMP019,0,No
S00361,11/30/2022,P01470,83,142.51,11828.33,Retail,Cash,RX-3485,EMP023,0,No
S00362,2/14/2022,P00382,39,36.37,1418.43,Online,Insurance,,EMP047,0,Yes
S00363,5/16/2023,P00108,43,70.51,3031.93,Online,Insurance,,EMP005,0,Yes
S00364,4/27/2023,P00800,97,113.61,11020.17,Retail,Insurance,RX-8435,EMP034,15.55,Yes
S00365,10/22/2022,P01012,82,34.08,2794.56,Online,Debit Card,,EMP003,0,No
S00366,4/8/2022,P01490,26,175.76,4569.76,Online,Credit Card,,EMP008,15.4,No
S00367,3/4/2023,P01532,49,225.38,11043.62,Wholesale,Debit Card,,EMP013,0,No
S00368,1/9/2023,P00640,86,30.09,2587.74,Clinic,Credit Card,,EMP029,0,No
S00369,1/29/2022,P00223,66,103.7,6844.2,Wholesale,Insurance,,EMP024,0,Yes
S00370,4/14/2023,P00448,36,38.59,1389.24,Wholesale,Debit Card,,EMP010,0,No
S00371,11/16/2023,P01031,57,179.32,10221.24,Online,Debit Card,,EMP041,0,No
S00372,7/23/2022,P00059,1,70.29,70.29,Clinic,Insurance,,EMP036,12.18,Yes
S00373,11/14/2023,P01561,98,91.14,8931.72,Online,Cash,,EMP006,0,No
S00374,5/8/2023,P01172,1,48.49,48.49,Clinic,Credit Card,,EMP021,0,No
S00375,10/27/2022,P01470,75,142.51,10688.25,Retail,Cash,RX-9747,EMP037,17.47,No
S00376,3/27/2022,P00434,82,95.52,7832.64,Online,Cash,,EMP034,7.08,No
S00377,5/10/2022,P00278,75,20.86,1564.5,Online,Insurance,,EMP045,0,Yes
S00378,11/16/2023,P01976,50,186.93,9346.5,Hospital,Insurance,,EMP022,0,Yes
S00379,9/18/2022,P01177,37,102.33,3786.21,Online,Cash,,EMP030,0,No
S00380,11/19/2022,P01939,87,3.63,315.81,Online,Cash,,EMP023,0,No
S00381,4/16/2023,P01031,23,179.32,4124.36,Wholesale,Credit Card,,EMP027,0,No
S00382,10/3/2023,P00345,4,121.08,484.32,Online,Credit Card,,EMP011,0,No
S00383,6/12/2023,P01094,92,29.11,2678.12,Wholesale,Debit Card,,EMP048,0,No
S00384,11/27/2023,P00299,8,101.15,809.2,Retail,Insurance,RX-6894,EMP012,0,Yes
S00385,4/11/2023,P01800,89,164.87,14673.43,Clinic,Credit Card,,EMP024,0,No
S00386,10/17/2022,P00844,63,95.28,6002.64,Online,Debit Card,,EMP024,0,No
S00387,1/15/2022,P01336,29,27.52,798.08,Hospital,Insurance,,EMP036,0,Yes
S00388,2/28/2022,P00333,84,65.18,5475.12,Hospital,Debit Card,,EMP027,0,No
S00389,6/8/2023,P01389,2,6.18,12.36,Wholesale,Insurance,,EMP035,6.24,Yes
S00390,7/16/2022,P01489,43,86.68,3727.24,Clinic,Cash,,EMP008,0,No
S00391,2/28/2023,P00298,33,84.68,2794.44,Clinic,Insurance,,EMP034,0,Yes
S00392,10/2/2022,P00344,69,198.84,13719.96,Online,Credit Card,,EMP036,0,No
S00393,3/30/2022,P00711,16,213.93,3422.88,Retail,Insurance,RX-8484,EMP018,0,Yes
S00394,3/27/2022,P01058,3,69.6,208.8,Wholesale,Cash,,EMP004,5.75,No
S00395,8/29/2022,P00225,93,145.97,13575.21,Retail,Insurance,RX-5525,EMP011,9.48,Yes
S00396,8/16/2022,P00716,28,107.33,3005.24,Wholesale,Cash,,EMP034,0,No
S00397,2/2/2022,P01382,24,150.79,3618.96,Retail,Debit Card,,EMP012,0,No
S00398,8/10/2022,P00684,34,68.22,2319.48,Online,Debit Card,,EMP001,0,No
S00399,2/8/2023,P00029,66,171.56,11322.96,Online,Cash,,EMP024,0,No
S00400,7/12/2022,P00277,60,90.88,5452.8,Online,Credit Card,,EMP042,11.49,No
S00401,10/12/2023,P01751,64,18.2,1164.8,Hospital,Credit Card,,EMP029,0,No
S00402,1/9/2022,P00415,75,163.45,12258.75,Wholesale,Debit Card,,EMP020,0,No
S00403,8/4/2023,P01094,74,29.11,2154.14,Online,Credit Card,,EMP009,0,No
S00404,12/23/2023,P01311,69,57.24,3949.56,Wholesale,Insurance,,EMP004,0,Yes
S00405,6/13/2023,P01124,71,138.68,9846.28,Online,Insurance,,EMP006,0,Yes
S00406,8/21/2022,P01419,29,47.73,1384.17,Retail,Debit Card,,EMP008,0,No
S00407,1/24/2022,P01458,20,71.77,1435.4,Online,Credit Card,,EMP001,0,No
S00408,3/5/2022,P00674,88,102.63,9031.44,Clinic,Insurance,,EMP028,0,Yes
S00409,1/12/2023,P01181,10,92.35,923.5,Wholesale,Cash,,EMP019,13.74,No
S00410,6/20/2023,P01568,18,55.69,1002.42,Wholesale,Insurance,,EMP011,5.54,Yes
S00411,1/25/2022,P01517,59,38.56,2275.04,Wholesale,Credit Card,,EMP037,0,No
S00412,12/8/2022,P00194,93,138.04,12837.72,Retail,Cash,RX-8714,EMP047,18.77,No
S00413,6/11/2023,P00698,57,43.84,2498.88,Clinic,Cash,,EMP037,0,No
S00414,8/17/2023,P01051,97,96.17,9328.49,Online,Insurance,,EMP012,11.09,Yes
S00415,10/2/2022,P01660,60,228.02,13681.2,Online,Cash,,EMP021,0,No
S00416,1/30/2023,P01245,7,149.64,1047.48,Hospital,Insurance,,EMP034,0,Yes
S00417,3/1/2022,P00029,50,171.56,8578,Wholesale,Insurance,,EMP049,10.28,Yes
S00418,1/2/2022,P00636,95,98.41,9348.95,Hospital,Debit Card,,EMP027,0,No
S00419,3/2/2022,P00583,44,41.68,1833.92,Hospital,Debit Card,,EMP030,0,No
S00420,9/21/2023,P01242,71,117.09,8313.39,Hospital,Debit Card,,EMP048,0.77,No
S00421,12/19/2023,P00621,78,87.5,6825,Wholesale,Credit Card,,EMP001,1.11,No
S00422,11/9/2022,P00364,55,74.29,4085.95,Retail,Credit Card,RX-7571,EMP006,0,No
S00423,3/31/2022,P01352,26,173.6,4513.6,Hospital,Insurance,,EMP033,0,Yes
S00424,11/6/2023,P00135,44,34.27,1507.88,Wholesale,Credit Card,,EMP020,0,No
S00425,6/28/2022,P01513,16,143.09,2289.44,Online,Debit Card,,EMP022,0,No
S00426,12/30/2022,P01076,7,197.42,1381.94,Wholesale,Credit Card,,EMP042,0,No
S00427,10/7/2022,P00448,88,38.59,3395.92,Hospital,Credit Card,,EMP032,0,No
S00428,6/20/2022,P01005,73,60.58,4422.34,Retail,Cash,RX-8513,EMP049,16.03,No
S00429,5/10/2023,P00570,60,96.73,5803.8,Wholesale,Debit Card,,EMP035,0,No
S00430,9/8/2023,P00192,47,183.8,8638.6,Retail,Cash,,EMP031,0,No
S00431,3/29/2023,P00353,98,39.83,3903.34,Online,Credit Card,,EMP024,0,No
S00432,1/21/2023,P01081,29,97.67,2832.43,Hospital,Debit Card,,EMP007,0,No
S00433,4/7/2023,P01487,3,24.77,74.31,Retail,Debit Card,RX-1003,EMP038,0,No
S00434,7/17/2022,P01902,42,79.89,3355.38,Wholesale,Insurance,,EMP045,0,Yes
S00435,8/18/2023,P01640,7,160.59,1124.13,Hospital,Debit Card,,EMP036,7.75,No
S00436,7/6/2023,P01103,9,33.37,300.33,Retail,Debit Card,RX-9977,EMP023,0,No
S00437,6/5/2023,P00494,81,37.22,3014.82,Retail,Cash,,EMP042,4.46,No
S00438,12/4/2023,P00642,95,43.6,4142,Clinic,Cash,,EMP031,0,No
S00439,7/24/2022,P01151,21,89.88,1887.48,Online,Cash,,EMP049,5.85,No
S00440,11/28/2023,P01217,65,205.24,13340.6,Retail,Credit Card,RX-8113,EMP026,0.69,No
S00441,9/4/2022,P00389,77,164.91,12698.07,Wholesale,Cash,,EMP044,0,No
S00442,12/12/2022,P01084,66,21.59,1424.94,Online,Debit Card,,EMP046,0,No
S00443,11/29/2023,P01665,38,110.17,4186.46,Wholesale,Credit Card,,EMP026,0,No
S00444,11/26/2022,P00078,98,182.73,17907.54,Online,Cash,,EMP043,0,No
S00445,4/28/2023,P01531,7,112.27,785.89,Hospital,Credit Card,,EMP008,19.01,No
S00446,5/30/2023,P01658,43,162.03,6967.29,Wholesale,Debit Card,,EMP030,3.02,No
S00447,5/24/2022,P00023,34,83.93,2853.62,Retail,Insurance,RX-4135,EMP025,0,Yes
S00448,2/10/2022,P01330,30,131,3930,Online,Insurance,,EMP038,0,Yes
S00449,3/5/2022,P00691,3,183.27,549.81,Retail,Cash,,EMP039,0,No
S00450,6/19/2022,P00560,2,191.25,382.5,Retail,Insurance,RX-2295,EMP007,0,Yes
S00451,10/17/2022,P01502,54,203.2,10972.8,Retail,Insurance,RX-3675,EMP047,0,Yes
S00452,7/29/2022,P01885,81,60.15,4872.15,Clinic,Credit Card,,EMP009,6.45,No
S00453,5/27/2023,P00756,15,100.43,1506.45,Clinic,Cash,,EMP042,0,No
S00454,4/2/2022,P00092,98,19.77,1937.46,Hospital,Insurance,,EMP015,0,Yes
S00455,3/11/2023,P00068,91,26.69,2428.79,Retail,Cash,RX-1385,EMP036,0,No
S00456,8/21/2023,P01997,19,13.26,251.94,Online,Cash,,EMP003,0,No
S00457,4/17/2023,P00619,26,25.24,656.24,Hospital,Credit Card,,EMP021,0,No
S00458,10/27/2022,P01938,77,133.27,10261.79,Retail,Insurance,RX-8647,EMP010,14.37,Yes
S00459,4/28/2022,P01649,54,63.39,3423.06,Hospital,Credit Card,,EMP047,0,No
S00460,6/23/2023,P00649,14,72.3,1012.2,Retail,Cash,RX-4282,EMP003,2.65,No
S00461,7/18/2023,P00256,7,148.85,1041.95,Clinic,Cash,,EMP029,6.25,No
S00462,10/18/2022,P00681,68,105.09,7146.12,Online,Insurance,,EMP003,0,Yes
S00463,12/19/2022,P00539,76,146.43,11128.68,Hospital,Insurance,,EMP042,15.43,Yes
S00464,5/18/2022,P01113,7,30.9,216.3,Hospital,Insurance,,EMP012,0,Yes
S00465,8/31/2022,P01928,28,135.95,3806.6,Hospital,Cash,,EMP008,0,No
S00466,8/2/2023,P01512,92,220.1,20249.2,Online,Credit Card,,EMP007,0,No
S00467,6/20/2023,P00986,93,21.93,2039.49,Hospital,Debit Card,,EMP026,12.13,No
S00468,9/27/2022,P01468,67,23.79,1593.93,Online,Cash,,EMP029,0,No
S00469,4/24/2022,P00209,21,22.25,467.25,Online,Cash,,EMP017,0,No
S00470,5/30/2023,P00579,8,41.3,330.4,Wholesale,Debit Card,,EMP023,0,No
S00471,12/10/2023,P01317,76,146.16,11108.16,Retail,Cash,RX-4501,EMP018,12.21,No
S00472,1/2/2023,P01759,31,31.56,978.36,Wholesale,Cash,,EMP012,0,No
S00473,12/26/2022,P00297,76,91.57,6959.32,Hospital,Debit Card,,EMP018,3.87,No
S00474,7/26/2022,P01739,89,134.95,12010.55,Online,Credit Card,,EMP011,0,No
S00475,10/18/2022,P00973,24,162.65,3903.6,Online,Cash,,EMP020,0,No
S00476,2/19/2022,P00199,26,98.58,2563.08,Clinic,Cash,,EMP028,0,No
S00477,5/28/2023,P01604,81,23.5,1903.5,Retail,Insurance,RX-8626,EMP036,0,Yes
S00478,3/3/2023,P00944,54,91.39,4935.06,Online,Credit Card,,EMP045,8.66,No
S00479,10/5/2023,P01583,42,104.95,4407.9,Clinic,Insurance,,EMP024,1.22,Yes
S00480,3/10/2023,P00106,43,77.97,3352.71,Clinic,Cash,,EMP049,0,No
S00481,3/19/2023,P01940,40,226.83,9073.2,Online,Credit Card,,EMP047,14.94,No
S00482,3/2/2022,P01470,92,142.51,13110.92,Retail,Cash,RX-2612,EMP041,4.44,No
S00483,10/11/2023,P00896,3,98.64,295.92,Retail,Credit Card,RX-3908,EMP011,0,No
S00484,12/27/2022,P00847,21,78.12,1640.52,Hospital,Debit Card,,EMP021,0,No
S00485,8/13/2022,P00531,85,87.51,7438.35,Online,Cash,,EMP004,1.6,No
S00486,8/8/2022,P01622,72,59.49,4283.28,Wholesale,Credit Card,,EMP028,0,No
S00487,4/27/2023,P00117,78,201.12,15687.36,Hospital,Insurance,,EMP002,0,Yes
S00488,6/20/2023,P01313,7,108.25,757.75,Retail,Insurance,RX-9861,EMP013,0,Yes
S00489,2/9/2023,P00319,49,149.01,7301.49,Clinic,Debit Card,,EMP021,0,No
S00490,3/6/2022,P01520,11,10.44,114.84,Clinic,Credit Card,,EMP035,0,No
S00491,12/17/2022,P00492,48,57.1,2740.8,Retail,Credit Card,RX-4692,EMP038,0,No
S00492,2/16/2023,P00140,15,89.42,1341.3,Online,Credit Card,,EMP017,0,No
S00493,11/13/2022,P01902,4,79.89,319.56,Hospital,Debit Card,,EMP045,0,No
S00494,2/23/2022,P01180,58,197.21,11438.18,Clinic,Credit Card,,EMP029,0,No
S00495,1/16/2023,P01802,43,115.73,4976.39,Retail,Insurance,RX-6937,EMP038,0,Yes
S00496,9/17/2022,P00581,85,148.56,12627.6,Online,Credit Card,,EMP028,0,No
S00497,6/5/2023,P00904,48,13.22,634.56,Retail,Debit Card,RX-9283,EMP021,13.35,No
S00498,7/31/2023,P01181,18,92.35,1662.3,Hospital,Debit Card,,EMP031,15.95,No
S00499,12/25/2022,P01970,57,203.19,11581.83,Online,Cash,,EMP047,5.25,No
S00500,9/24/2022,P01787,29,18.34,531.86,Retail,Debit Card,RX-8544,EMP023,0,No
S00501,6/1/2022,P01410,84,46.2,3880.8,Clinic,Insurance,,EMP018,11.55,Yes
S00502,11/3/2023,P01201,67,32.37,2168.79,Online,Credit Card,,EMP002,6.76,No
S00503,9/18/2022,P01259,78,3.86,301.08,Clinic,Credit Card,,EMP003,0,No
S00504,8/26/2023,P01536,12,34.87,418.44,Hospital,Credit Card,,EMP045,0,No
S00505,1/23/2023,P00635,17,83.53,1420.01,Wholesale,Credit Card,,EMP004,5.5,No
S00506,8/30/2023,P00748,52,5.82,302.64,Retail,Insurance,RX-1319,EMP020,0,Yes
S00507,1/21/2023,P01170,36,141.83,5105.88,Online,Cash,,EMP020,0,No
S00508,6/14/2022,P01276,7,158.8,1111.6,Retail,Insurance,,EMP043,0,Yes
S00509,2/22/2022,P00088,45,100.5,4522.5,Retail,Cash,RX-9900,EMP015,0,No
S00510,5/21/2023,P00820,11,97.7,1074.7,Online,Insurance,,EMP001,0,Yes
S00511,7/13/2022,P00883,35,90.17,3155.95,Retail,Credit Card,RX-8281,EMP005,0,No
S00512,6/22/2022,P00213,47,152.87,7184.89,Hospital,Insurance,,EMP019,0,Yes
S00513,12/10/2023,P00348,84,36.87,3097.08,Online,Debit Card,,EMP017,0,No
S00514,2/8/2023,P01599,61,27.48,1676.28,Clinic,Insurance,,EMP008,5.52,Yes
S00515,10/31/2022,P01291,75,35.34,2650.5,Wholesale,Insurance,,EMP008,0,Yes
S00516,8/9/2023,P01471,74,158.03,11694.22,Clinic,Insurance,,EMP006,0,Yes
S00517,3/29/2023,P00491,28,63.87,1788.36,Online,Insurance,,EMP001,0,Yes
S00518,6/4/2022,P00281,50,80.64,4032,Retail,Credit Card,,EMP005,0,No
S00519,11/6/2023,P01505,35,109.43,3830.05,Wholesale,Credit Card,,EMP031,14.45,No
S00520,11/17/2023,P00585,29,69.68,2020.72,Online,Insurance,,EMP041,0,Yes
S00521,12/25/2023,P01639,2,10.24,20.48,Hospital,Insurance,,EMP016,17.31,Yes
S00522,2/25/2022,P00647,1,174.71,174.71,Online,Insurance,,EMP033,0,Yes
S00523,6/24/2023,P01402,40,123.72,4948.8,Hospital,Credit Card,,EMP036,0,No
S00524,6/27/2023,P00279,54,173.42,9364.68,Online,Debit Card,,EMP025,0,No
S00525,9/15/2022,P00890,31,12.27,380.37,Online,Debit Card,,EMP038,0,No
S00526,1/18/2022,P01271,78,33.58,2619.24,Online,Insurance,,EMP013,0.92,Yes
S00527,9/11/2022,P00803,72,80.56,5800.32,Wholesale,Debit Card,,EMP027,9.36,No
S00528,12/26/2022,P01950,2,122.1,244.2,Wholesale,Credit Card,,EMP047,0,No
S00529,9/22/2022,P01164,67,131.57,8815.19,Hospital,Credit Card,,EMP016,18.52,No
S00530,10/1/2023,P01642,40,166.85,6674,Clinic,Cash,,EMP030,0,No
S00531,2/1/2023,P00280,19,142.07,2699.33,Hospital,Debit Card,,EMP003,0,No
S00532,2/16/2023,P01048,38,14.25,541.5,Wholesale,Debit Card,,EMP038,5.88,No
S00533,6/9/2022,P01619,54,200.94,10850.76,Retail,Cash,,EMP044,12.53,No
S00534,2/20/2022,P00106,19,77.97,1481.43,Retail,Cash,RX-7024,EMP008,0,No
S00535,8/6/2022,P01829,50,50.98,2549,Clinic,Insurance,,EMP037,0,Yes
S00536,8/31/2022,P00630,76,41.82,3178.32,Hospital,Credit Card,,EMP033,10.07,No
S00537,12/26/2022,P01085,89,187.78,16712.42,Clinic,Credit Card,,EMP040,5.33,No
S00538,10/26/2023,P01786,92,134.87,12408.04,Online,Insurance,,EMP010,0,Yes
S00539,3/23/2022,P01837,41,49.77,2040.57,Clinic,Debit Card,,EMP010,6.17,No
S00540,6/28/2022,P00033,97,101.36,9831.92,Clinic,Insurance,,EMP006,0,Yes
S00541,2/19/2022,P00357,73,65.14,4755.22,Retail,Cash,,EMP018,1.18,No
S00542,8/4/2023,P01492,68,109.5,7446,Retail,Credit Card,,EMP012,0,No
S00543,12/1/2023,P01750,67,81.85,5483.95,Online,Insurance,,EMP047,0,Yes
S00544,2/20/2023,P01994,75,62.79,4709.25,Wholesale,Debit Card,,EMP041,0,No
S00545,9/26/2022,P00152,18,128.17,2307.06,Clinic,Insurance,,EMP009,10.43,Yes
S00546,9/10/2022,P01609,85,98.75,8393.75,Wholesale,Cash,,EMP021,0,No
S00547,1/4/2023,P00481,33,8.27,272.91,Hospital,Cash,,EMP043,19.63,No
S00548,11/11/2023,P01497,54,53.61,2894.94,Hospital,Credit Card,,EMP038,0,No
S00549,4/22/2022,P01682,15,192.82,2892.3,Clinic,Insurance,,EMP049,0,Yes
S00550,5/17/2023,P00411,20,205.72,4114.4,Online,Debit Card,,EMP012,0,No
S00551,10/25/2023,P00035,73,30.6,2233.8,Online,Cash,,EMP006,3.27,No
S00552,6/16/2022,P00009,62,9.58,593.96,Wholesale,Debit Card,,EMP007,0,No
S00553,1/29/2022,P00459,22,16.33,359.26,Retail,Cash,,EMP035,0,No
S00554,7/12/2022,P01447,90,116.25,10462.5,Wholesale,Insurance,,EMP021,15.66,Yes
S00555,8/30/2022,P00376,5,15.47,77.35,Wholesale,Cash,,EMP036,0,No
S00556,1/24/2023,P01213,23,34.97,804.31,Retail,Cash,RX-7848,EMP043,0,No
S00557,9/8/2023,P01520,85,10.44,887.4,Clinic,Cash,,EMP007,0,No
S00558,7/21/2022,P00564,79,128.81,10175.99,Wholesale,Insurance,,EMP028,0,Yes
S00559,9/15/2023,P01863,36,27.75,999,Clinic,Cash,,EMP046,0,No
S00560,1/1/2022,P00569,26,93.44,2429.44,Wholesale,Cash,,EMP018,0,No
S00561,1/15/2023,P01870,56,122.67,6869.52,Clinic,Cash,,EMP028,0,No
S00562,9/9/2022,P00135,68,34.27,2330.36,Retail,Insurance,RX-3283,EMP023,0,Yes
S00563,5/6/2023,P00451,9,110.37,993.33,Online,Credit Card,,EMP037,10.2,No
S00564,7/31/2023,P01188,70,184.47,12912.9,Hospital,Insurance,,EMP049,0,Yes
S00565,11/26/2022,P00714,25,38.88,972,Online,Debit Card,,EMP046,0,No
S00566,11/14/2023,P01929,25,89.05,2226.25,Online,Cash,,EMP048,0,No
S00567,11/22/2022,P01926,83,15.36,1274.88,Hospital,Insurance,,EMP009,0,Yes
S00568,8/21/2023,P01930,43,56.09,2411.87,Retail,Cash,RX-7304,EMP049,0,No
S00569,4/7/2023,P00701,15,71.05,1065.75,Hospital,Insurance,,EMP045,0,Yes
S00570,3/21/2023,P01597,34,74.87,2545.58,Clinic,Cash,,EMP016,0,No
S00571,11/7/2022,P00914,69,14.96,1032.24,Retail,Debit Card,,EMP001,0,No
S00572,11/25/2022,P01155,7,28.03,196.21,Wholesale,Insurance,,EMP001,0,Yes
S00573,5/25/2023,P00178,90,27.42,2467.8,Clinic,Cash,,EMP039,0,No
S00574,4/8/2023,P01951,42,89.4,3754.8,Online,Credit Card,,EMP049,5.23,No
S00575,8/13/2023,P00778,7,14.67,102.69,Clinic,Insurance,,EMP033,1.76,Yes
S00576,8/28/2022,P00610,9,31.93,287.37,Online,Debit Card,,EMP044,0,No
S00577,6/30/2023,P01296,81,7.87,637.47,Wholesale,Debit Card,,EMP012,0,No
S00578,11/30/2023,P01314,15,98.76,1481.4,Online,Cash,,EMP041,0,No
S00579,8/1/2022,P01896,62,34.07,2112.34,Clinic,Cash,,EMP006,0,No
S00580,11/25/2023,P01539,5,108.49,542.45,Hospital,Credit Card,,EMP043,0.6,No
S00581,12/25/2023,P00048,32,136.12,4355.84,Clinic,Credit Card,,EMP039,0,No
S00582,6/29/2022,P01798,81,112.82,9138.42,Online,Insurance,,EMP046,7.46,Yes
S00583,2/12/2023,P00254,47,20.26,952.22,Hospital,Insurance,,EMP047,0,Yes
S00584,5/29/2022,P01345,84,143.18,12027.12,Retail,Cash,,EMP027,5.19,No
S00585,4/17/2022,P00494,6,37.22,223.32,Wholesale,Cash,,EMP010,0,No
S00586,1/6/2022,P01116,97,70.82,6869.54,Retail,Credit Card,,EMP003,0,No
S00587,7/11/2022,P01181,27,92.35,2493.45,Online,Credit Card,,EMP006,0,No
S00588,12/27/2022,P00193,71,123.9,8796.9,Hospital,Debit Card,,EMP037,0,No
S00589,11/20/2022,P01008,3,213.77,641.31,Online,Credit Card,,EMP049,0,No
S00590,1/17/2022,P00645,6,221.7,1330.2,Wholesale,Insurance,,EMP027,9.91,Yes
S00591,10/15/2022,P00205,35,33.17,1160.95,Clinic,Debit Card,,EMP037,16.82,No
S00592,9/20/2022,P01790,12,46.86,562.32,Clinic,Cash,,EMP001,0,No
S00593,2/22/2022,P01922,62,83.3,5164.6,Hospital,Cash,,EMP013,0,No
S00594,5/13/2023,P00539,83,146.43,12153.69,Hospital,Cash,,EMP029,0,No
S00595,9/4/2023,P00191,75,169.95,12746.25,Clinic,Credit Card,,EMP004,0,No
S00596,5/27/2022,P00783,7,169.78,1188.46,Online,Cash,,EMP009,0,No
S00597,3/24/2022,P01912,32,38.66,1237.12,Retail,Cash,RX-9804,EMP040,0,No
S00598,2/23/2022,P00780,38,37.81,1436.78,Clinic,Credit Card,,EMP025,0,No
S00599,4/13/2023,P01629,78,50.21,3916.38,Retail,Credit Card,RX-8426,EMP005,0,No
S00600,8/19/2022,P01684,95,64.35,6113.25,Clinic,Insurance,,EMP015,18.61,Yes
S00601,1/22/2023,P01904,95,95.03,9027.85,Retail,Debit Card,,EMP017,17.51,No
S00602,1/20/2023,P01105,70,13.28,929.6,Clinic,Debit Card,,EMP045,0,No
S00603,4/10/2023,P00569,79,93.44,7381.76,Online,Cash,,EMP019,0,No
S00604,12/8/2022,P00723,87,58.56,5094.72,Hospital,Debit Card,,EMP030,0,No
S00605,6/22/2022,P00597,39,16.85,657.15,Retail,Debit Card,,EMP045,0,No
S00606,3/30/2023,P00644,23,22.98,528.54,Hospital,Debit Card,,EMP036,10.02,No
S00607,6/20/2022,P00710,54,52.35,2826.9,Wholesale,Debit Card,,EMP019,0,No
S00608,3/27/2022,P01697,52,101.32,5268.64,Online,Cash,,EMP019,0,No
S00609,7/5/2023,P01451,93,105.83,9842.19,Clinic,Cash,,EMP017,0,No
S00610,3/15/2023,P00355,8,87.11,696.88,Online,Cash,,EMP040,0,No
S00611,4/11/2022,P01797,24,48.87,1172.88,Hospital,Credit Card,,EMP004,19.57,No
S00612,2/5/2022,P01098,1,43.78,43.78,Online,Debit Card,,EMP008,0,No
S00613,11/22/2023,P01819,25,22.43,560.75,Clinic,Cash,,EMP027,0,No
S00614,1/25/2022,P01694,91,149.66,13619.06,Hospital,Debit Card,,EMP028,0,No
S00615,11/10/2023,P00969,63,42.86,2700.18,Hospital,Cash,,EMP030,1.66,No
S00616,7/31/2023,P00201,67,134.17,8989.39,Hospital,Credit Card,,EMP038,8.48,No
S00617,2/13/2023,P01395,11,97.49,1072.39,Wholesale,Cash,,EMP031,0,No
S00618,1/1/2022,P00832,82,180.91,14834.62,Retail,Insurance,RX-4935,EMP014,0,Yes
S00619,8/7/2022,P01232,7,15.73,110.11,Clinic,Insurance,,EMP005,0,Yes
S00620,2/24/2022,P01126,90,226.61,20394.9,Hospital,Debit Card,,EMP048,0.04,No
S00621,7/2/2023,P01083,28,54.39,1522.92,Hospital,Credit Card,,EMP012,0,No
S00622,9/17/2022,P00806,55,111.07,6108.85,Retail,Credit Card,RX-6976,EMP001,0,No
S00623,1/9/2022,P01059,91,145.78,13265.98,Clinic,Debit Card,,EMP011,0,No
S00624,6/25/2022,P01915,59,61.65,3637.35,Wholesale,Debit Card,,EMP044,0,No
S00625,5/30/2022,P01711,27,160.5,4333.5,Retail,Insurance,RX-5850,EMP007,5.51,Yes
S00626,11/29/2022,P00577,52,72,3744,Online,Debit Card,,EMP045,0,No
S00627,12/18/2022,P01789,69,111.15,7669.35,Retail,Cash,RX-1320,EMP023,0,No
S00628,6/13/2022,P00789,88,211.69,18628.72,Online,Insurance,,EMP005,0,Yes
S00629,5/20/2023,P01067,9,137.17,1234.53,Clinic,Debit Card,,EMP022,0,No
S00630,9/9/2022,P00663,65,78.38,5094.7,Clinic,Insurance,,EMP021,0,Yes
S00631,8/6/2022,P01756,53,131.58,6973.74,Online,Cash,,EMP008,0,No
S00632,8/2/2023,P00497,91,47.46,4318.86,Clinic,Cash,,EMP025,7.18,No
S00633,2/5/2022,P01092,89,103.22,9186.58,Clinic,Insurance,,EMP023,0,Yes
S00634,6/12/2022,P01308,98,116.75,11441.5,Hospital,Cash,,EMP010,9.19,No
S00635,9/15/2023,P00141,97,106.42,10322.74,Clinic,Debit Card,,EMP010,0,No
S00636,11/19/2023,P01384,81,54.41,4407.21,Wholesale,Credit Card,,EMP049,0,No
S00637,6/8/2023,P00587,38,46.01,1748.38,Retail,Cash,RX-6491,EMP010,0,No
S00638,1/28/2023,P00981,64,225.52,14433.28,Retail,Credit Card,RX-7205,EMP015,0,No
S00639,7/17/2023,P00040,64,187.27,11985.28,Online,Debit Card,,EMP044,0,No
S00640,1/16/2022,P01558,91,158.35,14409.85,Hospital,Insurance,,EMP039,0,Yes
S00641,4/19/2022,P00647,38,174.71,6638.98,Retail,Cash,RX-2802,EMP005,0,No
S00642,1/22/2022,P01203,88,149.74,13177.12,Clinic,Insurance,,EMP044,0,Yes
S00643,5/12/2022,P01998,14,93.45,1308.3,Online,Credit Card,,EMP041,0,No
S00644,10/12/2022,P01413,76,18.79,1428.04,Online,Cash,,EMP042,0.3,No
S00645,7/13/2023,P00452,16,105.85,1693.6,Hospital,Debit Card,,EMP027,17.5,No
S00646,8/22/2022,P01145,7,201.2,1408.4,Clinic,Credit Card,,EMP048,0,No
S00647,5/27/2022,P01502,8,203.2,1625.6,Retail,Debit Card,,EMP044,0,No
S00648,7/8/2022,P01565,26,161.78,4206.28,Retail,Insurance,,EMP011,3.55,Yes
S00649,7/20/2023,P01212,82,61.6,5051.2,Wholesale,Cash,,EMP027,0,No
S00650,9/22/2023,P00697,75,159.08,11931,Retail,Debit Card,RX-5068,EMP039,0,No
S00651,6/2/2023,P00205,87,33.17,2885.79,Online,Cash,,EMP037,0,No
S00652,6/8/2023,P01683,75,54.26,4069.5,Clinic,Insurance,,EMP009,0,Yes
S00653,5/9/2022,P00351,71,137.27,9746.17,Clinic,Credit Card,,EMP027,0,No
S00654,3/27/2023,P00941,45,156.79,7055.55,Online,Credit Card,,EMP003,0,No
S00655,7/15/2022,P01060,74,201.92,14942.08,Retail,Insurance,RX-6029,EMP015,0,Yes
S00656,3/12/2023,P00356,61,166.12,10133.32,Clinic,Credit Card,,EMP005,12.76,No
S00657,7/9/2023,P01879,70,24.14,1689.8,Hospital,Debit Card,,EMP049,11.81,No
S00658,6/26/2022,P01679,12,44.54,534.48,Retail,Credit Card,RX-5921,EMP010,0,No
S00659,11/25/2023,P00170,7,215.87,1511.09,Wholesale,Debit Card,,EMP048,0,No
S00660,5/6/2022,P00738,38,50.73,1927.74,Retail,Insurance,RX-2468,EMP009,0,Yes
S00661,8/9/2022,P00376,25,15.47,386.75,Online,Credit Card,,EMP024,0,No
S00662,5/31/2023,P01476,89,129.54,11529.06,Online,Credit Card,,EMP040,0,No
S00663,8/26/2023,P00191,55,169.95,9347.25,Wholesale,Debit Card,,EMP029,8.78,No
S00664,9/15/2022,P01893,9,30.5,274.5,Retail,Debit Card,,EMP029,0,No
S00665,4/3/2023,P00661,10,19.68,196.8,Online,Debit Card,,EMP035,0,No
S00666,7/28/2023,P00344,81,198.84,16106.04,Online,Debit Card,,EMP040,0,No
S00667,11/3/2022,P00186,22,96.06,2113.32,Online,Insurance,,EMP042,0,Yes
S00668,3/7/2022,P00909,63,89.53,5640.39,Retail,Credit Card,,EMP036,0,No
S00669,10/24/2022,P00042,90,9.38,844.2,Hospital,Insurance,,EMP001,0,Yes
S00670,6/27/2022,P01673,21,39.27,824.67,Wholesale,Debit Card,,EMP032,0,No
S00671,12/31/2023,P00527,62,7.61,471.82,Online,Debit Card,,EMP013,0,No
S00672,3/2/2022,P00277,64,90.88,5816.32,Clinic,Insurance,,EMP034,0,Yes
S00673,1/20/2022,P01675,40,78.72,3148.8,Hospital,Insurance,,EMP041,0,Yes
S00674,6/14/2022,P01308,70,116.75,8172.5,Wholesale,Credit Card,,EMP046,0,No
S00675,7/24/2022,P01485,56,150.02,8401.12,Hospital,Credit Card,,EMP035,0,No
S00676,1/12/2022,P00535,97,36.91,3580.27,Hospital,Cash,,EMP032,0,No
S00677,5/8/2022,P00003,77,56.87,4378.99,Online,Insurance,,EMP008,0,Yes
S00678,6/26/2023,P00515,59,49,2891,Retail,Insurance,RX-3602,EMP041,0,Yes
S00679,6/24/2022,P01187,6,111.29,667.74,Wholesale,Insurance,,EMP030,0,Yes
S00680,10/27/2023,P00271,20,102.09,2041.8,Clinic,Credit Card,,EMP043,0,No
S00681,9/16/2022,P01354,88,52.37,4608.56,Hospital,Debit Card,,EMP005,3.71,No
S00682,10/31/2022,P01154,22,93.23,2051.06,Hospital,Cash,,EMP034,4.73,No
S00683,8/20/2023,P01651,37,101.43,3752.91,Clinic,Credit Card,,EMP021,0,No
S00684,2/4/2023,P00186,96,96.06,9221.76,Hospital,Insurance,,EMP004,0,Yes
S00685,1/14/2022,P01127,59,103.38,6099.42,Hospital,Cash,,EMP045,18.89,No
S00686,11/8/2022,P01039,99,96.06,9509.94,Retail,Cash,RX-8809,EMP022,8.25,No
S00687,8/24/2023,P00300,85,31.26,2657.1,Clinic,Cash,,EMP042,4.77,No
S00688,8/6/2023,P01432,3,111.4,334.2,Clinic,Credit Card,,EMP035,0.95,No
S00689,3/28/2022,P00026,46,38.85,1787.1,Wholesale,Insurance,,EMP044,0,Yes
S00690,9/24/2022,P00968,44,92.36,4063.84,Online,Debit Card,,EMP034,0,No
S00691,9/14/2022,P01761,97,57.43,5570.71,Retail,Cash,,EMP002,0,No
S00692,9/19/2022,P00132,98,96.52,9458.96,Clinic,Debit Card,,EMP048,19.12,No
S00693,9/13/2023,P00121,33,97.82,3228.06,Retail,Cash,RX-9596,EMP020,4.65,No
S00694,2/7/2023,P00575,61,60.33,3680.13,Retail,Cash,RX-4242,EMP003,19.66,No
S00695,2/23/2023,P00746,84,166.68,14001.12,Clinic,Credit Card,,EMP033,0,No
S00696,12/26/2023,P00440,49,174.92,8571.08,Retail,Insurance,RX-2437,EMP015,0,Yes
S00697,8/30/2023,P00059,67,70.29,4709.43,Online,Cash,,EMP036,0,No
S00698,10/8/2023,P00594,25,8.23,205.75,Hospital,Cash,,EMP008,10.55,No
S00699,11/2/2023,P01735,29,21.79,631.91,Hospital,Debit Card,,EMP039,0,No
S00700,3/24/2022,P00091,8,66.14,529.12,Wholesale,Cash,,EMP018,0,No
S00701,2/23/2023,P00771,70,219.45,15361.5,Wholesale,Insurance,,EMP030,0,Yes
S00702,9/19/2022,P00671,15,43.03,645.45,Clinic,Credit Card,,EMP027,0,No
S00703,10/23/2022,P00892,92,71.65,6591.8,Retail,Credit Card,,EMP039,0,No
S00704,6/18/2023,P00895,8,143.2,1145.6,Clinic,Insurance,,EMP004,0,Yes
S00705,8/6/2023,P01683,97,54.26,5263.22,Retail,Credit Card,RX-7308,EMP041,0,No
S00706,6/20/2023,P00713,79,63.16,4989.64,Wholesale,Credit Card,,EMP012,0,No
S00707,2/26/2022,P00830,55,114.45,6294.75,Online,Debit Card,,EMP033,2.03,No
S00708,10/26/2022,P01175,1,47.7,47.7,Clinic,Credit Card,,EMP047,0,No
S00709,2/25/2022,P01725,42,119.81,5032.02,Clinic,Credit Card,,EMP019,0,No
S00710,11/28/2023,P00686,36,20.03,721.08,Retail,Debit Card,,EMP032,2.78,No
S00711,5/18/2023,P00241,91,46.58,4238.78,Hospital,Insurance,,EMP024,0,Yes
S00712,10/31/2022,P00918,41,171.4,7027.4,Retail,Debit Card,RX-6969,EMP014,0,No
S00713,8/23/2023,P00197,8,9.5,76,Online,Cash,,EMP029,7.87,No
S00714,8/25/2022,P01642,40,166.85,6674,Retail,Insurance,RX-7426,EMP009,0.01,Yes
S00715,12/22/2023,P00286,35,115.6,4046,Retail,Credit Card,RX-8815,EMP022,9.39,No
S00716,1/5/2023,P01230,91,57.13,5198.83,Online,Debit Card,,EMP014,0,No
S00717,3/10/2022,P00557,56,155.83,8726.48,Wholesale,Credit Card,,EMP024,0,No
S00718,7/16/2022,P01638,62,154.22,9561.64,Retail,Debit Card,RX-4300,EMP006,12.14,No
S00719,7/19/2023,P01744,97,196.38,19048.86,Hospital,Credit Card,,EMP009,0,No
S00720,7/25/2023,P00828,5,70.11,350.55,Wholesale,Cash,,EMP036,0,No
S00721,11/27/2022,P00229,82,32.11,2633.02,Clinic,Credit Card,,EMP006,15.88,No
S00722,1/18/2022,P01111,32,134.13,4292.16,Retail,Insurance,,EMP045,17.29,Yes
S00723,6/11/2022,P01437,72,18.99,1367.28,Clinic,Debit Card,,EMP019,0,No
S00724,4/4/2022,P00500,69,47.48,3276.12,Hospital,Cash,,EMP021,0,No
S00725,12/25/2022,P00957,20,200.8,4016,Hospital,Credit Card,,EMP018,12.23,No
S00726,2/7/2022,P01462,93,11.66,1084.38,Clinic,Cash,,EMP047,0,No
S00727,10/8/2022,P01112,67,94.9,6358.3,Wholesale,Insurance,,EMP030,0,Yes
S00728,7/10/2023,P00218,96,56.11,5386.56,Hospital,Debit Card,,EMP021,0,No
S00729,9/26/2023,P00879,74,38.55,2852.7,Hospital,Debit Card,,EMP008,0,No
S00730,1/8/2023,P01181,4,92.35,369.4,Online,Cash,,EMP033,6.31,No
S00731,8/3/2023,P01092,48,103.22,4954.56,Clinic,Cash,,EMP047,0,No
S00732,5/3/2023,P00153,12,101.44,1217.28,Retail,Cash,RX-7687,EMP009,0,No
S00733,5/14/2023,P01558,52,158.35,8234.2,Online,Debit Card,,EMP044,0,No
S00734,5/31/2023,P01349,4,174.6,698.4,Clinic,Credit Card,,EMP004,5.86,No
S00735,9/11/2023,P00391,19,77.88,1479.72,Wholesale,Credit Card,,EMP002,0,No
S00736,1/16/2022,P00431,39,67.54,2634.06,Online,Credit Card,,EMP035,0,No
S00737,5/18/2023,P00524,87,29.68,2582.16,Wholesale,Debit Card,,EMP005,0,No
S00738,1/26/2022,P00228,97,69.08,6700.76,Wholesale,Debit Card,,EMP023,0,No
S00739,7/7/2022,P01511,49,19.16,938.84,Retail,Credit Card,RX-1076,EMP023,0,No
S00740,11/24/2022,P01057,88,63.47,5585.36,Retail,Cash,,EMP035,7.33,No
S00741,12/17/2022,P01989,57,108.57,6188.49,Clinic,Insurance,,EMP001,2.95,Yes
S00742,8/11/2023,P01779,29,117.11,3396.19,Hospital,Credit Card,,EMP037,1.61,No
S00743,6/11/2023,P01850,78,59.8,4664.4,Retail,Credit Card,,EMP001,0,No
S00744,9/6/2022,P01131,60,80.7,4842,Online,Cash,,EMP024,0,No
S00745,8/4/2023,P01117,37,59.09,2186.33,Hospital,Insurance,,EMP004,0,Yes
S00746,3/5/2023,P00994,64,86.48,5534.72,Clinic,Debit Card,,EMP036,0,No
S00747,8/21/2022,P01853,15,64.82,972.3,Online,Credit Card,,EMP017,0,No
S00748,8/9/2022,P00836,99,15.91,1575.09,Clinic,Insurance,,EMP044,0,Yes
S00749,6/3/2022,P01554,85,3.9,331.5,Online,Insurance,,EMP034,19.89,Yes
S00750,11/28/2023,P00351,19,137.27,2608.13,Clinic,Credit Card,,EMP017,14.27,No
S00751,11/27/2022,P01826,38,117.42,4461.96,Wholesale,Insurance,,EMP033,13.09,Yes
S00752,5/14/2022,P00614,71,16.64,1181.44,Clinic,Cash,,EMP040,0,No
S00753,11/17/2022,P01973,11,52.89,581.79,Retail,Debit Card,,EMP037,0,No
S00754,7/25/2023,P01412,53,122.77,6506.81,Retail,Cash,,EMP032,0,No
S00755,10/18/2023,P01580,24,30.16,723.84,Clinic,Credit Card,,EMP007,0,No
S00756,7/27/2023,P01647,71,74.85,5314.35,Retail,Debit Card,,EMP045,0,No
S00757,12/17/2022,P01354,51,52.37,2670.87,Online,Debit Card,,EMP039,14.18,No
S00758,5/28/2022,P00277,86,90.88,7815.68,Wholesale,Debit Card,,EMP016,5.08,No
S00759,11/8/2022,P00442,36,87.13,3136.68,Clinic,Credit Card,,EMP012,0,No
S00760,5/28/2022,P00081,80,103.27,8261.6,Clinic,Cash,,EMP025,1.36,No
S00761,12/30/2023,P00848,59,4.56,269.04,Hospital,Cash,,EMP035,0,No
S00762,4/10/2023,P00713,59,63.16,3726.44,Retail,Debit Card,,EMP034,5.85,No
S00763,9/1/2023,P01769,37,58.71,2172.27,Hospital,Insurance,,EMP029,1.69,Yes
S00764,11/20/2022,P01482,77,185.99,14321.23,Wholesale,Insurance,,EMP008,0,Yes
S00765,12/16/2022,P00411,40,205.72,8228.8,Clinic,Credit Card,,EMP018,0,No
S00766,10/23/2022,P00634,10,94.81,948.1,Online,Insurance,,EMP010,5.72,Yes
S00767,11/15/2022,P01009,63,105.59,6652.17,Retail,Insurance,RX-4294,EMP016,8.94,Yes
S00768,4/21/2022,P01629,84,50.21,4217.64,Retail,Cash,RX-5129,EMP018,16.65,No
S00769,6/24/2023,P00554,77,99.16,7635.32,Hospital,Insurance,,EMP012,3.34,Yes
S00770,3/26/2022,P00597,77,16.85,1297.45,Hospital,Debit Card,,EMP039,0,No
S00771,3/14/2023,P00460,86,98.62,8481.32,Online,Insurance,,EMP003,14.71,Yes
S00772,7/18/2023,P00975,43,107.6,4626.8,Online,Credit Card,,EMP021,0,No
S00773,3/11/2023,P00438,25,160.81,4020.25,Hospital,Insurance,,EMP002,18.88,Yes
S00774,10/9/2023,P01223,17,13.24,225.08,Hospital,Credit Card,,EMP004,0,No
S00775,11/3/2023,P00342,31,176.29,5464.99,Hospital,Cash,,EMP007,0,No
S00776,3/14/2022,P01208,60,23.52,1411.2,Retail,Credit Card,RX-7808,EMP042,7.92,No
S00777,5/2/2023,P00674,25,102.63,2565.75,Retail,Cash,RX-2018,EMP024,0,No
S00778,1/8/2022,P01443,29,118.55,3437.95,Online,Debit Card,,EMP036,15.89,No
S00779,9/19/2022,P00075,38,140.25,5329.5,Retail,Debit Card,RX-1377,EMP004,0,No
S00780,10/21/2023,P00545,72,61.9,4456.8,Hospital,Credit Card,,EMP045,0,No
S00781,4/10/2023,P00484,19,199.34,3787.46,Online,Credit Card,,EMP047,13.43,No
S00782,3/17/2023,P01133,44,52.45,2307.8,Retail,Debit Card,RX-4458,EMP038,11.65,No
S00783,5/28/2022,P00557,12,155.83,1869.96,Hospital,Credit Card,,EMP037,0,No
S00784,3/14/2023,P01214,16,5.46,87.36,Retail,Debit Card,RX-5731,EMP044,0,No
S00785,9/1/2022,P00138,17,84.18,1431.06,Hospital,Credit Card,,EMP048,0,No
S00786,3/27/2022,P01091,81,53.87,4363.47,Wholesale,Insurance,,EMP008,4.56,Yes
S00787,4/26/2022,P00665,43,27.17,1168.31,Online,Cash,,EMP040,0,No
S00788,7/13/2022,P00996,94,32.8,3083.2,Hospital,Insurance,,EMP021,0,Yes
S00789,10/25/2022,P01736,17,27.02,459.34,Clinic,Credit Card,,EMP028,0,No
S00790,10/10/2022,P01629,29,50.21,1456.09,Hospital,Credit Card,,EMP029,0,No
S00791,11/14/2023,P00329,58,80.24,4653.92,Wholesale,Credit Card,,EMP030,0,No
S00792,4/13/2022,P01758,28,165.1,4622.8,Online,Cash,,EMP047,16.84,No
S00793,5/9/2023,P00782,44,46.9,2063.6,Clinic,Cash,,EMP028,0,No
S00794,8/25/2022,P01678,31,115.58,3582.98,Clinic,Insurance,,EMP035,0,Yes
S00795,3/25/2022,P00917,43,41.17,1770.31,Wholesale,Insurance,,EMP006,0,Yes
S00796,2/1/2022,P01907,11,139.04,1529.44,Online,Credit Card,,EMP009,9.94,No
S00797,6/14/2023,P00975,50,107.6,5380,Clinic,Debit Card,,EMP002,12.88,No
S00798,6/21/2023,P01161,24,26.77,642.48,Retail,Credit Card,RX-2506,EMP025,0,No
S00799,2/3/2023,P00215,8,76.34,610.72,Wholesale,Credit Card,,EMP040,0,No
S00800,10/27/2023,P01766,32,28.74,919.68,Wholesale,Credit Card,,EMP002,0,No
S00801,1/19/2023,P01273,27,3.74,100.98,Wholesale,Cash,,EMP008,0,No
S00802,11/18/2023,P01723,22,102.92,2264.24,Retail,Cash,RX-1379,EMP026,0,No
S00803,9/5/2022,P01611,95,83.66,7947.7,Wholesale,Debit Card,,EMP025,0,No
S00804,9/17/2022,P00090,54,11.29,609.66,Wholesale,Credit Card,,EMP049,8.5,No
S00805,5/6/2023,P01207,74,40.86,3023.64,Clinic,Credit Card,,EMP024,4.66,No
S00806,12/21/2023,P01119,61,87.08,5311.88,Wholesale,Insurance,,EMP046,0,Yes
S00807,6/1/2023,P00031,72,3.1,223.2,Hospital,Insurance,,EMP007,19.93,Yes
S00808,3/31/2022,P00590,16,23.31,372.96,Retail,Credit Card,RX-7377,EMP040,0,No
S00809,8/9/2023,P00326,94,29.89,2809.66,Hospital,Credit Card,,EMP046,0,No
S00810,5/18/2022,P00831,27,14.26,385.02,Retail,Insurance,,EMP039,0,Yes
S00811,1/23/2023,P00316,98,148.99,14601.02,Clinic,Credit Card,,EMP047,0,No
S00812,7/8/2022,P00665,31,27.17,842.27,Wholesale,Credit Card,,EMP015,0,No
S00813,3/24/2022,P00942,78,39.87,3109.86,Clinic,Credit Card,,EMP018,0,No
S00814,9/28/2023,P01501,86,71.7,6166.2,Clinic,Debit Card,,EMP026,3.96,No
S00815,7/8/2023,P00964,35,117.64,4117.4,Online,Insurance,,EMP011,0,Yes
S00816,12/7/2023,P01754,69,22.28,1537.32,Retail,Credit Card,,EMP042,0,No
S00817,5/9/2023,P00284,83,23.35,1938.05,Clinic,Cash,,EMP023,8.99,No
S00818,8/31/2023,P00654,85,148.31,12606.35,Hospital,Insurance,,EMP042,0,Yes
S00819,9/28/2022,P00059,33,70.29,2319.57,Hospital,Credit Card,,EMP014,0,No
S00820,5/13/2023,P01173,3,177.78,533.34,Hospital,Debit Card,,EMP034,0,No
S00821,10/3/2022,P01762,87,76.66,6669.42,Hospital,Insurance,,EMP042,0,Yes
S00822,3/2/2022,P01461,48,7.71,370.08,Clinic,Insurance,,EMP030,0,Yes
S00823,10/6/2022,P00750,41,99.42,4076.22,Retail,Insurance,RX-5162,EMP023,11.78,Yes
S00824,1/18/2023,P00730,1,164.87,164.87,Online,Credit Card,,EMP026,17.14,No
S00825,8/28/2022,P00451,44,110.37,4856.28,Hospital,Cash,,EMP011,11.95,No
S00826,12/21/2023,P01389,86,6.18,531.48,Online,Debit Card,,EMP035,0,No
S00827,3/20/2022,P00111,85,138.85,11802.25,Online,Insurance,,EMP040,5,Yes
S00828,12/16/2023,P00022,40,108.29,4331.6,Clinic,Credit Card,,EMP023,2.31,No
S00829,4/28/2023,P00159,83,224.93,18669.19,Online,Cash,,EMP008,8.85,No
S00830,8/26/2023,P00016,63,90.07,5674.41,Online,Credit Card,,EMP047,3.08,No
S00831,12/7/2023,P01090,75,132.75,9956.25,Clinic,Debit Card,,EMP016,0,No
S00832,12/26/2023,P01409,45,38.54,1734.3,Hospital,Insurance,,EMP035,0,Yes
S00833,5/16/2022,P00486,46,154.74,7118.04,Hospital,Credit Card,,EMP026,0,No
S00834,6/9/2023,P01604,16,23.5,376,Retail,Cash,RX-5702,EMP025,0,No
S00835,1/4/2023,P01690,93,82.42,7665.06,Wholesale,Cash,,EMP038,0,No
S00836,2/3/2023,P01969,88,125.45,11039.6,Retail,Cash,RX-7537,EMP007,17.24,No
S00837,9/7/2022,P01268,28,16.9,473.2,Wholesale,Insurance,,EMP006,0,Yes
S00838,8/20/2023,P00927,20,208.13,4162.6,Hospital,Credit Card,,EMP046,4.22,No
S00839,9/16/2022,P00724,35,98,3430,Hospital,Insurance,,EMP011,0,Yes
S00840,2/21/2022,P01663,95,5.9,560.5,Retail,Debit Card,RX-4888,EMP001,0,No
S00841,11/22/2022,P01749,93,78.82,7330.26,Clinic,Debit Card,,EMP036,0,No
S00842,7/28/2022,P01039,73,96.06,7012.38,Hospital,Debit Card,,EMP044,0.7,No
S00843,2/2/2023,P01285,93,247.83,23048.19,Clinic,Debit Card,,EMP026,7.59,No
S00844,2/28/2023,P00240,85,30.19,2566.15,Retail,Credit Card,RX-3427,EMP033,0,No
S00845,5/8/2023,P01072,19,134.15,2548.85,Clinic,Cash,,EMP044,1.23,No
S00846,6/9/2022,P00096,89,82.37,7330.93,Online,Insurance,,EMP017,0,Yes
S00847,3/2/2023,P01081,61,97.67,5957.87,Retail,Debit Card,,EMP036,1.11,No
S00848,5/18/2023,P01327,35,5.76,201.6,Clinic,Credit Card,,EMP038,16.9,No
S00849,3/10/2022,P00927,57,208.13,11863.41,Clinic,Credit Card,,EMP002,0,No
S00850,12/19/2023,P00519,11,53.57,589.27,Retail,Credit Card,,EMP024,0.75,No
S00851,11/13/2022,P00993,61,189.06,11532.66,Online,Insurance,,EMP038,0,Yes
S00852,8/14/2022,P01741,61,93.97,5732.17,Hospital,Debit Card,,EMP027,12.33,No
S00853,11/22/2023,P00360,39,75.46,2942.94,Hospital,Cash,,EMP008,0,No
S00854,11/24/2022,P00820,31,97.7,3028.7,Clinic,Insurance,,EMP017,0,Yes
S00855,6/4/2023,P00410,65,181.82,11818.3,Retail,Credit Card,,EMP042,0,No
S00856,9/5/2023,P00225,32,145.97,4671.04,Hospital,Insurance,,EMP039,0,Yes
S00857,9/28/2023,P01100,85,35.02,2976.7,Retail,Credit Card,RX-4506,EMP017,0,No
S00858,1/17/2023,P00993,3,189.06,567.18,Hospital,Debit Card,,EMP025,0,No
S00859,7/15/2023,P00558,8,22.83,182.64,Wholesale,Credit Card,,EMP007,18.3,No
S00860,11/20/2023,P01972,59,76.2,4495.8,Clinic,Insurance,,EMP043,0.87,Yes
S00861,3/15/2023,P00997,62,155.58,9645.96,Wholesale,Cash,,EMP023,0,No
S00862,3/29/2022,P00818,12,63.65,763.8,Clinic,Insurance,,EMP046,0,Yes
S00863,5/12/2023,P00092,95,19.77,1878.15,Hospital,Cash,,EMP015,19.28,No
S00864,9/13/2023,P01152,41,8.24,337.84,Online,Debit Card,,EMP040,9.75,No
S00865,6/8/2022,P00109,37,58.17,2152.29,Retail,Insurance,RX-1440,EMP049,0,Yes
S00866,7/21/2022,P00421,2,44.12,88.24,Online,Insurance,,EMP035,0,Yes
S00867,1/13/2023,P01155,3,28.03,84.09,Retail,Insurance,RX-9498,EMP026,0,Yes
S00868,4/17/2022,P01326,71,75.42,5354.82,Retail,Cash,,EMP004,1.03,No
S00869,4/3/2022,P01806,20,89.74,1794.8,Hospital,Credit Card,,EMP035,8.11,No
S00870,6/20/2022,P00513,97,94.49,9165.53,Wholesale,Insurance,,EMP018,0,Yes
S00871,11/1/2023,P01768,87,129.34,11252.58,Online,Cash,,EMP006,15.78,No
S00872,4/8/2022,P00187,2,185.09,370.18,Hospital,Debit Card,,EMP047,0,No
S00873,8/8/2023,P00593,84,64.24,5396.16,Hospital,Cash,,EMP042,5.83,No
S00874,9/23/2022,P01523,84,20.69,1737.96,Wholesale,Cash,,EMP004,5.67,No
S00875,8/13/2022,P00850,48,26.08,1251.84,Online,Debit Card,,EMP005,0,No
S00876,12/16/2022,P00062,9,90.24,812.16,Retail,Debit Card,RX-2428,EMP014,0,No
S00877,3/1/2022,P00943,62,226.14,14020.68,Retail,Insurance,,EMP030,10.16,Yes
S00878,7/20/2023,P01691,73,76.24,5565.52,Wholesale,Cash,,EMP005,0,No
S00879,10/15/2022,P00848,54,4.56,246.24,Retail,Debit Card,,EMP008,0,No
S00880,4/11/2023,P00991,63,57.34,3612.42,Clinic,Credit Card,,EMP044,13.76,No
S00881,9/11/2023,P00346,57,91.58,5220.06,Online,Insurance,,EMP014,8.18,Yes
S00882,3/5/2022,P00537,36,181.11,6519.96,Clinic,Cash,,EMP048,6.67,No
S00883,4/3/2023,P00428,41,22.29,913.89,Online,Insurance,,EMP002,6.75,Yes
S00884,2/24/2022,P00242,90,51.95,4675.5,Retail,Credit Card,RX-1172,EMP026,7.97,No
S00885,9/23/2023,P00735,98,68.81,6743.38,Clinic,Cash,,EMP045,0,No
S00886,12/7/2023,P00367,50,115.62,5781,Wholesale,Debit Card,,EMP022,10.58,No
S00887,12/31/2023,P01948,19,29.64,563.16,Online,Cash,,EMP019,4.31,No
S00888,10/28/2022,P01635,94,64.33,6047.02,Hospital,Debit Card,,EMP036,8.5,No
S00889,9/9/2023,P01020,77,58.27,4486.79,Retail,Credit Card,RX-6007,EMP033,0,No
S00890,12/7/2023,P01695,41,187.28,7678.48,Retail,Cash,RX-8141,EMP043,0,No
S00891,1/16/2022,P00140,21,89.42,1877.82,Online,Debit Card,,EMP030,0,No
S00892,7/19/2023,P01926,53,15.36,814.08,Online,Credit Card,,EMP027,0,No
S00893,2/12/2023,P01895,97,121.31,11767.07,Wholesale,Credit Card,,EMP012,0,No
S00894,9/14/2022,P01397,16,64.82,1037.12,Online,Credit Card,,EMP038,0,No
S00895,3/19/2023,P00841,72,232.19,16717.68,Online,Credit Card,,EMP036,5.81,No
S00896,5/11/2023,P00858,35,7.52,263.2,Clinic,Cash,,EMP040,0,No
S00897,9/23/2022,P01303,72,65.52,4717.44,Clinic,Cash,,EMP025,0,No
S00898,12/9/2022,P01351,90,102,9180,Clinic,Insurance,,EMP043,0,Yes
S00899,3/17/2022,P00836,47,15.91,747.77,Retail,Debit Card,RX-3806,EMP035,0,No
S00900,11/14/2023,P01467,56,4.53,253.68,Wholesale,Credit Card,,EMP040,0,No
S00901,10/23/2022,P01123,63,22.92,1443.96,Clinic,Cash,,EMP001,0,No
S00902,7/17/2023,P01198,96,89.35,8577.6,Clinic,Credit Card,,EMP046,0,No
S00903,10/16/2022,P00998,60,188.12,11287.2,Wholesale,Insurance,,EMP005,0,Yes
S00904,7/14/2022,P01763,94,18.27,1717.38,Clinic,Credit Card,,EMP020,0,No
S00905,11/30/2023,P01334,66,84.08,5549.28,Retail,Credit Card,RX-6917,EMP017,4.54,No
S00906,6/2/2023,P01953,73,208.42,15214.66,Clinic,Credit Card,,EMP046,0,No
S00907,6/12/2023,P00915,42,4.35,182.7,Online,Credit Card,,EMP038,0,No
S00908,3/8/2022,P01410,28,46.2,1293.6,Wholesale,Credit Card,,EMP044,0,No
S00909,4/10/2022,P00935,90,71.5,6435,Clinic,Insurance,,EMP034,0,Yes
S00910,4/15/2023,P01682,67,192.82,12918.94,Retail,Cash,RX-8883,EMP019,12.46,No
S00911,4/27/2022,P01934,40,149.66,5986.4,Hospital,Debit Card,,EMP026,2.76,No
S00912,9/28/2023,P01031,75,179.32,13449,Online,Debit Card,,EMP022,0,No
S00913,2/28/2023,P00789,39,211.69,8255.91,Clinic,Insurance,,EMP008,0,Yes
S00914,7/7/2023,P00184,36,57.83,2081.88,Online,Insurance,,EMP034,0,Yes
S00915,11/25/2023,P01760,90,29.16,2624.4,Retail,Cash,RX-7550,EMP017,8.78,No
S00916,1/18/2023,P00875,36,156.59,5637.24,Retail,Cash,RX-8269,EMP012,0,No
S00917,9/6/2022,P00853,14,231.36,3239.04,Clinic,Credit Card,,EMP009,15.15,No
S00918,10/23/2022,P00076,74,202.05,14951.7,Online,Credit Card,,EMP001,4.64,No
S00919,3/11/2023,P01223,58,13.24,767.92,Clinic,Credit Card,,EMP025,0,No
S00920,1/25/2022,P00285,41,84.29,3455.89,Hospital,Insurance,,EMP018,16.58,Yes
S00921,4/13/2023,P00398,85,168.13,14291.05,Online,Debit Card,,EMP014,0,No
S00922,8/16/2023,P01845,1,41.18,41.18,Retail,Cash,,EMP031,0,No
S00923,3/13/2022,P00765,23,79.06,1818.38,Hospital,Cash,,EMP012,6.03,No
S00924,10/15/2022,P01808,87,38.21,3324.27,Wholesale,Debit Card,,EMP039,0,No
S00925,6/21/2022,P01881,60,170.37,10222.2,Wholesale,Debit Card,,EMP007,0,No
S00926,7/31/2023,P01768,61,129.34,7889.74,Clinic,Cash,,EMP032,0,No
S00927,5/21/2023,P01544,60,76.15,4569,Retail,Credit Card,,EMP029,0,No
S00928,8/9/2022,P00375,78,153.78,11994.84,Hospital,Cash,,EMP013,19.94,No
S00929,7/21/2023,P01485,42,150.02,6300.84,Wholesale,Insurance,,EMP008,0,Yes
S00930,11/9/2023,P01970,78,203.19,15848.82,Retail,Cash,RX-3036,EMP029,9.19,No
S00931,7/5/2023,P01981,3,144.91,434.73,Retail,Debit Card,,EMP015,0,No
S00932,6/25/2022,P00931,67,130.99,8776.33,Clinic,Credit Card,,EMP031,0,No
S00933,12/17/2022,P01056,51,62.06,3165.06,Clinic,Debit Card,,EMP032,0,No
S00934,8/14/2022,P01165,37,78.72,2912.64,Hospital,Insurance,,EMP022,18.58,Yes
S00935,1/30/2023,P00093,20,36.16,723.2,Wholesale,Cash,,EMP017,0,No
S00936,3/22/2023,P00486,39,154.74,6034.86,Clinic,Cash,,EMP020,0,No
S00937,10/20/2023,P01136,30,24.06,721.8,Wholesale,Insurance,,EMP009,15.12,Yes
S00938,5/6/2023,P00922,88,116.77,10275.76,Online,Credit Card,,EMP025,0,No
S00939,6/16/2023,P00531,38,87.51,3325.38,Clinic,Debit Card,,EMP036,0,No
S00940,7/7/2022,P00963,93,135.31,12583.83,Retail,Cash,,EMP037,19.04,No
S00941,4/25/2023,P00499,42,62.81,2638.02,Wholesale,Cash,,EMP009,0,No
S00942,5/6/2022,P00762,41,166.8,6838.8,Online,Insurance,,EMP005,0,Yes
S00943,10/6/2023,P01010,49,59.36,2908.64,Retail,Cash,RX-3326,EMP032,0,No
S00944,12/17/2023,P00376,4,15.47,61.88,Clinic,Insurance,,EMP037,0,Yes
S00945,8/22/2023,P01555,67,133.13,8919.71,Clinic,Insurance,,EMP007,16.59,Yes
S00946,11/6/2023,P01623,40,85.31,3412.4,Online,Cash,,EMP030,0,No
S00947,3/3/2022,P01641,55,205.22,11287.1,Online,Insurance,,EMP038,18.95,Yes
S00948,3/21/2023,P01706,28,144.68,4051.04,Online,Cash,,EMP048,0,No
S00949,3/21/2023,P01993,14,97.17,1360.38,Hospital,Credit Card,,EMP002,0,No
S00950,3/25/2023,P00048,96,136.12,13067.52,Online,Cash,,EMP038,0,No
S00951,12/21/2023,P00514,99,82.27,8144.73,Clinic,Credit Card,,EMP047,0,No
S00952,9/7/2023,P01532,70,225.38,15776.6,Hospital,Debit Card,,EMP027,19.83,No
S00953,7/31/2023,P00858,93,7.52,699.36,Clinic,Cash,,EMP045,13.85,No
S00954,10/28/2022,P00562,40,58.08,2323.2,Wholesale,Credit Card,,EMP027,0,No
S00955,11/12/2022,P01402,19,123.72,2350.68,Online,Credit Card,,EMP036,0,No
S00956,7/17/2022,P01375,25,141.36,3534,Wholesale,Cash,,EMP024,0,No
S00957,12/18/2022,P01958,11,16.81,184.91,Clinic,Debit Card,,EMP031,3.03,No
S00958,8/10/2023,P01754,25,22.28,557,Hospital,Credit Card,,EMP007,11,No
S00959,3/26/2022,P01986,76,181,13756,Clinic,Credit Card,,EMP020,17.5,No
S00960,5/11/2023,P00071,4,130.14,520.56,Wholesale,Insurance,,EMP016,0,Yes
S00961,4/26/2022,P01286,2,109.64,219.28,Retail,Cash,RX-5767,EMP014,0,No
S00962,7/19/2023,P01105,30,13.28,398.4,Wholesale,Cash,,EMP029,0,No
S00963,5/5/2022,P00653,55,42.92,2360.6,Clinic,Debit Card,,EMP037,0,No
S00964,2/3/2022,P01610,5,16.36,81.8,Online,Cash,,EMP038,0,No
S00965,5/21/2022,P00976,96,150.89,14485.44,Clinic,Debit Card,,EMP012,0,No
S00966,1/19/2022,P00646,15,16.71,250.65,Hospital,Debit Card,,EMP031,14.69,No
S00967,3/12/2023,P01207,33,40.86,1348.38,Clinic,Cash,,EMP028,0,No
S00968,7/31/2023,P01086,36,59.4,2138.4,Online,Cash,,EMP044,0,No
S00969,5/13/2022,P01448,45,159.1,7159.5,Retail,Credit Card,RX-4550,EMP016,0,No
S00970,4/26/2022,P00527,35,7.61,266.35,Retail,Insurance,RX-8401,EMP048,0,Yes
S00971,7/18/2022,P01347,7,202.73,1419.11,Wholesale,Insurance,,EMP003,0,Yes
S00972,2/15/2022,P01373,35,102.07,3572.45,Online,Debit Card,,EMP035,18.8,No
S00973,4/30/2022,P00519,61,53.57,3267.77,Wholesale,Insurance,,EMP032,0,Yes
S00974,4/14/2022,P01786,34,134.87,4585.58,Clinic,Insurance,,EMP034,12.75,Yes
S00975,2/25/2023,P01938,35,133.27,4664.45,Retail,Debit Card,RX-5583,EMP048,0,No
S00976,7/21/2022,P01293,23,25.22,580.06,Wholesale,Debit Card,,EMP015,1.75,No
S00977,1/28/2023,P01341,81,194.85,15782.85,Online,Credit Card,,EMP005,0,No
S00978,10/5/2023,P01328,38,10.03,381.14,Hospital,Insurance,,EMP045,0,Yes
S00979,10/9/2022,P00824,6,103.25,619.5,Hospital,Credit Card,,EMP002,0,No
S00980,8/31/2023,P01958,6,16.81,100.86,Hospital,Credit Card,,EMP022,0,No
S00981,6/23/2023,P00530,55,145,7975,Hospital,Credit Card,,EMP033,0,No
S00982,10/3/2022,P00770,69,37.03,2555.07,Wholesale,Credit Card,,EMP025,18.53,No
S00983,10/7/2023,P00204,78,5.42,422.76,Retail,Insurance,RX-8486,EMP049,0,Yes
S00984,3/13/2023,P01072,39,134.15,5231.85,Retail,Credit Card,RX-3950,EMP023,0,No
S00985,3/3/2023,P01045,39,30.83,1202.37,Retail,Cash,RX-8173,EMP043,0,No
S00986,4/1/2023,P01771,42,38.78,1628.76,Online,Insurance,,EMP015,0,Yes
S00987,3/6/2022,P00678,26,102.78,2672.28,Online,Insurance,,EMP008,9.62,Yes
S00988,5/17/2023,P01027,38,212.86,8088.68,Online,Debit Card,,EMP020,0,No
S00989,11/20/2022,P01828,28,41.21,1153.88,Wholesale,Credit Card,,EMP030,0,No
S00990,7/17/2022,P00902,31,26.47,820.57,Wholesale,Credit Card,,EMP038,0,No
S00991,1/19/2023,P00843,68,99.23,6747.64,Hospital,Debit Card,,EMP030,0,No
S00992,12/1/2022,P00759,89,26.89,2393.21,Wholesale,Cash,,EMP025,11.28,No
S00993,6/30/2022,P00919,24,60.26,1446.24,Retail,Debit Card,RX-6466,EMP015,15.36,No
S00994,7/11/2023,P00736,50,181.57,9078.5,Online,Debit Card,,EMP024,0,No
S00995,1/8/2022,P01353,93,130.54,12140.22,Hospital,Credit Card,,EMP044,0,No
S00996,2/19/2023,P01380,53,125.79,6666.87,Wholesale,Cash,,EMP031,11.08,No
S00997,3/12/2023,P00250,6,79.59,477.54,Retail,Insurance,RX-6007,EMP038,7.68,Yes
S00998,12/6/2023,P01661,70,43.48,3043.6,Hospital,Insurance,,EMP032,0,Yes
S00999,10/11/2023,P01881,52,170.37,8859.24,Online,Cash,,EMP012,0,No
S01000,6/25/2023,P00830,9,114.45,1030.05,Hospital,Insurance,,EMP004,0.78,Yes
S01001,9/30/2022,P01726,40,8.04,321.6,Retail,Debit Card,RX-3564,EMP014,0,No
S01002,12/30/2023,P00983,25,93.73,2343.25,Wholesale,Debit Card,,EMP021,1.27,No
S01003,9/28/2023,P01695,83,187.28,15544.24,Clinic,Cash,,EMP032,3.94,No
S01004,10/8/2022,P00323,43,88.31,3797.33,Hospital,Debit Card,,EMP034,0,No
S01005,1/14/2022,P00757,12,81.19,974.28,Hospital,Insurance,,EMP044,7.85,Yes
S01006,8/31/2023,P01549,78,39.46,3077.88,Wholesale,Insurance,,EMP033,14.31,Yes
S01007,11/5/2023,P01064,85,58.8,4998,Online,Insurance,,EMP019,6.79,Yes
S01008,10/12/2023,P01580,16,30.16,482.56,Online,Debit Card,,EMP011,18.64,No
S01009,1/31/2022,P01160,29,14.56,422.24,Clinic,Credit Card,,EMP017,0,No
S01010,2/26/2023,P00641,29,79.53,2306.37,Online,Debit Card,,EMP038,0,No
S01011,6/11/2022,P00584,74,180.49,13356.26,Online,Insurance,,EMP021,0,Yes
S01012,10/5/2023,P00173,19,6.26,118.94,Online,Cash,,EMP039,0,No
S01013,12/31/2023,P01100,89,35.02,3116.78,Clinic,Cash,,EMP024,9.33,No
S01014,5/6/2022,P01122,63,47.05,2964.15,Clinic,Credit Card,,EMP027,0,No
S01015,3/1/2023,P01737,46,9.45,434.7,Hospital,Insurance,,EMP003,0,Yes
S01016,4/27/2022,P01125,38,72.3,2747.4,Hospital,Cash,,EMP033,0,No
S01017,11/19/2022,P00997,36,155.58,5600.88,Online,Debit Card,,EMP031,0,No
S01018,4/1/2023,P00707,59,66.04,3896.36,Retail,Debit Card,,EMP018,0,No
S01019,8/19/2023,P00102,87,87.35,7599.45,Retail,Cash,,EMP024,0,No
S01020,3/10/2023,P01347,10,202.73,2027.3,Online,Debit Card,,EMP028,0,No
S01021,1/24/2022,P01875,21,202.36,4249.56,Clinic,Cash,,EMP042,3.97,No
S01022,5/14/2023,P01677,42,15.91,668.22,Wholesale,Debit Card,,EMP012,0,No
S01023,1/14/2023,P01627,76,41.45,3150.2,Online,Credit Card,,EMP030,0,No
S01024,10/12/2023,P01469,95,61.58,5850.1,Online,Insurance,,EMP035,0,Yes
S01025,11/13/2022,P01892,39,152.58,5950.62,Retail,Debit Card,RX-6714,EMP005,0,No
S01026,1/23/2023,P00240,47,30.19,1418.93,Wholesale,Insurance,,EMP019,0,Yes
S01027,9/9/2022,P01114,55,154.42,8493.1,Online,Cash,,EMP002,0,No
S01028,4/19/2023,P00688,28,235.46,6592.88,Wholesale,Cash,,EMP048,0,No
S01029,1/9/2022,P00021,17,36.83,626.11,Online,Cash,,EMP003,0,No
S01030,4/29/2022,P00975,41,107.6,4411.6,Hospital,Credit Card,,EMP022,0,No
S01031,10/26/2023,P01300,8,23.55,188.4,Retail,Insurance,RX-2978,EMP014,0,Yes
S01032,10/15/2022,P00756,1,100.43,100.43,Online,Cash,,EMP031,17.11,No
S01033,7/25/2023,P01526,38,172.38,6550.44,Retail,Insurance,RX-3558,EMP043,0,Yes
S01034,5/31/2022,P00528,48,95.51,4584.48,Hospital,Cash,,EMP008,0,No
S01035,4/29/2023,P00793,15,120.68,1810.2,Hospital,Cash,,EMP008,2.9,No
S01036,5/31/2022,P01382,52,150.79,7841.08,Clinic,Insurance,,EMP031,0,Yes
S01037,10/22/2023,P00650,7,105.65,739.55,Hospital,Debit Card,,EMP002,0,No
S01038,12/5/2023,P01107,15,81.3,1219.5,Online,Insurance,,EMP026,17.15,Yes
S01039,11/27/2023,P01671,81,97.83,7924.23,Retail,Debit Card,,EMP039,13.68,No
S01040,9/25/2023,P00071,6,130.14,780.84,Online,Cash,,EMP038,0,No
S01041,4/15/2022,P01084,86,21.59,1856.74,Wholesale,Credit Card,,EMP019,0,No
S01042,11/1/2022,P00712,83,112.63,9348.29,Wholesale,Insurance,,EMP043,0.74,Yes
S01043,4/23/2022,P01279,42,61.7,2591.4,Online,Debit Card,,EMP033,0,No
S01044,6/10/2022,P01281,25,92.22,2305.5,Hospital,Cash,,EMP002,6.68,No
S01045,4/28/2022,P00906,84,19.42,1631.28,Retail,Cash,RX-6786,EMP023,0,No
S01046,8/10/2023,P00777,19,24.92,473.48,Retail,Cash,,EMP025,0.03,No
S01047,10/5/2023,P00854,82,115.77,9493.14,Wholesale,Cash,,EMP024,0,No
S01048,12/12/2022,P00568,78,25.72,2006.16,Retail,Credit Card,RX-6462,EMP036,0,No
S01049,4/15/2023,P01359,41,29.09,1192.69,Wholesale,Credit Card,,EMP011,0,No
S01050,6/16/2022,P01372,84,146.25,12285,Clinic,Insurance,,EMP001,18.31,Yes
S01051,2/2/2023,P01173,92,177.78,16355.76,Clinic,Insurance,,EMP009,0,Yes
S01052,6/9/2022,P00285,46,84.29,3877.34,Online,Debit Card,,EMP024,0,No
S01053,7/12/2022,P01026,28,174.79,4894.12,Online,Credit Card,,EMP005,0.51,No
S01054,8/10/2022,P01066,87,186.22,16201.14,Hospital,Debit Card,,EMP025,0,No
S01055,11/15/2023,P01988,54,62.75,3388.5,Retail,Credit Card,RX-8539,EMP008,0,No
S01056,2/6/2023,P01862,73,70.5,5146.5,Clinic,Debit Card,,EMP042,0,No
S01057,1/20/2022,P01163,80,5.63,450.4,Wholesale,Cash,,EMP040,0,No
S01058,5/7/2022,P00271,22,102.09,2245.98,Wholesale,Cash,,EMP049,0,No
S01059,12/2/2023,P01372,72,146.25,10530,Retail,Credit Card,RX-2834,EMP038,19.9,No
S01060,4/3/2023,P00619,64,25.24,1615.36,Hospital,Debit Card,,EMP015,0,No
S01061,5/5/2023,P01834,46,135.5,6233,Wholesale,Cash,,EMP044,0,No
S01062,9/16/2022,P01757,6,142.14,852.84,Wholesale,Debit Card,,EMP049,0,No
S01063,1/8/2023,P00494,63,37.22,2344.86,Retail,Debit Card,,EMP033,0,No
S01064,4/10/2023,P00698,55,43.84,2411.2,Wholesale,Debit Card,,EMP003,7.36,No
S01065,8/26/2022,P00930,62,203.28,12603.36,Hospital,Insurance,,EMP033,12.81,Yes
S01066,9/17/2022,P01254,59,16.86,994.74,Wholesale,Cash,,EMP015,0,No
S01067,6/16/2023,P01716,95,185.83,17653.85,Online,Debit Card,,EMP029,0,No
S01068,11/5/2022,P01495,84,147.92,12425.28,Clinic,Insurance,,EMP014,17.44,Yes
S01069,7/30/2022,P00942,67,39.87,2671.29,Hospital,Credit Card,,EMP019,0,No
S01070,1/9/2023,P00164,98,123.06,12059.88,Clinic,Cash,,EMP041,11.46,No
S01071,1/1/2023,P00450,94,22.82,2145.08,Wholesale,Insurance,,EMP037,13.84,Yes
S01072,10/13/2022,P01175,2,47.7,95.4,Clinic,Debit Card,,EMP004,0,No
S01073,5/24/2023,P01293,98,25.22,2471.56,Retail,Credit Card,RX-4924,EMP029,0,No
S01074,6/12/2022,P01222,2,65.4,130.8,Hospital,Cash,,EMP015,0,No
S01075,2/11/2023,P00880,95,75.81,7201.95,Clinic,Cash,,EMP023,0,No
S01076,9/25/2022,P01965,35,55.04,1926.4,Retail,Cash,RX-2543,EMP042,0,No
S01077,7/31/2022,P01481,97,181.49,17604.53,Retail,Insurance,RX-8023,EMP038,1.04,Yes
S01078,3/28/2023,P01687,18,150.55,2709.9,Hospital,Cash,,EMP008,0,No
S01079,9/20/2023,P01811,88,54.92,4832.96,Retail,Insurance,,EMP002,0,Yes
S01080,4/28/2022,P00516,2,201.66,403.32,Retail,Cash,RX-4549,EMP032,0,No
S01081,3/19/2023,P00143,42,33.2,1394.4,Hospital,Insurance,,EMP016,0,Yes
S01082,1/16/2023,P01553,8,15.55,124.4,Clinic,Insurance,,EMP046,0,Yes
S01083,1/15/2023,P01454,50,57.69,2884.5,Hospital,Insurance,,EMP044,19.61,Yes
S01084,12/9/2023,P00783,91,169.78,15449.98,Clinic,Credit Card,,EMP012,0,No
S01085,7/1/2022,P00591,8,77.33,618.64,Wholesale,Cash,,EMP031,0,No
S01086,2/20/2022,P00367,50,115.62,5781,Wholesale,Credit Card,,EMP047,0,No
S01087,2/21/2022,P00700,31,16.72,518.32,Hospital,Cash,,EMP047,11.54,No
S01088,4/9/2023,P01975,35,29.19,1021.65,Wholesale,Debit Card,,EMP015,0,No
S01089,3/30/2023,P01195,59,66.12,3901.08,Wholesale,Insurance,,EMP047,9.19,Yes
S01090,8/22/2023,P01922,12,83.3,999.6,Online,Cash,,EMP044,0,No
S01091,12/15/2023,P01341,98,194.85,19095.3,Retail,Insurance,,EMP044,0,Yes
S01092,7/1/2022,P01287,13,72.2,938.6,Wholesale,Insurance,,EMP047,0,Yes
S01093,5/26/2023,P01709,80,71.99,5759.2,Clinic,Insurance,,EMP035,0,Yes
S01094,4/10/2023,P01980,58,78.37,4545.46,Wholesale,Insurance,,EMP022,0.31,Yes
S01095,1/19/2022,P01179,37,28.1,1039.7,Wholesale,Insurance,,EMP007,0,Yes
S01096,3/10/2023,P01313,14,108.25,1515.5,Hospital,Cash,,EMP020,0,No
S01097,3/22/2022,P00225,90,145.97,13137.3,Clinic,Insurance,,EMP043,0,Yes
S01098,9/5/2023,P00822,94,128.79,12106.26,Retail,Debit Card,RX-4608,EMP026,0,No
S01099,6/23/2023,P00312,71,27.82,1975.22,Hospital,Cash,,EMP010,0,No
S01100,9/1/2022,P01914,92,190.7,17544.4,Retail,Insurance,RX-5004,EMP019,0,Yes
S01101,9/4/2023,P01381,7,56.06,392.42,Online,Cash,,EMP019,0.92,No
S01102,11/22/2022,P01084,20,21.59,431.8,Online,Debit Card,,EMP008,0,No
S01103,12/21/2023,P00710,19,52.35,994.65,Retail,Insurance,RX-6729,EMP027,4.16,Yes
S01104,3/19/2022,P00875,42,156.59,6576.78,Clinic,Debit Card,,EMP040,0,No
S01105,8/1/2023,P00911,36,113.56,4088.16,Clinic,Credit Card,,EMP037,13.28,No
S01106,10/13/2023,P00679,47,181.72,8540.84,Clinic,Credit Card,,EMP039,6.84,No
S01107,7/26/2023,P00062,18,90.24,1624.32,Retail,Credit Card,,EMP011,0,No
S01108,5/24/2022,P00229,7,32.11,224.77,Wholesale,Cash,,EMP023,0,No
S01109,6/27/2022,P01428,3,78.09,234.27,Clinic,Credit Card,,EMP015,13.74,No
S01110,6/22/2023,P01632,78,99.61,7769.58,Online,Insurance,,EMP004,0,Yes
S01111,5/5/2023,P00777,63,24.92,1569.96,Online,Insurance,,EMP027,0,Yes
S01112,4/15/2023,P01909,51,190.54,9717.54,Wholesale,Cash,,EMP016,0,No
S01113,2/15/2022,P00529,54,95.24,5142.96,Online,Insurance,,EMP010,3.29,Yes
S01114,3/23/2022,P01487,53,24.77,1312.81,Hospital,Credit Card,,EMP023,0,No
S01115,9/6/2022,P01267,12,104.43,1253.16,Clinic,Cash,,EMP023,0,No
S01116,11/17/2022,P00428,72,22.29,1604.88,Wholesale,Debit Card,,EMP036,0,No
S01117,12/26/2022,P00330,61,22.55,1375.55,Clinic,Insurance,,EMP032,0,Yes
S01118,11/5/2022,P01055,45,171.1,7699.5,Clinic,Debit Card,,EMP042,0,No
S01119,5/13/2022,P01283,34,26.74,909.16,Retail,Cash,RX-3285,EMP022,2.36,No
S01120,4/19/2023,P00442,33,87.13,2875.29,Online,Cash,,EMP038,0,No
S01121,3/21/2022,P01338,13,28.46,369.98,Online,Cash,,EMP034,0,No
S01122,6/4/2022,P00120,1,44.48,44.48,Wholesale,Credit Card,,EMP046,0,No
S01123,1/14/2023,P01099,22,60.77,1336.94,Hospital,Insurance,,EMP018,0,Yes
S01124,9/22/2023,P01070,8,186.02,1488.16,Hospital,Debit Card,,EMP021,0,No
S01125,5/16/2023,P00706,25,75.21,1880.25,Clinic,Insurance,,EMP046,0,Yes
S01126,1/2/2022,P00399,67,61.29,4106.43,Retail,Insurance,,EMP034,0,Yes
S01127,3/12/2023,P00813,15,213.86,3207.9,Wholesale,Cash,,EMP005,0.45,No
S01128,1/4/2023,P01689,28,144.18,4037.04,Hospital,Credit Card,,EMP029,0,No
S01129,5/28/2023,P01609,86,98.75,8492.5,Hospital,Insurance,,EMP036,0,Yes
S01130,6/1/2022,P00945,24,90.41,2169.84,Online,Cash,,EMP022,0,No
S01131,10/6/2022,P01171,19,16.25,308.75,Clinic,Insurance,,EMP010,0,Yes
S01132,9/2/2023,P01539,3,108.49,325.47,Clinic,Debit Card,,EMP009,0,No
S01133,6/25/2022,P00584,74,180.49,13356.26,Clinic,Debit Card,,EMP034,0,No
S01134,9/2/2022,P00001,16,74.86,1197.76,Online,Insurance,,EMP041,0,Yes
S01135,8/12/2023,P01315,3,149.53,448.59,Wholesale,Cash,,EMP043,7.95,No
S01136,4/2/2022,P01992,16,141.04,2256.64,Hospital,Debit Card,,EMP035,0,No
S01137,7/29/2022,P00194,62,138.04,8558.48,Wholesale,Insurance,,EMP043,0,Yes
S01138,3/3/2023,P01230,33,57.13,1885.29,Wholesale,Debit Card,,EMP039,0,No
S01139,1/7/2023,P01662,88,88.77,7811.76,Wholesale,Cash,,EMP010,0,No
S01140,1/24/2023,P00841,53,232.19,12306.07,Hospital,Cash,,EMP031,0,No
S01141,10/28/2022,P01621,36,82.58,2972.88,Hospital,Insurance,,EMP032,0,Yes
S01142,8/19/2022,P00534,44,101.01,4444.44,Retail,Cash,RX-2854,EMP004,0,No
S01143,10/13/2023,P01119,8,87.08,696.64,Wholesale,Debit Card,,EMP008,0,No
S01144,11/8/2023,P00355,34,87.11,2961.74,Clinic,Insurance,,EMP027,0,Yes
S01145,11/12/2022,P00205,75,33.17,2487.75,Retail,Debit Card,,EMP038,0,No
S01146,5/2/2023,P01956,11,17.17,188.87,Online,Credit Card,,EMP046,0,No
S01147,10/27/2023,P00931,8,130.99,1047.92,Hospital,Debit Card,,EMP022,0,No
S01148,4/8/2023,P00785,83,67.59,5609.97,Online,Debit Card,,EMP026,0,No
S01149,6/12/2022,P01253,7,61.84,432.88,Wholesale,Debit Card,,EMP046,0,No
S01150,11/29/2022,P00303,58,31.58,1831.64,Hospital,Debit Card,,EMP028,0,No
S01151,7/11/2022,P00636,99,98.41,9742.59,Hospital,Credit Card,,EMP014,0,No
S01152,12/8/2023,P00225,13,145.97,1897.61,Wholesale,Cash,,EMP009,6.16,No
S01153,12/6/2022,P00609,17,61.63,1047.71,Hospital,Debit Card,,EMP011,0,No
S01154,11/18/2023,P01494,60,74.44,4466.4,Retail,Insurance,RX-8154,EMP034,15.01,Yes
S01155,7/2/2023,P01969,61,125.45,7652.45,Hospital,Credit Card,,EMP007,7.8,No
S01156,2/11/2022,P01874,55,160.86,8847.3,Online,Debit Card,,EMP018,0,No
S01157,2/17/2022,P01187,58,111.29,6454.82,Wholesale,Insurance,,EMP009,13.89,Yes
S01158,4/7/2023,P00065,67,135.3,9065.1,Online,Debit Card,,EMP009,0,No
S01159,3/28/2022,P01711,69,160.5,11074.5,Wholesale,Insurance,,EMP025,0,Yes
S01160,8/11/2022,P01573,62,60.23,3734.26,Online,Insurance,,EMP029,0,Yes
S01161,6/29/2022,P00370,25,25.19,629.75,Clinic,Credit Card,,EMP024,11.21,No
S01162,4/25/2023,P01512,81,220.1,17828.1,Hospital,Cash,,EMP003,1.94,No
S01163,5/15/2022,P01449,2,118.74,237.48,Clinic,Insurance,,EMP028,2.05,Yes
S01164,1/29/2023,P00908,33,153.04,5050.32,Online,Insurance,,EMP016,0,Yes
S01165,12/11/2023,P00291,66,141.8,9358.8,Online,Credit Card,,EMP031,0,No
S01166,4/3/2023,P00188,61,22.42,1367.62,Wholesale,Insurance,,EMP031,0,Yes
S01167,9/24/2023,P01318,44,124.11,5460.84,Online,Insurance,,EMP045,0,Yes
S01168,8/1/2023,P01447,91,116.25,10578.75,Online,Insurance,,EMP020,6.26,Yes
S01169,9/20/2023,P01117,17,59.09,1004.53,Hospital,Cash,,EMP029,0,No
S01170,10/28/2022,P00035,66,30.6,2019.6,Hospital,Cash,,EMP034,0,No
S01171,3/21/2023,P00790,4,15.93,63.72,Wholesale,Cash,,EMP015,0,No
S01172,7/30/2023,P00802,80,46.65,3732,Wholesale,Cash,,EMP024,0,No
S01173,8/17/2023,P01104,24,130.38,3129.12,Hospital,Debit Card,,EMP006,18.5,No
S01174,2/17/2023,P00676,76,157.01,11932.76,Hospital,Credit Card,,EMP026,0,No
S01175,9/25/2022,P00505,43,38.7,1664.1,Online,Cash,,EMP038,0,No
S01176,1/27/2022,P01899,71,128.93,9154.03,Retail,Insurance,,EMP024,0,Yes
S01177,2/15/2023,P00515,67,49,3283,Clinic,Debit Card,,EMP015,2.07,No
S01178,5/18/2023,P01658,84,162.03,13610.52,Wholesale,Cash,,EMP038,0,No
S01179,7/25/2022,P01412,48,122.77,5892.96,Wholesale,Credit Card,,EMP038,0,No
S01180,6/8/2022,P01923,1,116.05,116.05,Clinic,Credit Card,,EMP017,0,No
S01181,3/10/2023,P01434,20,94.32,1886.4,Retail,Credit Card,,EMP001,0,No
S01182,2/18/2022,P01255,28,3.16,88.48,Retail,Debit Card,RX-1419,EMP033,0,No
S01183,11/27/2022,P00610,68,31.93,2171.24,Online,Debit Card,,EMP001,0,No
S01184,5/11/2022,P01554,25,3.9,97.5,Hospital,Debit Card,,EMP032,0,No
S01185,8/9/2022,P00496,96,146.23,14038.08,Online,Cash,,EMP002,0,No
S01186,7/19/2022,P01480,23,33.9,779.7,Hospital,Debit Card,,EMP040,17.09,No
S01187,1/27/2022,P00280,39,142.07,5540.73,Hospital,Insurance,,EMP046,12.51,Yes
S01188,8/15/2022,P01603,79,116.57,9209.03,Online,Credit Card,,EMP019,9.47,No
S01189,5/2/2022,P00882,54,42.21,2279.34,Wholesale,Cash,,EMP008,0,No
S01190,3/24/2023,P01094,5,29.11,145.55,Clinic,Insurance,,EMP025,0,Yes
S01191,7/19/2023,P01987,15,92.34,1385.1,Hospital,Debit Card,,EMP011,4.09,No
S01192,12/2/2022,P01182,41,179.82,7372.62,Clinic,Debit Card,,EMP022,0,No
S01193,5/2/2022,P01243,97,105.46,10229.62,Wholesale,Debit Card,,EMP011,18.16,No
S01194,7/26/2022,P00051,80,16.24,1299.2,Hospital,Cash,,EMP025,0,No
S01195,4/3/2022,P01102,23,94.61,2176.03,Retail,Insurance,RX-1114,EMP006,0,Yes
S01196,12/23/2023,P00033,79,101.36,8007.44,Retail,Cash,,EMP023,0,No
S01197,11/8/2022,P01558,18,158.35,2850.3,Clinic,Cash,,EMP024,0.41,No
S01198,6/12/2022,P00664,97,100.91,9788.27,Clinic,Insurance,,EMP031,0,Yes
S01199,4/10/2023,P01873,56,35.57,1991.92,Clinic,Credit Card,,EMP007,0,No
S01200,9/25/2022,P00376,73,15.47,1129.31,Clinic,Cash,,EMP023,0,No
S01201,1/13/2023,P01748,11,29.92,329.12,Online,Insurance,,EMP009,0,Yes
S01202,10/25/2022,P00562,88,58.08,5111.04,Wholesale,Insurance,,EMP032,0,Yes
S01203,6/25/2022,P01848,7,48.03,336.21,Retail,Credit Card,RX-7299,EMP015,0,No
S01204,9/2/2023,P01608,12,95.54,1146.48,Online,Insurance,,EMP023,10.4,Yes
S01205,11/7/2023,P00396,52,173.31,9012.12,Clinic,Credit Card,,EMP011,0,No
S01206,10/24/2022,P00503,44,84.42,3714.48,Online,Insurance,,EMP033,6.91,Yes
S01207,1/24/2023,P01691,3,76.24,228.72,Online,Credit Card,,EMP017,0,No
S01208,5/15/2023,P01708,63,125.41,7900.83,Online,Insurance,,EMP029,0,Yes
S01209,10/4/2023,P00811,12,72.78,873.36,Hospital,Insurance,,EMP006,0,Yes
S01210,12/13/2023,P01441,18,65.69,1182.42,Retail,Cash,,EMP029,19.04,No
S01211,3/5/2022,P01762,66,76.66,5059.56,Retail,Insurance,RX-7672,EMP007,0,Yes
S01212,12/20/2022,P01337,20,74.6,1492,Clinic,Insurance,,EMP009,0,Yes
S01213,9/24/2022,P00256,77,148.85,11461.45,Clinic,Credit Card,,EMP044,16.53,No
S01214,5/23/2023,P00683,76,61.4,4666.4,Clinic,Debit Card,,EMP031,0,No
S01215,12/15/2022,P01490,22,175.76,3866.72,Wholesale,Debit Card,,EMP001,0,No
S01216,10/20/2022,P00931,18,130.99,2357.82,Online,Cash,,EMP043,7.52,No
S01217,3/22/2023,P01870,54,122.67,6624.18,Online,Credit Card,,EMP003,0,No
S01218,10/31/2022,P01360,63,49.16,3097.08,Hospital,Debit Card,,EMP017,9.74,No
S01219,3/4/2022,P00535,83,36.91,3063.53,Wholesale,Cash,,EMP031,0,No
S01220,6/26/2022,P00924,21,42.32,888.72,Hospital,Credit Card,,EMP023,12.34,No
S01221,1/15/2023,P00851,59,129.62,7647.58,Clinic,Debit Card,,EMP020,0,No
S01222,3/23/2022,P01915,6,61.65,369.9,Wholesale,Cash,,EMP021,17.8,No
S01223,11/25/2022,P00809,71,202.97,14410.87,Online,Credit Card,,EMP043,0,No
S01224,10/20/2022,P00374,46,7.16,329.36,Retail,Credit Card,,EMP029,0,No
S01225,2/13/2022,P00064,76,58.37,4436.12,Online,Insurance,,EMP030,0,Yes
S01226,9/12/2023,P01253,65,61.84,4019.6,Hospital,Cash,,EMP002,0,No
S01227,4/15/2022,P00475,44,42.61,1874.84,Online,Cash,,EMP012,15.89,No
S01228,5/30/2022,P01187,99,111.29,11017.71,Hospital,Debit Card,,EMP036,0,No
S01229,5/19/2023,P00305,14,102.94,1441.16,Online,Insurance,,EMP003,0,Yes
S01230,8/27/2023,P01906,6,73.53,441.18,Clinic,Insurance,,EMP022,0,Yes
S01231,9/14/2022,P01498,42,135.49,5690.58,Hospital,Insurance,,EMP035,0,Yes
S01232,10/22/2023,P00977,74,67.33,4982.42,Retail,Cash,RX-1780,EMP002,0,No
S01233,5/20/2022,P01132,24,26.65,639.6,Clinic,Cash,,EMP012,17.75,No
S01234,5/20/2022,P00625,67,187.72,12577.24,Wholesale,Insurance,,EMP004,7.15,Yes
S01235,11/8/2022,P00941,55,156.79,8623.45,Wholesale,Cash,,EMP001,0,No
S01236,11/5/2023,P00379,69,134.59,9286.71,Retail,Credit Card,RX-5085,EMP014,9.99,No
S01237,3/6/2023,P01890,37,160.35,5932.95,Wholesale,Insurance,,EMP035,0,Yes
S01238,8/29/2023,P01171,96,16.25,1560,Retail,Debit Card,RX-4847,EMP004,15.96,No
S01239,4/13/2022,P01134,57,82.66,4711.62,Retail,Cash,RX-8296,EMP008,10.41,No
S01240,1/8/2022,P00068,91,26.69,2428.79,Online,Insurance,,EMP009,0,Yes
S01241,12/5/2023,P00562,2,58.08,116.16,Clinic,Credit Card,,EMP047,0,No
S01242,7/21/2022,P01504,17,153.23,2604.91,Online,Insurance,,EMP040,18.65,Yes
S01243,2/25/2022,P01558,45,158.35,7125.75,Online,Debit Card,,EMP033,0,No
S01244,6/23/2023,P01424,63,34.36,2164.68,Wholesale,Credit Card,,EMP004,17.81,No
S01245,7/17/2022,P01411,79,179.73,14198.67,Hospital,Credit Card,,EMP018,0,No
S01246,12/22/2023,P01132,98,26.65,2611.7,Hospital,Cash,,EMP021,13.96,No
S01247,12/27/2023,P00933,50,194.93,9746.5,Retail,Insurance,RX-8601,EMP022,0,Yes
S01248,12/20/2023,P00278,75,20.86,1564.5,Retail,Insurance,RX-2676,EMP002,15.76,Yes
S01249,11/17/2023,P00184,39,57.83,2255.37,Retail,Cash,RX-8522,EMP034,0,No
S01250,10/24/2022,P01384,76,54.41,4135.16,Wholesale,Insurance,,EMP039,0,Yes
S01251,6/27/2023,P00798,32,33.19,1062.08,Wholesale,Debit Card,,EMP045,1.07,No
S01252,3/24/2022,P00287,88,148.66,13082.08,Wholesale,Insurance,,EMP010,0,Yes
S01253,5/11/2022,P01161,2,26.77,53.54,Wholesale,Debit Card,,EMP015,0,No
S01254,3/18/2022,P01673,56,39.27,2199.12,Online,Cash,,EMP032,0,No
S01255,10/26/2023,P00028,78,29.29,2284.62,Clinic,Insurance,,EMP046,16.27,Yes
S01256,11/6/2022,P00775,35,54.16,1895.6,Retail,Cash,RX-2285,EMP018,9.03,No
S01257,9/16/2022,P01417,50,107.89,5394.5,Online,Insurance,,EMP039,11.73,Yes
S01258,12/21/2023,P00036,28,182.9,5121.2,Online,Insurance,,EMP011,0,Yes
S01259,8/12/2023,P01445,60,10.83,649.8,Online,Debit Card,,EMP038,0,No
S01260,10/13/2022,P01707,73,125.83,9185.59,Clinic,Credit Card,,EMP034,0,No
S01261,4/26/2023,P01189,7,12.1,84.7,Clinic,Insurance,,EMP046,16.85,Yes
S01262,3/5/2023,P00222,95,132.23,12561.85,Hospital,Credit Card,,EMP030,0,No
S01263,9/26/2022,P00626,28,151.98,4255.44,Retail,Credit Card,,EMP031,0,No
S01264,3/1/2023,P00498,5,148.63,743.15,Clinic,Credit Card,,EMP019,0.18,No
S01265,7/12/2022,P01864,98,16.32,1599.36,Clinic,Debit Card,,EMP019,0,No
S01266,12/9/2023,P00678,96,102.78,9866.88,Retail,Insurance,RX-6106,EMP004,10.09,Yes
S01267,7/12/2023,P00145,16,97.6,1561.6,Hospital,Debit Card,,EMP021,17.93,No
S01268,10/25/2022,P00277,26,90.88,2362.88,Hospital,Insurance,,EMP044,13.14,Yes
S01269,6/2/2023,P01399,95,36.73,3489.35,Hospital,Cash,,EMP008,18.04,No
S01270,7/3/2023,P01773,39,62.3,2429.7,Retail,Credit Card,RX-3003,EMP015,0,No
S01271,9/22/2022,P01862,59,70.5,4159.5,Clinic,Debit Card,,EMP032,0,No
S01272,6/14/2023,P01996,24,66.02,1584.48,Clinic,Credit Card,,EMP006,0,No
S01273,11/10/2022,P01271,39,33.58,1309.62,Online,Insurance,,EMP039,0,Yes
S01274,11/8/2023,P00824,78,103.25,8053.5,Retail,Credit Card,,EMP031,0.79,No
S01275,10/23/2022,P01835,57,61.1,3482.7,Retail,Debit Card,,EMP032,0,No
S01276,1/15/2023,P01251,69,174.95,12071.55,Hospital,Credit Card,,EMP040,19.57,No
S01277,4/18/2022,P01677,61,15.91,970.51,Retail,Credit Card,RX-6912,EMP049,0,No
S01278,2/9/2022,P00308,60,125.01,7500.6,Wholesale,Credit Card,,EMP021,0,No
S01279,9/9/2022,P00609,40,61.63,2465.2,Retail,Cash,RX-8248,EMP033,0,No
S01280,6/20/2023,P01760,3,29.16,87.48,Online,Debit Card,,EMP037,0,No
S01281,7/6/2022,P00738,86,50.73,4362.78,Clinic,Credit Card,,EMP027,0,No
S01282,5/31/2022,P01160,56,14.56,815.36,Clinic,Insurance,,EMP030,0,Yes
S01283,12/11/2023,P00738,77,50.73,3906.21,Retail,Cash,RX-4063,EMP008,0,No
S01284,1/28/2023,P01447,82,116.25,9532.5,Online,Debit Card,,EMP047,0,No
S01285,12/4/2022,P00660,32,143.3,4585.6,Online,Cash,,EMP005,7.65,No
S01286,3/28/2023,P01620,97,49.07,4759.79,Clinic,Cash,,EMP025,10,No
S01287,2/16/2023,P00046,74,33.93,2510.82,Wholesale,Debit Card,,EMP033,0,No
S01288,3/15/2022,P01465,38,146.11,5552.18,Wholesale,Insurance,,EMP013,0,Yes
S01289,9/16/2022,P01756,27,131.58,3552.66,Wholesale,Insurance,,EMP048,0,Yes
S01290,6/22/2023,P00058,51,160.29,8174.79,Clinic,Debit Card,,EMP023,10.72,No
S01291,4/20/2023,P01083,31,54.39,1686.09,Retail,Credit Card,RX-5999,EMP049,0,No
S01292,1/2/2023,P01645,82,66.46,5449.72,Online,Cash,,EMP020,10.12,No
S01293,4/11/2023,P00101,98,200.15,19614.7,Clinic,Debit Card,,EMP036,0,No
S01294,3/27/2022,P00108,3,70.51,211.53,Retail,Insurance,RX-9611,EMP032,15.87,Yes
S01295,7/10/2022,P01388,36,21.28,766.08,Hospital,Insurance,,EMP009,0,Yes
S01296,8/24/2022,P01590,78,66.4,5179.2,Retail,Insurance,RX-4415,EMP047,19.14,Yes
S01297,4/25/2023,P01538,24,115.64,2775.36,Retail,Insurance,RX-9256,EMP012,0,Yes
S01298,10/16/2022,P00322,83,42.1,3494.3,Clinic,Insurance,,EMP037,0,Yes
S01299,8/16/2023,P00228,50,69.08,3454,Hospital,Debit Card,,EMP014,0,No
S01300,3/3/2023,P01922,66,83.3,5497.8,Wholesale,Credit Card,,EMP016,2.07,No
S01301,2/15/2022,P01276,33,158.8,5240.4,Clinic,Insurance,,EMP020,2.26,Yes
S01302,4/25/2023,P00542,49,102.91,5042.59,Retail,Credit Card,,EMP012,0,No
S01303,11/4/2022,P00509,33,213.72,7052.76,Online,Credit Card,,EMP030,0,No
S01304,7/7/2022,P01386,40,40.93,1637.2,Online,Credit Card,,EMP014,0,No
S01305,8/26/2022,P01794,6,56.02,336.12,Clinic,Insurance,,EMP005,0,Yes
S01306,7/23/2022,P01377,29,62.35,1808.15,Retail,Cash,,EMP036,0,No
S01307,2/25/2023,P00033,16,101.36,1621.76,Online,Insurance,,EMP009,13.35,Yes
S01308,2/22/2022,P01132,32,26.65,852.8,Retail,Cash,RX-4838,EMP028,0,No
S01309,8/28/2023,P01831,76,61.5,4674,Retail,Credit Card,RX-3671,EMP018,0,No
S01310,11/11/2022,P01706,69,144.68,9982.92,Retail,Insurance,RX-5837,EMP043,0,Yes
S01311,12/19/2023,P00926,46,217.4,10000.4,Clinic,Cash,,EMP046,13.77,No
S01312,11/21/2022,P00523,1,138.88,138.88,Wholesale,Credit Card,,EMP029,0,No
S01313,8/31/2022,P01776,45,4.08,183.6,Clinic,Credit Card,,EMP043,0,No
S01314,2/15/2022,P01071,94,88.46,8315.24,Wholesale,Insurance,,EMP017,0,Yes
S01315,2/14/2022,P00788,10,55.84,558.4,Online,Debit Card,,EMP015,0,No
S01316,12/28/2023,P01590,22,66.4,1460.8,Clinic,Debit Card,,EMP001,0,No
S01317,4/24/2023,P01726,86,8.04,691.44,Hospital,Debit Card,,EMP010,0,No
S01318,6/6/2022,P00002,2,9.87,19.74,Clinic,Cash,,EMP015,0,No
S01319,5/14/2022,P01295,86,218.75,18812.5,Wholesale,Debit Card,,EMP024,0,No
S01320,3/19/2023,P00895,12,143.2,1718.4,Clinic,Debit Card,,EMP017,6.8,No
S01321,6/12/2023,P01956,93,17.17,1596.81,Online,Cash,,EMP020,0,No
S01322,2/1/2022,P01949,1,75.33,75.33,Clinic,Debit Card,,EMP042,0,No
S01323,11/9/2023,P01428,72,78.09,5622.48,Wholesale,Insurance,,EMP028,0,Yes
S01324,7/23/2023,P00342,51,176.29,8990.79,Hospital,Insurance,,EMP048,0,Yes
S01325,1/3/2022,P01397,52,64.82,3370.64,Clinic,Debit Card,,EMP012,0,No
S01326,10/12/2022,P01978,29,125.66,3644.14,Wholesale,Insurance,,EMP035,0,Yes
S01327,11/15/2022,P00809,42,202.97,8524.74,Hospital,Insurance,,EMP018,0,Yes
S01328,6/20/2022,P01741,66,93.97,6202.02,Hospital,Debit Card,,EMP045,0,No
S01329,7/29/2023,P00673,36,9.18,330.48,Clinic,Debit Card,,EMP028,0,No
S01330,3/17/2023,P01466,97,134.77,13072.69,Online,Cash,,EMP017,17.89,No
S01331,7/24/2022,P01398,43,39.69,1706.67,Online,Insurance,,EMP026,0,Yes
S01332,5/16/2022,P00829,56,28.35,1587.6,Hospital,Credit Card,,EMP029,0,No
S01333,6/8/2022,P00877,35,36.15,1265.25,Clinic,Debit Card,,EMP003,16.09,No
S01334,9/23/2022,P01775,16,4.24,67.84,Hospital,Credit Card,,EMP010,17.27,No
S01335,7/23/2022,P00945,14,90.41,1265.74,Clinic,Credit Card,,EMP009,0,No
S01336,2/23/2022,P01647,80,74.85,5988,Clinic,Debit Card,,EMP021,0,No
S01337,8/25/2022,P01874,23,160.86,3699.78,Clinic,Cash,,EMP001,0,No
S01338,12/28/2023,P00472,42,192.48,8084.16,Wholesale,Insurance,,EMP028,0,Yes
S01339,6/28/2023,P01714,90,144.64,13017.6,Retail,Credit Card,,EMP006,7.02,No
S01340,12/13/2023,P01129,3,68.41,205.23,Retail,Cash,RX-2344,EMP021,0,No
S01341,5/20/2023,P01574,60,119.21,7152.6,Online,Debit Card,,EMP023,0,No
S01342,7/4/2022,P01243,22,105.46,2320.12,Clinic,Credit Card,,EMP022,0,No
S01343,3/29/2022,P00169,46,47.18,2170.28,Retail,Debit Card,,EMP023,16.73,No
S01344,5/2/2022,P00817,32,94.35,3019.2,Online,Insurance,,EMP029,0,Yes
S01345,7/24/2022,P01806,82,89.74,7358.68,Retail,Debit Card,RX-2324,EMP045,0,No
S01346,10/3/2022,P01934,34,149.66,5088.44,Hospital,Credit Card,,EMP021,0,No
S01347,5/3/2022,P00934,13,94.46,1227.98,Wholesale,Credit Card,,EMP016,11.45,No
S01348,8/8/2022,P01987,53,92.34,4894.02,Hospital,Cash,,EMP031,12.8,No
S01349,1/23/2022,P00311,15,75.52,1132.8,Retail,Credit Card,RX-2322,EMP036,0,No
S01350,5/31/2022,P00828,98,70.11,6870.78,Online,Cash,,EMP011,0,No
S01351,2/19/2022,P01738,24,81.65,1959.6,Wholesale,Cash,,EMP028,0,No
S01352,1/20/2022,P01054,97,134.74,13069.78,Retail,Debit Card,RX-2188,EMP039,0,No
S01353,8/12/2023,P01680,12,140.05,1680.6,Wholesale,Debit Card,,EMP030,11.68,No
S01354,3/29/2022,P01538,22,115.64,2544.08,Hospital,Insurance,,EMP009,0,Yes
S01355,7/19/2022,P01495,65,147.92,9614.8,Hospital,Credit Card,,EMP040,0,No
S01356,9/1/2023,P01570,56,51.9,2906.4,Hospital,Credit Card,,EMP004,19.11,No
S01357,9/24/2022,P01879,80,24.14,1931.2,Retail,Debit Card,RX-9679,EMP022,0,No
S01358,3/10/2022,P00663,21,78.38,1645.98,Retail,Credit Card,,EMP030,0,No
S01359,2/6/2023,P01476,60,129.54,7772.4,Clinic,Credit Card,,EMP010,0,No
S01360,5/30/2023,P01968,17,100.17,1702.89,Online,Insurance,,EMP001,0,Yes
S01361,10/18/2023,P00962,32,44.75,1432,Retail,Cash,,EMP018,0,No
S01362,8/21/2022,P00626,62,151.98,9422.76,Online,Cash,,EMP042,0,No
S01363,3/5/2022,P00969,74,42.86,3171.64,Retail,Cash,RX-5081,EMP043,9.77,No
S01364,8/14/2022,P00140,67,89.42,5991.14,Hospital,Debit Card,,EMP006,7.19,No
S01365,5/26/2022,P00089,63,38.16,2404.08,Retail,Debit Card,RX-6153,EMP038,6.66,No
S01366,4/26/2023,P00437,65,94.25,6126.25,Wholesale,Cash,,EMP029,0,No
S01367,5/15/2023,P01595,82,103.44,8482.08,Wholesale,Debit Card,,EMP003,0,No
S01368,9/11/2023,P00352,30,66.44,1993.2,Hospital,Insurance,,EMP030,0,Yes
S01369,1/29/2023,P01308,38,116.75,4436.5,Retail,Credit Card,RX-5978,EMP039,0,No
S01370,9/14/2023,P00752,85,101.79,8652.15,Hospital,Insurance,,EMP037,0,Yes
S01371,5/27/2023,P01947,50,44.86,2243,Retail,Debit Card,RX-7161,EMP042,0,No
S01372,8/25/2022,P00989,55,5.58,306.9,Hospital,Cash,,EMP020,0,No
S01373,9/1/2022,P01734,82,58.65,4809.3,Hospital,Debit Card,,EMP031,14.71,No
S01374,2/23/2023,P00033,71,101.36,7196.56,Online,Credit Card,,EMP047,0,No
S01375,2/19/2022,P00809,53,202.97,10757.41,Wholesale,Credit Card,,EMP042,12.55,No
S01376,3/24/2022,P00482,26,95.88,2492.88,Clinic,Credit Card,,EMP025,0,No
S01377,9/29/2023,P00895,52,143.2,7446.4,Online,Debit Card,,EMP020,0,No
S01378,10/26/2023,P00028,19,29.29,556.51,Online,Cash,,EMP043,0,No
S01379,12/19/2023,P01077,10,189.28,1892.8,Hospital,Insurance,,EMP038,4.78,Yes
S01380,6/30/2023,P01023,89,187.6,16696.4,Wholesale,Credit Card,,EMP015,8.34,No
S01381,12/2/2023,P01969,48,125.45,6021.6,Wholesale,Cash,,EMP044,0,No
S01382,1/7/2023,P01905,59,155.79,9191.61,Online,Insurance,,EMP019,7.98,Yes
S01383,11/15/2022,P01830,15,87.07,1306.05,Clinic,Debit Card,,EMP018,19.03,No
S01384,6/6/2022,P00182,85,22.98,1953.3,Retail,Insurance,,EMP047,0,Yes
S01385,12/26/2022,P01431,31,14.7,455.7,Wholesale,Debit Card,,EMP021,0,No
S01386,3/27/2023,P01739,52,134.95,7017.4,Hospital,Cash,,EMP023,0,No
S01387,10/23/2022,P01314,63,98.76,6221.88,Wholesale,Credit Card,,EMP006,15.77,No
S01388,2/27/2022,P00951,56,46.39,2597.84,Clinic,Cash,,EMP012,0,No
S01389,9/10/2023,P00842,23,114.12,2624.76,Hospital,Insurance,,EMP049,0,Yes
S01390,5/13/2023,P00884,43,71.08,3056.44,Hospital,Debit Card,,EMP008,0,No
S01391,12/26/2023,P01707,75,125.83,9437.25,Retail,Insurance,,EMP032,10.79,Yes
S01392,2/23/2023,P00176,26,90.18,2344.68,Hospital,Credit Card,,EMP015,11.78,No
S01393,8/22/2022,P00821,97,111.04,10770.88,Hospital,Credit Card,,EMP038,7.82,No
S01394,5/31/2022,P00806,32,111.07,3554.24,Hospital,Debit Card,,EMP015,0,No
S01395,9/2/2023,P00873,27,224.3,6056.1,Online,Insurance,,EMP046,16.52,Yes
S01396,10/18/2023,P01970,87,203.19,17677.53,Retail,Insurance,RX-8886,EMP047,12.44,Yes
S01397,9/23/2022,P00061,9,56.61,509.49,Hospital,Insurance,,EMP018,11.22,Yes
S01398,10/13/2022,P01578,20,60.62,1212.4,Retail,Debit Card,RX-6297,EMP019,0,No
S01399,12/9/2022,P01648,83,97.12,8060.96,Online,Credit Card,,EMP005,0,No
S01400,1/18/2022,P00898,16,151.31,2420.96,Wholesale,Insurance,,EMP042,0,Yes
S01401,9/11/2023,P00327,23,118.45,2724.35,Hospital,Credit Card,,EMP032,0,No
S01402,10/18/2022,P00260,86,61.06,5251.16,Retail,Credit Card,,EMP028,0,No
S01403,1/29/2023,P00313,75,101.15,7586.25,Hospital,Credit Card,,EMP018,8.38,No
S01404,9/20/2023,P01390,50,47.51,2375.5,Retail,Credit Card,RX-1586,EMP028,0,No
S01405,8/17/2023,P00468,65,80.59,5238.35,Wholesale,Insurance,,EMP020,0,Yes
S01406,10/3/2023,P00403,59,146.78,8660.02,Retail,Debit Card,RX-5692,EMP009,0.93,No
S01407,7/23/2022,P00108,63,70.51,4442.13,Wholesale,Cash,,EMP013,0,No
S01408,4/8/2023,P01614,9,27.6,248.4,Hospital,Insurance,,EMP043,8.78,Yes
S01409,10/12/2023,P01990,25,84.14,2103.5,Clinic,Cash,,EMP002,0,No
S01410,6/12/2023,P00220,41,17.49,717.09,Online,Insurance,,EMP011,0,Yes
S01411,3/31/2023,P00392,35,113.47,3971.45,Retail,Insurance,RX-4518,EMP033,10.31,Yes
S01412,8/29/2022,P00517,43,11.59,498.37,Retail,Debit Card,,EMP022,0,No
S01413,2/21/2022,P01896,56,34.07,1907.92,Hospital,Insurance,,EMP009,12.26,Yes
S01414,3/4/2022,P00709,22,89.82,1976.04,Wholesale,Credit Card,,EMP031,0,No
S01415,10/17/2022,P01426,92,24.69,2271.48,Clinic,Credit Card,,EMP001,10.54,No
S01416,3/12/2022,P00802,65,46.65,3032.25,Clinic,Insurance,,EMP030,0,Yes
S01417,3/6/2022,P01511,73,19.16,1398.68,Wholesale,Credit Card,,EMP036,0,No
S01418,3/7/2023,P01898,29,58.06,1683.74,Hospital,Cash,,EMP007,0,No
S01419,4/25/2023,P00639,30,142.43,4272.9,Clinic,Cash,,EMP046,0,No
S01420,12/27/2022,P00921,44,88.6,3898.4,Retail,Insurance,,EMP039,0.22,Yes
S01421,4/23/2022,P00830,59,114.45,6752.55,Clinic,Insurance,,EMP025,17.78,Yes
S01422,10/6/2022,P01158,65,14.72,956.8,Hospital,Debit Card,,EMP001,0,No
S01423,6/23/2022,P01125,52,72.3,3759.6,Hospital,Insurance,,EMP028,0,Yes
S01424,2/11/2022,P00258,5,72.04,360.2,Online,Debit Card,,EMP013,0,No
S01425,5/2/2022,P01224,13,105.41,1370.33,Retail,Debit Card,,EMP035,0,No
S01426,4/29/2022,P00763,49,126.74,6210.26,Wholesale,Debit Card,,EMP029,7.67,No
S01427,9/4/2022,P01345,36,143.18,5154.48,Wholesale,Debit Card,,EMP009,0,No
S01428,2/7/2022,P01738,49,81.65,4000.85,Hospital,Credit Card,,EMP022,19.99,No
S01429,5/17/2022,P01806,50,89.74,4487,Online,Insurance,,EMP002,15.99,Yes
S01430,4/16/2022,P00914,48,14.96,718.08,Wholesale,Credit Card,,EMP044,0,No
S01431,5/7/2022,P01078,50,11.17,558.5,Hospital,Debit Card,,EMP029,0,No
S01432,5/4/2023,P01027,33,212.86,7024.38,Online,Debit Card,,EMP026,0,No
S01433,6/6/2023,P00014,93,177.44,16501.92,Online,Debit Card,,EMP041,0,No
S01434,10/5/2022,P01004,23,211.24,4858.52,Retail,Cash,RX-4443,EMP029,0,No
S01435,11/24/2022,P00141,35,106.42,3724.7,Hospital,Insurance,,EMP012,0,Yes
S01436,4/3/2022,P00476,14,33.38,467.32,Retail,Credit Card,RX-6846,EMP013,10.12,No
S01437,6/10/2023,P00872,40,105.3,4212,Hospital,Cash,,EMP038,0,No
S01438,1/9/2022,P01914,65,190.7,12395.5,Hospital,Debit Card,,EMP025,0,No
S01439,7/20/2022,P01367,24,156.25,3750,Clinic,Credit Card,,EMP001,0,No
S01440,10/21/2023,P00197,56,9.5,532,Online,Cash,,EMP032,0,No
S01441,11/24/2022,P01661,47,43.48,2043.56,Online,Credit Card,,EMP015,0,No
S01442,8/18/2022,P00543,61,89.81,5478.41,Hospital,Credit Card,,EMP034,6.83,No
S01443,1/19/2022,P01681,23,93.29,2145.67,Clinic,Cash,,EMP018,0,No
S01444,9/14/2022,P01345,92,143.18,13172.56,Clinic,Insurance,,EMP016,0,Yes
S01445,4/27/2023,P01759,26,31.56,820.56,Wholesale,Credit Card,,EMP021,6.59,No
S01446,12/10/2022,P01998,35,93.45,3270.75,Clinic,Debit Card,,EMP016,0,No
S01447,9/16/2022,P00084,47,116.03,5453.41,Clinic,Credit Card,,EMP019,0,No
S01448,2/17/2023,P01753,23,165.8,3813.4,Retail,Cash,,EMP047,0,No
S01449,1/18/2022,P01603,91,116.57,10607.87,Wholesale,Cash,,EMP036,0,No
S01450,8/10/2022,P00810,5,146.49,732.45,Hospital,Cash,,EMP034,0,No
S01451,10/17/2022,P01841,15,100.4,1506,Wholesale,Insurance,,EMP018,0,Yes
S01452,1/3/2023,P01386,91,40.93,3724.63,Retail,Insurance,,EMP007,19.52,Yes
S01453,4/12/2023,P00699,82,179.3,14702.6,Wholesale,Cash,,EMP011,0,No
S01454,11/15/2022,P00200,30,158.01,4740.3,Retail,Debit Card,,EMP032,0,No
S01455,2/25/2022,P00665,82,27.17,2227.94,Retail,Insurance,,EMP024,12.97,Yes
S01456,5/23/2023,P00406,41,132.07,5414.87,Wholesale,Insurance,,EMP011,0,Yes
S01457,6/26/2023,P00753,41,108.78,4459.98,Hospital,Credit Card,,EMP048,0,No
S01458,11/11/2022,P01713,59,143.77,8482.43,Wholesale,Debit Card,,EMP032,0,No
S01459,9/18/2023,P01147,82,104.95,8605.9,Online,Cash,,EMP022,4.03,No
S01460,7/8/2023,P01506,72,71.29,5132.88,Retail,Credit Card,RX-1117,EMP031,0,No
S01461,4/22/2023,P00113,40,29.14,1165.6,Clinic,Credit Card,,EMP044,0,No
S01462,2/12/2022,P01793,84,215.15,18072.6,Hospital,Credit Card,,EMP012,0,No
S01463,3/22/2022,P00552,12,108.72,1304.64,Online,Debit Card,,EMP006,0,No
S01464,6/21/2022,P00634,4,94.81,379.24,Online,Debit Card,,EMP020,0,No
S01465,4/20/2023,P01400,13,18.29,237.77,Wholesale,Insurance,,EMP007,14.74,Yes
S01466,3/2/2023,P00290,73,21.96,1603.08,Retail,Credit Card,,EMP036,0,No
S01467,1/5/2023,P00123,91,70.2,6388.2,Hospital,Insurance,,EMP043,0,Yes
S01468,1/8/2022,P01212,40,61.6,2464,Hospital,Cash,,EMP015,0,No
S01469,4/15/2023,P00566,31,15.5,480.5,Hospital,Debit Card,,EMP002,0,No
S01470,6/8/2023,P01914,53,190.7,10107.1,Retail,Debit Card,RX-2421,EMP018,0,No
S01471,7/10/2023,P01805,8,162.9,1303.2,Retail,Insurance,,EMP002,13.92,Yes
S01472,2/9/2023,P01153,61,26.77,1632.97,Online,Debit Card,,EMP014,0,No
S01473,5/1/2022,P00909,59,89.53,5282.27,Online,Cash,,EMP011,16.59,No
S01474,11/13/2023,P01014,62,71.04,4404.48,Clinic,Insurance,,EMP044,0,Yes
S01475,9/12/2023,P01718,30,106.83,3204.9,Hospital,Credit Card,,EMP012,0,No
S01476,10/14/2022,P00198,43,165.05,7097.15,Online,Debit Card,,EMP004,12.89,No
S01477,3/17/2023,P00898,29,151.31,4387.99,Clinic,Cash,,EMP024,0,No
S01478,11/17/2022,P00959,88,113.34,9973.92,Online,Debit Card,,EMP034,15.19,No
S01479,5/25/2022,P01318,56,124.11,6950.16,Online,Debit Card,,EMP028,5.05,No
S01480,4/23/2022,P01881,16,170.37,2725.92,Retail,Debit Card,,EMP021,0,No
S01481,12/7/2023,P00422,20,112.55,2251,Hospital,Cash,,EMP046,9.21,No
S01482,4/11/2022,P00324,2,21.52,43.04,Retail,Insurance,,EMP047,0,Yes
S01483,2/6/2023,P01745,61,7.64,466.04,Retail,Insurance,,EMP008,0,Yes
S01484,2/3/2022,P01631,63,105.19,6626.97,Retail,Cash,RX-4870,EMP007,0,No
S01485,6/30/2023,P01780,2,43.84,87.68,Online,Debit Card,,EMP023,0.22,No
S01486,3/13/2023,P01228,17,119.58,2032.86,Wholesale,Credit Card,,EMP025,0,No
S01487,10/4/2023,P01126,67,226.61,15182.87,Hospital,Cash,,EMP045,0,No
S01488,2/16/2022,P00758,82,124.22,10186.04,Wholesale,Insurance,,EMP030,0,Yes
S01489,9/24/2023,P01989,95,108.57,10314.15,Retail,Cash,RX-8308,EMP036,0,No
S01490,10/24/2022,P01276,9,158.8,1429.2,Clinic,Insurance,,EMP006,0,Yes
S01491,12/30/2023,P01030,17,62.5,1062.5,Wholesale,Insurance,,EMP006,10.72,Yes
S01492,12/24/2022,P01929,92,89.05,8192.6,Hospital,Insurance,,EMP041,6.65,Yes
S01493,3/22/2022,P01106,79,7.52,594.08,Online,Insurance,,EMP043,0,Yes
S01494,11/7/2023,P00126,14,87.98,1231.72,Hospital,Cash,,EMP035,4.29,No
S01495,5/28/2023,P00717,71,151.85,10781.35,Clinic,Insurance,,EMP021,15.92,Yes
S01496,5/5/2023,P00510,21,69.11,1451.31,Online,Credit Card,,EMP034,0,No
S01497,3/20/2022,P01390,53,47.51,2518.03,Retail,Insurance,RX-4646,EMP048,0,Yes
S01498,8/20/2022,P01973,10,52.89,528.9,Retail,Cash,RX-7846,EMP009,0,No
S01499,5/20/2022,P00817,29,94.35,2736.15,Retail,Cash,RX-4721,EMP013,8.85,No
S01500,1/27/2022,P00310,39,96.8,3775.2,Wholesale,Debit Card,,EMP044,0,No
S01501,7/3/2022,P00731,77,100.39,7730.03,Online,Credit Card,,EMP021,0,No
S01502,7/14/2022,P00119,46,222.49,10234.54,Hospital,Cash,,EMP006,0,No
S01503,12/7/2022,P01506,98,71.29,6986.42,Hospital,Cash,,EMP027,10.94,No
S01504,10/28/2022,P00815,35,56.6,1981,Hospital,Credit Card,,EMP017,0,No
S01505,9/25/2023,P00502,93,28.23,2625.39,Hospital,Credit Card,,EMP023,0,No
S01506,3/13/2023,P01277,57,60.46,3446.22,Retail,Credit Card,RX-9592,EMP049,2.04,No
S01507,9/6/2022,P01259,3,3.86,11.58,Online,Debit Card,,EMP020,0,No
S01508,4/29/2023,P01789,57,111.15,6335.55,Online,Insurance,,EMP020,0,Yes
S01509,2/20/2023,P00037,65,13.68,889.2,Clinic,Debit Card,,EMP046,0,No
S01510,8/12/2023,P00227,97,101.92,9886.24,Hospital,Cash,,EMP032,0.01,No
S01511,2/5/2023,P01264,10,111.55,1115.5,Wholesale,Debit Card,,EMP004,0,No
S01512,12/11/2022,P00106,24,77.97,1871.28,Clinic,Insurance,,EMP010,0,Yes
S01513,2/20/2022,P01834,63,135.5,8536.5,Hospital,Credit Card,,EMP037,0,No
S01514,10/1/2022,P00303,29,31.58,915.82,Hospital,Insurance,,EMP044,0,Yes
S01515,11/13/2023,P01989,60,108.57,6514.2,Hospital,Insurance,,EMP045,19.33,Yes
S01516,12/30/2022,P01741,94,93.97,8833.18,Wholesale,Credit Card,,EMP017,0,No
S01517,4/7/2023,P01932,9,79.07,711.63,Clinic,Insurance,,EMP048,0,Yes
S01518,12/23/2022,P01023,35,187.6,6566,Online,Credit Card,,EMP031,0,No
S01519,9/18/2022,P00568,78,25.72,2006.16,Clinic,Cash,,EMP046,0,No
S01520,4/1/2023,P01217,97,205.24,19908.28,Retail,Insurance,RX-1203,EMP048,0,Yes
S01521,1/4/2022,P01795,80,111,8880,Wholesale,Cash,,EMP006,0,No
S01522,9/3/2022,P01327,40,5.76,230.4,Clinic,Cash,,EMP012,0,No
S01523,4/8/2022,P00516,70,201.66,14116.2,Wholesale,Debit Card,,EMP003,0,No
S01524,9/6/2022,P01354,54,52.37,2827.98,Online,Cash,,EMP017,0,No
S01525,10/6/2022,P00393,73,110.8,8088.4,Wholesale,Debit Card,,EMP006,0,No
S01526,3/20/2023,P01543,11,79.04,869.44,Wholesale,Cash,,EMP023,0,No
S01527,10/4/2022,P01704,57,74.97,4273.29,Hospital,Credit Card,,EMP048,7.77,No
S01528,7/25/2023,P01381,75,56.06,4204.5,Online,Debit Card,,EMP001,0,No
S01529,3/8/2022,P00200,14,158.01,2212.14,Clinic,Debit Card,,EMP046,0,No
S01530,5/4/2023,P00922,28,116.77,3269.56,Online,Credit Card,,EMP025,17.1,No
S01531,4/3/2022,P00675,71,55.53,3942.63,Wholesale,Cash,,EMP002,0,No
S01532,6/2/2022,P00465,7,18.52,129.64,Online,Credit Card,,EMP019,0,No
S01533,9/27/2022,P00374,40,7.16,286.4,Clinic,Credit Card,,EMP017,0,No
S01534,6/1/2023,P01398,5,39.69,198.45,Wholesale,Debit Card,,EMP002,0,No
S01535,6/4/2023,P01965,74,55.04,4072.96,Wholesale,Insurance,,EMP030,0,Yes
S01536,5/23/2022,P01463,2,139.8,279.6,Wholesale,Debit Card,,EMP021,0,No
S01537,5/29/2023,P01274,36,16.97,610.92,Clinic,Insurance,,EMP002,0,Yes
S01538,5/7/2023,P01229,7,86.72,607.04,Online,Debit Card,,EMP043,0,No
S01539,5/22/2022,P01152,62,8.24,510.88,Hospital,Cash,,EMP006,14.08,No
S01540,4/8/2022,P00049,75,20.85,1563.75,Retail,Insurance,,EMP023,0,Yes
S01541,9/16/2023,P00251,9,65.14,586.26,Online,Insurance,,EMP038,0,Yes
S01542,4/12/2023,P00785,67,67.59,4528.53,Online,Cash,,EMP032,0,No
S01543,11/12/2023,P01283,54,26.74,1443.96,Wholesale,Debit Card,,EMP015,0,No
S01544,8/28/2023,P01462,86,11.66,1002.76,Retail,Cash,RX-3370,EMP010,0,No
S01545,5/6/2022,P00860,36,13.76,495.36,Online,Insurance,,EMP039,0,Yes
S01546,9/1/2023,P00075,45,140.25,6311.25,Clinic,Cash,,EMP043,0,No
S01547,9/19/2023,P00491,9,63.87,574.83,Online,Cash,,EMP021,0,No
S01548,7/10/2023,P00065,87,135.3,11771.1,Hospital,Insurance,,EMP005,0,Yes
S01549,10/2/2023,P01039,16,96.06,1536.96,Hospital,Debit Card,,EMP040,0,No
S01550,8/6/2022,P01556,31,71.2,2207.2,Online,Insurance,,EMP042,0,Yes
S01551,5/23/2022,P00897,19,68.85,1308.15,Wholesale,Cash,,EMP041,0,No
S01552,4/14/2023,P00714,80,38.88,3110.4,Hospital,Credit Card,,EMP001,2.76,No
S01553,6/17/2023,P01293,45,25.22,1134.9,Retail,Debit Card,RX-8999,EMP009,1.92,No
S01554,8/22/2023,P01023,53,187.6,9942.8,Clinic,Debit Card,,EMP043,0,No
S01555,8/27/2023,P00633,23,135.89,3125.47,Wholesale,Debit Card,,EMP037,0,No
S01556,2/10/2023,P01840,76,113.98,8662.48,Wholesale,Credit Card,,EMP020,0,No
S01557,9/3/2022,P00871,25,105.62,2640.5,Hospital,Cash,,EMP019,0,No
S01558,6/22/2022,P01905,12,155.79,1869.48,Retail,Credit Card,RX-4806,EMP010,0,No
S01559,10/23/2022,P01631,68,105.19,7152.92,Hospital,Cash,,EMP031,0,No
S01560,7/26/2023,P00410,3,181.82,545.46,Clinic,Credit Card,,EMP045,0,No
S01561,9/10/2023,P00110,12,72.56,870.72,Hospital,Cash,,EMP010,0,No
S01562,10/17/2023,P01250,46,68.43,3147.78,Retail,Credit Card,,EMP007,0,No
S01563,3/29/2023,P00095,25,57.47,1436.75,Wholesale,Insurance,,EMP042,0,Yes
S01564,9/15/2022,P01722,40,151.35,6054,Online,Insurance,,EMP042,0,Yes
S01565,7/28/2023,P01581,56,79.73,4464.88,Retail,Cash,RX-3466,EMP031,0,No
S01566,6/25/2023,P00565,51,130.44,6652.44,Hospital,Cash,,EMP018,0,No
S01567,6/9/2022,P00001,63,74.86,4716.18,Clinic,Credit Card,,EMP021,0,No
S01568,1/22/2023,P01597,70,74.87,5240.9,Wholesale,Cash,,EMP039,0,No
S01569,10/14/2023,P00910,43,43.29,1861.47,Clinic,Insurance,,EMP040,0,Yes
S01570,4/21/2022,P00753,30,108.78,3263.4,Retail,Insurance,,EMP036,0,Yes
S01571,4/26/2023,P00128,11,67.29,740.19,Online,Credit Card,,EMP043,0,No
S01572,5/7/2022,P00269,10,26.72,267.2,Hospital,Credit Card,,EMP033,9.4,No
S01573,1/16/2022,P01368,54,103.01,5562.54,Retail,Insurance,,EMP031,2.73,Yes
S01574,12/3/2023,P00955,31,200.04,6201.24,Retail,Cash,RX-3273,EMP046,14.07,No
S01575,1/3/2022,P00157,72,26.47,1905.84,Hospital,Insurance,,EMP022,0,Yes
S01576,1/16/2023,P00177,25,113.39,2834.75,Online,Insurance,,EMP017,0,Yes
S01577,2/6/2022,P00789,45,211.69,9526.05,Online,Insurance,,EMP012,0,Yes
S01578,8/28/2022,P01225,95,106.36,10104.2,Clinic,Credit Card,,EMP047,0,No
S01579,3/29/2023,P01494,69,74.44,5136.36,Online,Insurance,,EMP035,8.3,Yes
S01580,6/5/2023,P00265,13,80.01,1040.13,Wholesale,Credit Card,,EMP033,19.04,No
S01581,6/18/2022,P01930,99,56.09,5552.91,Hospital,Debit Card,,EMP013,16.42,No
S01582,4/27/2023,P01743,44,86.43,3802.92,Hospital,Debit Card,,EMP011,0,No
S01583,2/6/2022,P00991,71,57.34,4071.14,Hospital,Debit Card,,EMP043,0,No
S01584,1/12/2023,P00393,76,110.8,8420.8,Retail,Debit Card,RX-1322,EMP046,0,No
S01585,12/16/2022,P00011,76,58.62,4455.12,Clinic,Cash,,EMP046,0.59,No
S01586,5/16/2023,P00649,93,72.3,6723.9,Clinic,Cash,,EMP025,14.61,No
S01587,5/2/2022,P01856,28,26.43,740.04,Wholesale,Insurance,,EMP040,0,Yes
S01588,9/17/2023,P01660,4,228.02,912.08,Online,Debit Card,,EMP046,6.29,No
S01589,9/16/2022,P00119,79,222.49,17576.71,Retail,Debit Card,,EMP021,10.04,No
S01590,12/4/2022,P01557,85,97.33,8273.05,Retail,Debit Card,RX-5738,EMP028,0,No
S01591,3/2/2023,P00023,99,83.93,8309.07,Online,Insurance,,EMP008,0,Yes
S01592,10/21/2022,P00258,30,72.04,2161.2,Retail,Cash,RX-6576,EMP031,0,No
S01593,7/27/2022,P00645,26,221.7,5764.2,Clinic,Credit Card,,EMP012,4.74,No
S01594,9/12/2023,P01036,64,58.62,3751.68,Clinic,Credit Card,,EMP009,0,No
S01595,1/10/2023,P01046,59,37.03,2184.77,Online,Insurance,,EMP017,0,Yes
S01596,1/19/2023,P01234,86,91.86,7899.96,Online,Debit Card,,EMP035,10.19,No
S01597,11/28/2022,P01094,51,29.11,1484.61,Clinic,Cash,,EMP012,0,No
S01598,6/20/2022,P00858,19,7.52,142.88,Hospital,Cash,,EMP010,18.11,No
S01599,5/11/2022,P00154,21,31.8,667.8,Retail,Cash,,EMP042,0,No
S01600,5/8/2023,P00374,79,7.16,565.64,Clinic,Debit Card,,EMP046,0,No
S01601,11/27/2022,P00814,96,25.87,2483.52,Wholesale,Cash,,EMP017,14.7,No
S01602,10/18/2023,P01784,3,96.96,290.88,Hospital,Debit Card,,EMP046,10.15,No
S01603,6/21/2022,P01977,29,220.12,6383.48,Retail,Insurance,,EMP038,0,Yes
S01604,3/14/2023,P01120,17,56.61,962.37,Retail,Insurance,RX-3526,EMP012,0,Yes
S01605,7/17/2022,P01453,2,29.33,58.66,Online,Credit Card,,EMP026,0,No
S01606,7/22/2023,P00480,82,35.28,2892.96,Wholesale,Credit Card,,EMP002,0,No
S01607,12/15/2023,P00089,38,38.16,1450.08,Hospital,Credit Card,,EMP032,16.65,No
S01608,3/1/2022,P01998,65,93.45,6074.25,Online,Credit Card,,EMP030,0,No
S01609,7/19/2022,P00532,18,148.82,2678.76,Retail,Credit Card,,EMP001,0,No
S01610,5/26/2022,P00400,67,80.31,5380.77,Hospital,Insurance,,EMP018,0,Yes
S01611,4/9/2023,P00526,80,97.95,7836,Online,Insurance,,EMP006,8.34,Yes
S01612,12/16/2022,P00970,84,69.11,5805.24,Online,Credit Card,,EMP017,0,No
S01613,4/28/2023,P00844,50,95.28,4764,Hospital,Insurance,,EMP025,0,Yes
S01614,8/8/2023,P01832,32,117.38,3756.16,Clinic,Insurance,,EMP023,0,Yes
S01615,1/15/2023,P01288,19,131.47,2497.93,Clinic,Debit Card,,EMP002,0,No
S01616,7/9/2023,P00633,95,135.89,12909.55,Hospital,Debit Card,,EMP014,19.79,No
S01617,9/21/2022,P01828,42,41.21,1730.82,Clinic,Debit Card,,EMP001,0,No
S01618,8/14/2022,P01747,9,126.44,1137.96,Clinic,Debit Card,,EMP043,0,No
S01619,4/17/2023,P01128,60,10.78,646.8,Hospital,Cash,,EMP011,0,No
S01620,4/21/2023,P01994,35,62.79,2197.65,Online,Debit Card,,EMP027,4.26,No
S01621,7/4/2023,P00466,27,71.48,1929.96,Hospital,Insurance,,EMP037,17.51,Yes
S01622,9/17/2022,P01174,17,91.36,1553.12,Hospital,Debit Card,,EMP001,0,No
S01623,1/11/2023,P01074,67,10.51,704.17,Retail,Debit Card,,EMP017,19.87,No
S01624,4/27/2023,P00719,89,123.59,10999.51,Clinic,Insurance,,EMP048,0,Yes
S01625,12/24/2023,P01193,72,5.96,429.12,Hospital,Credit Card,,EMP017,15.53,No
S01626,11/12/2023,P01109,86,153.27,13181.22,Wholesale,Insurance,,EMP024,0,Yes
S01627,4/1/2023,P01487,94,24.77,2328.38,Retail,Debit Card,,EMP005,0,No
S01628,1/31/2023,P00505,10,38.7,387,Online,Cash,,EMP043,5.65,No
S01629,12/17/2022,P01215,23,11.29,259.67,Hospital,Cash,,EMP048,0,No
S01630,7/14/2022,P01047,98,76.68,7514.64,Clinic,Credit Card,,EMP044,0,No
S01631,3/21/2022,P01163,64,5.63,360.32,Hospital,Credit Card,,EMP008,0,No
S01632,2/9/2023,P01917,47,126.92,5965.24,Clinic,Insurance,,EMP024,0,Yes
S01633,11/9/2023,P00377,39,22.09,861.51,Wholesale,Credit Card,,EMP021,0,No
S01634,7/5/2022,P00556,65,137.1,8911.5,Hospital,Debit Card,,EMP024,0,No
S01635,8/5/2023,P00128,19,67.29,1278.51,Retail,Cash,RX-4475,EMP032,0,No
S01636,4/19/2022,P01822,6,55.79,334.74,Hospital,Insurance,,EMP016,15.94,Yes
S01637,12/3/2023,P00683,96,61.4,5894.4,Online,Debit Card,,EMP025,0,No
S01638,5/6/2023,P00774,17,146.12,2484.04,Retail,Insurance,,EMP049,0,Yes
S01639,1/1/2023,P00981,85,225.52,19169.2,Hospital,Cash,,EMP027,0,No
S01640,9/16/2023,P01530,60,66.7,4002,Wholesale,Insurance,,EMP010,0,Yes
S01641,12/29/2022,P00872,4,105.3,421.2,Retail,Credit Card,,EMP046,1.44,No
S01642,3/15/2023,P00983,32,93.73,2999.36,Wholesale,Credit Card,,EMP029,0,No
S01643,12/7/2023,P00856,97,26.14,2535.58,Online,Insurance,,EMP004,0,Yes
S01644,12/23/2022,P00777,70,24.92,1744.4,Online,Cash,,EMP005,0,No
S01645,12/29/2023,P01865,77,186.44,14355.88,Wholesale,Credit Card,,EMP017,14.28,No
S01646,2/16/2022,P01120,72,56.61,4075.92,Hospital,Insurance,,EMP039,0,Yes
S01647,1/15/2022,P00103,50,84.8,4240,Online,Cash,,EMP016,0,No
S01648,4/14/2023,P01035,85,56.91,4837.35,Wholesale,Insurance,,EMP027,0,Yes
S01649,8/27/2022,P01700,34,90.33,3071.22,Online,Debit Card,,EMP012,0,No
S01650,2/23/2022,P01578,11,60.62,666.82,Retail,Debit Card,RX-6084,EMP001,0,No
S01651,1/23/2023,P01312,73,113.33,8273.09,Clinic,Credit Card,,EMP021,0,No
S01652,8/31/2022,P01051,86,96.17,8270.62,Retail,Credit Card,RX-7232,EMP033,10.9,No
S01653,10/9/2022,P00496,70,146.23,10236.1,Online,Cash,,EMP023,0,No
S01654,4/6/2022,P00244,66,59.75,3943.5,Wholesale,Debit Card,,EMP013,0,No
S01655,1/3/2023,P01508,18,114.78,2066.04,Online,Insurance,,EMP039,19.94,Yes
S01656,4/16/2023,P01426,74,24.69,1827.06,Clinic,Debit Card,,EMP034,0,No
S01657,6/9/2023,P00643,60,137.17,8230.2,Online,Debit Card,,EMP036,0,No
S01658,4/1/2023,P00094,51,40.23,2051.73,Online,Insurance,,EMP015,0,Yes
S01659,4/19/2023,P01281,65,92.22,5994.3,Retail,Cash,,EMP008,0,No
S01660,9/30/2022,P00015,2,5.23,10.46,Hospital,Insurance,,EMP047,0,Yes
S01661,1/6/2022,P01099,73,60.77,4436.21,Clinic,Credit Card,,EMP045,0,No
S01662,3/11/2022,P01140,38,16.42,623.96,Clinic,Debit Card,,EMP002,0,No
S01663,1/27/2023,P00197,2,9.5,19,Retail,Debit Card,,EMP027,16.26,No
S01664,7/7/2022,P00217,81,153.66,12446.46,Online,Cash,,EMP032,0,No
S01665,10/16/2023,P01945,62,210.44,13047.28,Wholesale,Debit Card,,EMP035,0,No
S01666,2/25/2023,P01219,92,39.41,3625.72,Clinic,Cash,,EMP007,0,No
S01667,3/7/2022,P00650,13,105.65,1373.45,Clinic,Cash,,EMP042,0,No
S01668,9/4/2023,P01984,42,57.54,2416.68,Hospital,Insurance,,EMP007,0,Yes
S01669,11/23/2023,P00567,49,127.5,6247.5,Online,Cash,,EMP001,0,No
S01670,3/2/2022,P00836,4,15.91,63.64,Hospital,Cash,,EMP009,14.01,No
S01671,5/3/2022,P00260,73,61.06,4457.38,Hospital,Cash,,EMP004,0,No
S01672,12/20/2022,P01248,36,18.99,683.64,Wholesale,Cash,,EMP007,10.51,No
S01673,10/18/2022,P01222,85,65.4,5559,Wholesale,Credit Card,,EMP044,0,No
S01674,10/11/2022,P00695,64,57.8,3699.2,Wholesale,Debit Card,,EMP012,0,No
S01675,1/27/2023,P00165,68,161.29,10967.72,Retail,Insurance,RX-4015,EMP042,0,Yes
S01676,2/14/2022,P01053,58,147.93,8579.94,Clinic,Credit Card,,EMP042,0,No
S01677,7/11/2023,P00474,59,152.02,8969.18,Clinic,Cash,,EMP046,12.77,No
S01678,7/7/2022,P01818,68,121.56,8266.08,Wholesale,Debit Card,,EMP015,0,No
S01679,7/8/2023,P01842,53,51.53,2731.09,Hospital,Cash,,EMP014,0,No
S01680,1/3/2023,P00709,46,89.82,4131.72,Retail,Debit Card,RX-2195,EMP015,0,No
S01681,12/17/2023,P00322,85,42.1,3578.5,Retail,Debit Card,RX-3524,EMP020,0,No
S01682,10/29/2023,P00762,98,166.8,16346.4,Online,Credit Card,,EMP021,0,No
S01683,7/28/2022,P01091,89,53.87,4794.43,Retail,Cash,RX-2407,EMP043,0,No
S01684,10/10/2023,P01438,67,119.58,8011.86,Hospital,Debit Card,,EMP035,0,No
S01685,4/25/2022,P01376,81,100.82,8166.42,Clinic,Cash,,EMP026,0,No
S01686,10/21/2023,P01772,65,41.88,2722.2,Wholesale,Debit Card,,EMP023,0,No
S01687,10/12/2023,P01486,87,131.66,11454.42,Retail,Cash,RX-4814,EMP021,11.57,No
S01688,11/30/2022,P00117,9,201.12,1810.08,Clinic,Credit Card,,EMP037,4.5,No
S01689,7/14/2022,P00777,66,24.92,1644.72,Retail,Debit Card,,EMP045,0,No
S01690,8/8/2023,P00783,34,169.78,5772.52,Online,Cash,,EMP007,0,No
S01691,1/28/2023,P00063,79,114.26,9026.54,Clinic,Debit Card,,EMP039,0,No
S01692,6/7/2023,P01548,96,86.73,8326.08,Online,Credit Card,,EMP009,0,No
S01693,1/8/2023,P00502,44,28.23,1242.12,Online,Credit Card,,EMP016,0,No
S01694,11/25/2023,P01719,23,21.66,498.18,Wholesale,Credit Card,,EMP031,0,No
S01695,7/5/2022,P01527,10,71.84,718.4,Wholesale,Insurance,,EMP026,0,Yes
S01696,2/15/2023,P00352,88,66.44,5846.72,Clinic,Cash,,EMP018,0,No
S01697,9/19/2022,P00650,49,105.65,5176.85,Online,Insurance,,EMP026,0,Yes
S01698,10/28/2023,P01412,56,122.77,6875.12,Hospital,Credit Card,,EMP037,0,No
S01699,6/23/2023,P01864,23,16.32,375.36,Retail,Insurance,RX-7657,EMP030,0,Yes
S01700,3/24/2023,P00800,27,113.61,3067.47,Wholesale,Credit Card,,EMP006,0,No
S01701,12/7/2022,P01936,80,113.72,9097.6,Online,Debit Card,,EMP029,0,No
S01702,3/31/2023,P00614,70,16.64,1164.8,Online,Cash,,EMP016,0,No
S01703,11/29/2023,P01037,82,100.38,8231.16,Wholesale,Debit Card,,EMP012,0,No
S01704,9/15/2023,P01282,23,121.9,2803.7,Retail,Credit Card,,EMP004,0,No
S01705,9/1/2023,P01183,88,37.8,3326.4,Clinic,Insurance,,EMP044,0,Yes
S01706,3/30/2023,P00702,48,63.86,3065.28,Hospital,Credit Card,,EMP049,0,No
S01707,1/1/2023,P01430,71,144.42,10253.82,Hospital,Debit Card,,EMP022,0,No
S01708,3/25/2022,P00218,31,56.11,1739.41,Retail,Cash,,EMP030,0,No
S01709,7/3/2022,P01171,10,16.25,162.5,Clinic,Cash,,EMP009,0,No
S01710,11/20/2022,P01229,64,86.72,5550.08,Clinic,Debit Card,,EMP003,0,No
S01711,5/15/2022,P01731,65,115.38,7499.7,Hospital,Cash,,EMP043,0,No
S01712,11/30/2023,P00242,56,51.95,2909.2,Wholesale,Cash,,EMP008,0,No
S01713,8/16/2022,P01218,1,209.08,209.08,Hospital,Cash,,EMP031,0,No
S01714,1/29/2023,P01726,29,8.04,233.16,Clinic,Cash,,EMP029,0,No
S01715,2/7/2023,P00392,71,113.47,8056.37,Wholesale,Insurance,,EMP026,18.69,Yes
S01716,2/10/2022,P01571,59,157.27,9278.93,Wholesale,Cash,,EMP042,0,No
S01717,4/24/2022,P00044,17,105.96,1801.32,Online,Cash,,EMP042,12.24,No
S01718,5/9/2023,P00213,9,152.87,1375.83,Wholesale,Insurance,,EMP031,0,Yes
S01719,4/14/2023,P01583,13,104.95,1364.35,Wholesale,Insurance,,EMP016,0,Yes
S01720,7/23/2023,P01057,14,63.47,888.58,Hospital,Credit Card,,EMP017,9.2,No
S01721,3/18/2023,P01055,4,171.1,684.4,Hospital,Insurance,,EMP014,0,Yes
S01722,4/23/2023,P01981,52,144.91,7535.32,Clinic,Insurance,,EMP041,0,Yes
S01723,1/2/2023,P00494,1,37.22,37.22,Retail,Insurance,RX-1682,EMP040,19.36,Yes
S01724,11/25/2022,P00958,12,103.53,1242.36,Hospital,Credit Card,,EMP038,10.32,No
S01725,1/16/2023,P01288,32,131.47,4207.04,Wholesale,Insurance,,EMP006,0,Yes
S01726,5/3/2023,P01430,10,144.42,1444.2,Retail,Insurance,RX-4662,EMP012,15.19,Yes
S01727,6/14/2022,P01809,79,162.2,12813.8,Clinic,Insurance,,EMP033,0,Yes
S01728,11/29/2023,P00905,38,119.31,4533.78,Hospital,Insurance,,EMP045,0,Yes
S01729,3/2/2022,P00022,94,108.29,10179.26,Hospital,Insurance,,EMP046,0,Yes
S01730,12/26/2023,P01428,70,78.09,5466.3,Clinic,Cash,,EMP007,0,No
S01731,5/7/2022,P00160,3,108.9,326.7,Wholesale,Insurance,,EMP041,0,Yes
S01732,6/3/2023,P01454,61,57.69,3519.09,Online,Cash,,EMP048,4.41,No
S01733,9/24/2022,P01134,36,82.66,2975.76,Online,Cash,,EMP030,9.31,No
S01734,3/30/2023,P00468,71,80.59,5721.89,Retail,Cash,RX-8509,EMP017,3.49,No
S01735,3/28/2023,P01516,13,52.57,683.41,Wholesale,Debit Card,,EMP021,17.29,No
S01736,1/9/2022,P00278,9,20.86,187.74,Retail,Debit Card,RX-6093,EMP048,10.14,No
S01737,7/19/2023,P01312,56,113.33,6346.48,Clinic,Credit Card,,EMP017,0,No
S01738,8/29/2022,P00732,92,104.42,9606.64,Online,Insurance,,EMP020,0,Yes
S01739,10/21/2022,P00944,31,91.39,2833.09,Hospital,Cash,,EMP023,16.29,No
S01740,12/18/2023,P00184,94,57.83,5436.02,Clinic,Credit Card,,EMP003,0,No
S01741,11/4/2022,P00678,4,102.78,411.12,Wholesale,Credit Card,,EMP002,17.46,No
S01742,12/10/2023,P01487,9,24.77,222.93,Hospital,Cash,,EMP011,0,No
S01743,1/19/2022,P00726,1,4.17,4.17,Wholesale,Insurance,,EMP018,0,Yes
S01744,6/10/2023,P01417,7,107.89,755.23,Hospital,Credit Card,,EMP031,0,No
S01745,11/11/2022,P00884,70,71.08,4975.6,Wholesale,Debit Card,,EMP018,0,No
S01746,2/8/2022,P01291,3,35.34,106.02,Online,Insurance,,EMP040,0,Yes
S01747,3/4/2023,P01193,87,5.96,518.52,Wholesale,Credit Card,,EMP028,0,No
S01748,8/24/2022,P00930,56,203.28,11383.68,Clinic,Credit Card,,EMP033,0,No
S01749,3/17/2022,P00978,21,20.04,420.84,Retail,Debit Card,RX-8328,EMP040,0,No
S01750,8/15/2023,P00057,68,41.2,2801.6,Wholesale,Insurance,,EMP048,0,Yes
S01751,11/24/2023,P00134,84,203.69,17109.96,Hospital,Cash,,EMP044,0,No
S01752,5/4/2022,P01056,3,62.06,186.18,Wholesale,Credit Card,,EMP049,18.27,No
S01753,12/17/2023,P01619,87,200.94,17481.78,Online,Credit Card,,EMP033,0,No
S01754,6/3/2022,P00495,65,66.27,4307.55,Hospital,Debit Card,,EMP005,0,No
S01755,11/12/2023,P01549,62,39.46,2446.52,Online,Insurance,,EMP009,6.18,Yes
S01756,8/7/2023,P01897,11,15.7,172.7,Clinic,Insurance,,EMP029,0,Yes
S01757,4/1/2023,P01265,33,125.93,4155.69,Retail,Credit Card,RX-7442,EMP011,0,No
S01758,1/21/2022,P00824,38,103.25,3923.5,Wholesale,Insurance,,EMP008,3.29,Yes
S01759,3/30/2023,P00180,22,84.46,1858.12,Online,Cash,,EMP010,6.93,No
S01760,6/15/2023,P00817,92,94.35,8680.2,Retail,Credit Card,RX-9914,EMP047,0,No
S01761,10/20/2022,P00976,96,150.89,14485.44,Retail,Credit Card,,EMP005,12.34,No
S01762,11/6/2023,P01925,36,10.88,391.68,Retail,Credit Card,RX-7927,EMP033,0,No
S01763,3/4/2023,P00162,32,74.33,2378.56,Clinic,Credit Card,,EMP030,0,No
S01764,2/16/2022,P01773,6,62.3,373.8,Clinic,Cash,,EMP023,0,No
S01765,1/30/2023,P00904,39,13.22,515.58,Retail,Cash,RX-5161,EMP026,0,No
S01766,10/17/2023,P00433,26,89.88,2336.88,Hospital,Credit Card,,EMP001,0,No
S01767,3/9/2022,P01338,46,28.46,1309.16,Online,Debit Card,,EMP019,1.35,No
S01768,8/25/2022,P01146,17,82.81,1407.77,Wholesale,Cash,,EMP044,0,No
S01769,10/14/2023,P00357,38,65.14,2475.32,Online,Cash,,EMP032,19.45,No
S01770,10/19/2022,P01105,99,13.28,1314.72,Retail,Insurance,RX-5650,EMP001,0,Yes
S01771,5/7/2023,P00619,64,25.24,1615.36,Online,Insurance,,EMP026,18.77,Yes
S01772,1/20/2022,P01933,84,52.94,4446.96,Online,Insurance,,EMP045,0,Yes
S01773,8/31/2022,P00662,46,129.76,5968.96,Clinic,Insurance,,EMP044,0,Yes
S01774,3/19/2023,P00108,78,70.51,5499.78,Online,Cash,,EMP031,0,No
S01775,3/14/2022,P01628,65,18.06,1173.9,Clinic,Debit Card,,EMP004,0,No
S01776,6/15/2023,P01348,54,18.24,984.96,Retail,Debit Card,RX-1435,EMP026,0,No
S01777,3/6/2023,P01997,50,13.26,663,Clinic,Credit Card,,EMP012,4.09,No
S01778,3/26/2023,P00638,68,24.83,1688.44,Clinic,Debit Card,,EMP021,0,No
S01779,5/19/2023,P00522,45,77.93,3506.85,Hospital,Cash,,EMP018,0,No
S01780,1/7/2022,P00768,59,178.31,10520.29,Online,Debit Card,,EMP020,0,No
S01781,1/10/2023,P00350,20,107.49,2149.8,Clinic,Credit Card,,EMP047,0,No
S01782,8/23/2023,P01939,75,3.63,272.25,Online,Insurance,,EMP030,0,Yes
S01783,9/2/2023,P00822,73,128.79,9401.67,Retail,Cash,RX-4780,EMP027,0,No
S01784,3/2/2023,P01006,96,68.16,6543.36,Hospital,Debit Card,,EMP013,16.58,No
S01785,10/31/2022,P00560,98,191.25,18742.5,Wholesale,Cash,,EMP031,5.1,No
S01786,8/25/2022,P00496,5,146.23,731.15,Clinic,Credit Card,,EMP023,0,No
S01787,11/3/2022,P00046,26,33.93,882.18,Wholesale,Debit Card,,EMP032,11.16,No
S01788,6/9/2023,P00818,68,63.65,4328.2,Retail,Credit Card,RX-7709,EMP048,0,No
S01789,11/11/2022,P01614,93,27.6,2566.8,Retail,Cash,RX-7094,EMP020,0,No
S01790,7/20/2023,P00335,85,60.38,5132.3,Hospital,Debit Card,,EMP024,6.28,No
S01791,4/30/2023,P00701,98,71.05,6962.9,Online,Insurance,,EMP041,0,Yes
S01792,8/5/2023,P01557,79,97.33,7689.07,Clinic,Cash,,EMP027,0,No
S01793,5/23/2022,P00211,17,99.81,1696.77,Online,Cash,,EMP009,2.45,No
S01794,4/20/2023,P01766,90,28.74,2586.6,Clinic,Insurance,,EMP049,11.46,Yes
S01795,7/2/2022,P01858,60,121.06,7263.6,Wholesale,Cash,,EMP038,5.74,No
S01796,12/15/2022,P00339,72,2.57,185.04,Wholesale,Cash,,EMP043,0,No
S01797,3/19/2022,P01716,9,185.83,1672.47,Retail,Insurance,,EMP018,5.76,Yes
S01798,8/9/2022,P00836,19,15.91,302.29,Online,Credit Card,,EMP031,0,No
S01799,9/2/2023,P01180,54,197.21,10649.34,Online,Debit Card,,EMP020,0,No
S01800,12/4/2022,P01991,97,85.03,8247.91,Hospital,Insurance,,EMP015,0,Yes
S01801,6/8/2023,P01527,20,71.84,1436.8,Clinic,Insurance,,EMP045,13.84,Yes
S01802,10/19/2023,P00245,29,107.94,3130.26,Clinic,Debit Card,,EMP039,0,No
S01803,4/13/2022,P01021,54,54.28,2931.12,Clinic,Credit Card,,EMP001,0.98,No
S01804,8/3/2022,P00432,14,101.39,1419.46,Online,Cash,,EMP019,0,No
S01805,2/15/2023,P01735,65,21.79,1416.35,Clinic,Cash,,EMP022,1.9,No
S01806,12/4/2023,P01284,20,6.73,134.6,Online,Credit Card,,EMP006,0,No
S01807,9/13/2023,P01870,67,122.67,8218.89,Clinic,Debit Card,,EMP015,4.62,No
S01808,12/20/2022,P00444,21,40.22,844.62,Retail,Debit Card,,EMP017,0,No
S01809,4/24/2022,P01853,58,64.82,3759.56,Clinic,Credit Card,,EMP027,0,No
S01810,1/15/2023,P00606,27,92.02,2484.54,Online,Credit Card,,EMP047,11.57,No
S01811,11/22/2022,P01094,5,29.11,145.55,Online,Credit Card,,EMP034,6.25,No
S01812,9/13/2023,P00694,91,94.46,8595.86,Wholesale,Debit Card,,EMP030,0,No
S01813,1/27/2022,P00035,86,30.6,2631.6,Online,Cash,,EMP020,15.16,No
S01814,12/7/2023,P00321,58,36.45,2114.1,Clinic,Insurance,,EMP014,0,Yes
S01815,12/20/2023,P00643,45,137.17,6172.65,Retail,Credit Card,RX-8819,EMP003,0,No
S01816,5/23/2022,P00816,46,30.72,1413.12,Clinic,Cash,,EMP041,0,No
S01817,7/26/2023,P01952,41,124.18,5091.38,Online,Cash,,EMP002,10.06,No
S01818,2/25/2023,P00216,21,189.84,3986.64,Retail,Debit Card,RX-1715,EMP024,0,No
S01819,10/13/2022,P01788,32,14.15,452.8,Hospital,Credit Card,,EMP039,0,No
S01820,9/23/2022,P01345,94,143.18,13458.92,Hospital,Debit Card,,EMP046,0,No
S01821,12/20/2022,P01085,11,187.78,2065.58,Retail,Insurance,RX-9506,EMP026,0.01,Yes
S01822,3/28/2023,P00163,60,91.73,5503.8,Wholesale,Cash,,EMP021,0,No
S01823,4/14/2022,P00197,66,9.5,627,Retail,Cash,RX-3577,EMP016,2.88,No
S01824,2/5/2023,P00939,12,137.58,1650.96,Clinic,Credit Card,,EMP009,17.62,No
S01825,11/27/2023,P01442,34,71.17,2419.78,Hospital,Cash,,EMP020,0,No
S01826,12/29/2023,P01575,46,193.76,8912.96,Online,Cash,,EMP002,8.05,No
S01827,8/28/2023,P01499,59,6.93,408.87,Online,Cash,,EMP043,0,No
S01828,7/15/2023,P00266,42,52.91,2222.22,Wholesale,Insurance,,EMP011,12.2,Yes
S01829,10/7/2023,P00085,51,47.35,2414.85,Clinic,Cash,,EMP029,0,No
S01830,7/8/2023,P00477,35,143.9,5036.5,Online,Credit Card,,EMP004,14.34,No
S01831,2/26/2022,P01868,68,202.97,13801.96,Retail,Insurance,RX-6058,EMP019,0,Yes
S01832,11/10/2023,P00676,87,157.01,13659.87,Clinic,Cash,,EMP020,0,No
S01833,8/10/2022,P01804,78,32.71,2551.38,Clinic,Insurance,,EMP001,0,Yes
S01834,10/18/2023,P01816,84,88.87,7465.08,Retail,Cash,RX-3187,EMP037,0,No
S01835,9/25/2022,P00057,29,41.2,1194.8,Retail,Credit Card,,EMP033,12.46,No
S01836,12/18/2023,P00256,58,148.85,8633.3,Online,Credit Card,,EMP010,0,No
S01837,2/26/2022,P00758,76,124.22,9440.72,Retail,Credit Card,RX-5285,EMP015,0,No
S01838,7/22/2022,P00029,22,171.56,3774.32,Wholesale,Debit Card,,EMP004,5.53,No
S01839,9/21/2022,P01424,19,34.36,652.84,Online,Debit Card,,EMP014,9.84,No
S01840,6/17/2023,P00826,85,11.51,978.35,Retail,Cash,RX-9321,EMP049,0,No
S01841,5/8/2022,P01562,3,109.84,329.52,Hospital,Debit Card,,EMP018,3.95,No
S01842,5/31/2022,P00770,69,37.03,2555.07,Wholesale,Debit Card,,EMP005,5.9,No
S01843,9/24/2022,P01664,29,35.84,1039.36,Wholesale,Cash,,EMP022,17.75,No
S01844,6/12/2023,P00346,83,91.58,7601.14,Online,Credit Card,,EMP023,12.41,No
S01845,9/7/2023,P01864,5,16.32,81.6,Online,Cash,,EMP010,0,No
S01846,5/4/2023,P01880,33,38.34,1265.22,Online,Cash,,EMP045,0,No
S01847,8/16/2022,P01655,88,54.64,4808.32,Clinic,Cash,,EMP006,15.17,No
S01848,5/23/2022,P00462,67,72.23,4839.41,Clinic,Insurance,,EMP015,0,Yes
S01849,8/31/2023,P01395,16,97.49,1559.84,Online,Credit Card,,EMP003,0,No
S01850,11/11/2022,P00134,1,203.69,203.69,Wholesale,Credit Card,,EMP041,0,No
S01851,12/2/2023,P01257,88,120.18,10575.84,Retail,Cash,RX-4056,EMP030,0,No
S01852,12/1/2023,P00789,94,211.69,19898.86,Clinic,Credit Card,,EMP005,0,No
S01853,4/25/2022,P01511,88,19.16,1686.08,Clinic,Debit Card,,EMP030,14.69,No
S01854,9/11/2022,P01322,76,90.4,6870.4,Online,Credit Card,,EMP038,0,No
S01855,7/26/2022,P01729,8,71.64,573.12,Clinic,Cash,,EMP040,6.75,No
S01856,6/13/2023,P01510,77,27.5,2117.5,Hospital,Credit Card,,EMP030,0,No
S01857,5/3/2022,P01782,97,95.93,9305.21,Wholesale,Cash,,EMP032,5.29,No
S01858,7/25/2022,P00355,21,87.11,1829.31,Hospital,Insurance,,EMP009,8.57,Yes
S01859,2/16/2023,P00749,9,27.87,250.83,Hospital,Debit Card,,EMP048,0,No
S01860,9/16/2022,P00143,55,33.2,1826,Hospital,Credit Card,,EMP038,0,No
S01861,2/28/2023,P00944,73,91.39,6671.47,Clinic,Debit Card,,EMP003,12.72,No
S01862,11/23/2022,P00343,32,99.84,3194.88,Retail,Debit Card,RX-5490,EMP002,6.5,No
S01863,3/25/2022,P01310,67,58.4,3912.8,Clinic,Debit Card,,EMP039,16.37,No
S01864,12/14/2022,P00936,99,70.77,7006.23,Wholesale,Cash,,EMP032,5.32,No
S01865,9/21/2022,P00894,40,92.35,3694,Hospital,Credit Card,,EMP024,0,No
S01866,5/17/2022,P00035,77,30.6,2356.2,Clinic,Insurance,,EMP016,0,Yes
S01867,11/6/2023,P01758,81,165.1,13373.1,Clinic,Credit Card,,EMP011,0,No
S01868,1/14/2023,P00827,65,149.45,9714.25,Clinic,Credit Card,,EMP037,10.37,No
S01869,3/25/2022,P00172,36,191.19,6882.84,Wholesale,Debit Card,,EMP008,0,No
S01870,8/24/2022,P01659,91,190.17,17305.47,Clinic,Cash,,EMP032,15.05,No
S01871,2/22/2023,P00073,11,53.84,592.24,Wholesale,Cash,,EMP027,14.22,No
S01872,11/25/2023,P01202,15,94.3,1414.5,Online,Credit Card,,EMP023,0,No
S01873,9/14/2023,P01571,19,157.27,2988.13,Wholesale,Debit Card,,EMP031,15.39,No
S01874,7/15/2022,P00410,75,181.82,13636.5,Wholesale,Credit Card,,EMP036,0,No
S01875,7/16/2022,P00210,1,97.3,97.3,Clinic,Credit Card,,EMP043,0,No
S01876,9/3/2022,P00173,55,6.26,344.3,Clinic,Insurance,,EMP049,0,Yes
S01877,12/29/2023,P00866,59,70.19,4141.21,Wholesale,Credit Card,,EMP043,0,No
S01878,7/31/2023,P00638,71,24.83,1762.93,Hospital,Credit Card,,EMP039,12.25,No
S01879,6/24/2023,P01781,85,143.25,12176.25,Hospital,Credit Card,,EMP042,0,No
S01880,7/18/2022,P00217,35,153.66,5378.1,Retail,Insurance,RX-7616,EMP030,0,Yes
S01881,2/17/2023,P00080,65,26.34,1712.1,Online,Debit Card,,EMP010,6.83,No
S01882,9/15/2023,P00231,8,94.46,755.68,Hospital,Debit Card,,EMP014,0,No
S01883,8/4/2022,P00463,83,44,3652,Online,Debit Card,,EMP032,0,No
S01884,4/10/2023,P00090,50,11.29,564.5,Online,Credit Card,,EMP010,3.51,No
S01885,12/1/2022,P01964,42,31.78,1334.76,Online,Debit Card,,EMP010,4.4,No
S01886,8/13/2023,P01597,13,74.87,973.31,Wholesale,Cash,,EMP038,17.08,No
S01887,7/21/2023,P00742,75,26.12,1959,Clinic,Insurance,,EMP025,0,Yes
S01888,2/16/2022,P01061,65,111.09,7220.85,Wholesale,Credit Card,,EMP048,0,No
S01889,4/28/2023,P01314,2,98.76,197.52,Retail,Insurance,RX-2763,EMP029,0,Yes
S01890,4/24/2022,P01861,86,84.98,7308.28,Online,Debit Card,,EMP031,0,No
S01891,3/24/2022,P01010,44,59.36,2611.84,Retail,Credit Card,,EMP040,2.23,No
S01892,11/29/2022,P00911,92,113.56,10447.52,Clinic,Credit Card,,EMP005,9.19,No
S01893,8/15/2022,P00049,39,20.85,813.15,Hospital,Credit Card,,EMP018,0,No
S01894,4/22/2022,P00863,44,109.73,4828.12,Clinic,Insurance,,EMP021,0,Yes
S01895,1/14/2023,P01944,99,15.54,1538.46,Hospital,Cash,,EMP033,16.07,No
S01896,1/16/2023,P00013,76,48.32,3672.32,Retail,Debit Card,,EMP002,6,No
S01897,12/9/2022,P00724,72,98,7056,Hospital,Credit Card,,EMP047,16.58,No
S01898,8/14/2023,P00021,36,36.83,1325.88,Online,Insurance,,EMP016,0,Yes
S01899,3/2/2023,P00217,2,153.66,307.32,Hospital,Cash,,EMP049,8.25,No
S01900,9/10/2023,P00306,52,69.16,3596.32,Retail,Cash,,EMP002,0,No
S01901,9/22/2022,P00398,52,168.13,8742.76,Online,Credit Card,,EMP049,0,No
S01902,5/22/2023,P00130,83,16.02,1329.66,Hospital,Cash,,EMP004,0,No
S01903,6/30/2022,P01904,93,95.03,8837.79,Hospital,Insurance,,EMP025,14.15,Yes
S01904,7/10/2023,P00511,25,166.77,4169.25,Clinic,Credit Card,,EMP006,0,No
S01905,1/4/2022,P00954,46,9.13,419.98,Hospital,Credit Card,,EMP016,16.73,No
S01906,11/20/2022,P00217,47,153.66,7222.02,Hospital,Debit Card,,EMP006,18.3,No
S01907,4/18/2023,P01467,3,4.53,13.59,Online,Cash,,EMP010,4.74,No
S01908,11/6/2023,P01612,13,107.68,1399.84,Hospital,Insurance,,EMP002,10.47,Yes
S01909,3/3/2023,P01569,4,44.4,177.6,Hospital,Insurance,,EMP036,0,Yes
S01910,11/6/2022,P00041,49,14.29,700.21,Retail,Insurance,RX-3947,EMP010,6.35,Yes
S01911,3/24/2022,P00804,84,99.85,8387.4,Wholesale,Credit Card,,EMP045,0,No
S01912,8/3/2023,P00636,77,98.41,7577.57,Clinic,Debit Card,,EMP009,8.11,No
S01913,9/6/2022,P01339,26,70.94,1844.44,Online,Insurance,,EMP020,0,Yes
S01914,8/18/2023,P00624,37,227.95,8434.15,Online,Cash,,EMP037,0,No
S01915,12/15/2022,P00625,18,187.72,3378.96,Retail,Credit Card,RX-9365,EMP014,0,No
S01916,9/3/2023,P00103,47,84.8,3985.6,Retail,Debit Card,RX-8849,EMP015,0,No
S01917,11/20/2023,P00936,30,70.77,2123.1,Hospital,Debit Card,,EMP002,0,No
S01918,1/3/2023,P00277,5,90.88,454.4,Hospital,Debit Card,,EMP018,0,No
S01919,6/24/2023,P00997,17,155.58,2644.86,Wholesale,Insurance,,EMP005,0,Yes
S01920,11/9/2023,P01004,91,211.24,19222.84,Wholesale,Insurance,,EMP047,15.67,Yes
S01921,2/13/2023,P00375,27,153.78,4152.06,Online,Debit Card,,EMP024,0,No
S01922,9/13/2023,P01323,60,16.56,993.6,Wholesale,Cash,,EMP029,18.62,No
S01923,3/1/2023,P01804,13,32.71,425.23,Retail,Credit Card,RX-6387,EMP020,12.07,No
S01924,1/3/2022,P01029,74,232.67,17217.58,Hospital,Debit Card,,EMP048,1.9,No
S01925,2/7/2023,P00472,46,192.48,8854.08,Clinic,Debit Card,,EMP022,6.22,No
S01926,2/22/2022,P01447,1,116.25,116.25,Wholesale,Cash,,EMP031,0,No
S01927,2/15/2023,P00142,49,26.3,1288.7,Clinic,Cash,,EMP038,0,No
S01928,4/26/2023,P01007,74,22.53,1667.22,Hospital,Credit Card,,EMP029,0,No
S01929,8/6/2023,P01544,23,76.15,1751.45,Retail,Credit Card,,EMP017,7.86,No
S01930,6/17/2022,P01595,95,103.44,9826.8,Hospital,Cash,,EMP015,6.34,No
S01931,1/27/2022,P01680,58,140.05,8122.9,Clinic,Credit Card,,EMP015,0,No
S01932,7/23/2023,P00796,88,51.89,4566.32,Wholesale,Credit Card,,EMP019,0,No
S01933,5/4/2022,P00665,13,27.17,353.21,Wholesale,Cash,,EMP010,10.04,No
S01934,12/7/2023,P00856,15,26.14,392.1,Online,Cash,,EMP007,0,No
S01935,3/29/2023,P01123,34,22.92,779.28,Hospital,Debit Card,,EMP030,0,No
S01936,5/30/2023,P00012,70,14.24,996.8,Online,Debit Card,,EMP045,0,No
S01937,2/14/2023,P01802,85,115.73,9837.05,Wholesale,Insurance,,EMP044,0,Yes
S01938,10/20/2022,P00180,69,84.46,5827.74,Clinic,Credit Card,,EMP032,0,No
S01939,2/20/2023,P01590,96,66.4,6374.4,Online,Cash,,EMP002,0,No
S01940,7/29/2023,P01869,99,175.91,17415.09,Hospital,Insurance,,EMP023,0,Yes
S01941,7/8/2023,P01581,56,79.73,4464.88,Retail,Cash,RX-4792,EMP012,8.19,No
S01942,5/5/2023,P00155,73,91.72,6695.56,Online,Cash,,EMP006,0,No
S01943,3/20/2022,P01714,11,144.64,1591.04,Retail,Cash,RX-3387,EMP031,0,No
S01944,9/7/2022,P00171,38,39.55,1502.9,Clinic,Insurance,,EMP046,0,Yes
S01945,10/31/2023,P00835,31,65.1,2018.1,Hospital,Credit Card,,EMP030,0,No
S01946,7/31/2022,P01581,25,79.73,1993.25,Retail,Debit Card,RX-9167,EMP036,19.53,No
S01947,2/9/2023,P00318,97,95.46,9259.62,Hospital,Credit Card,,EMP029,8.58,No
S01948,11/21/2022,P00564,60,128.81,7728.6,Clinic,Debit Card,,EMP026,15.95,No
S01949,2/13/2023,P01330,14,131,1834,Retail,Insurance,,EMP038,0,Yes
S01950,6/10/2022,P01179,26,28.1,730.6,Online,Insurance,,EMP031,0,Yes
S01951,4/12/2022,P00013,66,48.32,3189.12,Wholesale,Credit Card,,EMP031,0,No
S01952,4/9/2023,P01911,68,116.47,7919.96,Clinic,Credit Card,,EMP034,13.6,No
S01953,2/7/2022,P01060,75,201.92,15144,Retail,Cash,RX-5339,EMP046,0,No
S01954,7/28/2022,P01386,69,40.93,2824.17,Wholesale,Insurance,,EMP002,0,Yes
S01955,5/9/2022,P01520,2,10.44,20.88,Hospital,Cash,,EMP001,0,No
S01956,2/5/2023,P01993,66,97.17,6413.22,Wholesale,Cash,,EMP046,0,No
S01957,9/27/2022,P01898,29,58.06,1683.74,Wholesale,Cash,,EMP033,0,No
S01958,2/5/2023,P01039,75,96.06,7204.5,Clinic,Insurance,,EMP018,0,Yes
S01959,7/12/2023,P00684,62,68.22,4229.64,Clinic,Debit Card,,EMP003,0,No
S01960,10/16/2022,P00991,57,57.34,3268.38,Wholesale,Debit Card,,EMP030,0,No
S01961,10/3/2022,P01231,22,226.74,4988.28,Clinic,Insurance,,EMP014,0,Yes
S01962,8/8/2022,P00481,30,8.27,248.1,Hospital,Insurance,,EMP016,0,Yes
S01963,11/25/2023,P00516,14,201.66,2823.24,Hospital,Credit Card,,EMP003,15.11,No
S01964,3/27/2023,P01747,84,126.44,10620.96,Clinic,Credit Card,,EMP024,0,No
S01965,5/14/2022,P00042,95,9.38,891.1,Wholesale,Credit Card,,EMP015,0,No
S01966,6/23/2023,P00858,84,7.52,631.68,Retail,Debit Card,RX-2059,EMP013,0,No
S01967,5/1/2022,P00016,30,90.07,2702.1,Retail,Credit Card,RX-8912,EMP029,5.88,No
S01968,9/5/2022,P00033,87,101.36,8818.32,Online,Debit Card,,EMP011,0,No
S01969,4/2/2023,P01594,84,102.68,8625.12,Online,Insurance,,EMP003,14.64,Yes
S01970,6/23/2022,P01504,31,153.23,4750.13,Wholesale,Credit Card,,EMP023,0,No
S01971,12/26/2022,P01053,55,147.93,8136.15,Online,Insurance,,EMP034,16.29,Yes
S01972,6/7/2022,P01231,90,226.74,20406.6,Online,Cash,,EMP010,15.66,No
S01973,9/29/2022,P00101,59,200.15,11808.85,Hospital,Insurance,,EMP042,0,Yes
S01974,10/30/2023,P00305,37,102.94,3808.78,Clinic,Debit Card,,EMP013,8.38,No
S01975,12/9/2023,P00255,41,157.21,6445.61,Retail,Debit Card,,EMP026,10.41,No
S01976,2/12/2022,P00619,79,25.24,1993.96,Clinic,Credit Card,,EMP026,0,No
S01977,6/14/2022,P01169,38,52.18,1982.84,Wholesale,Insurance,,EMP011,0,Yes
S01978,3/31/2022,P00094,59,40.23,2373.57,Clinic,Debit Card,,EMP002,0,No
S01979,10/23/2022,P00461,30,185.84,5575.2,Hospital,Credit Card,,EMP010,0,No
S01980,12/26/2023,P01624,47,85.73,4029.31,Retail,Insurance,,EMP013,9.59,Yes
S01981,7/4/2023,P00297,64,91.57,5860.48,Wholesale,Debit Card,,EMP009,0,No
S01982,5/26/2022,P00519,29,53.57,1553.53,Hospital,Insurance,,EMP022,0,Yes
S01983,5/9/2023,P01696,9,90.79,817.11,Wholesale,Credit Card,,EMP037,1.93,No
S01984,11/11/2023,P01017,59,60.27,3555.93,Clinic,Credit Card,,EMP041,0,No
S01985,10/22/2022,P00647,33,174.71,5765.43,Hospital,Cash,,EMP031,0,No
S01986,1/12/2022,P01596,95,100.97,9592.15,Clinic,Cash,,EMP010,0,No
S01987,1/3/2022,P01753,12,165.8,1989.6,Wholesale,Debit Card,,EMP028,0,No
S01988,4/17/2022,P00650,69,105.65,7289.85,Online,Debit Card,,EMP005,0,No
S01989,7/16/2023,P00637,43,98.31,4227.33,Clinic,Insurance,,EMP042,9.34,Yes
S01990,3/2/2023,P00270,85,39.89,3390.65,Online,Credit Card,,EMP030,0,No
S01991,1/7/2023,P00556,67,137.1,9185.7,Clinic,Debit Card,,EMP027,0,No
S01992,7/7/2023,P00508,82,79.87,6549.34,Wholesale,Cash,,EMP045,0,No
S01993,10/3/2022,P00726,83,4.17,346.11,Wholesale,Insurance,,EMP005,0,Yes
S01994,12/19/2022,P01992,55,141.04,7757.2,Hospital,Debit Card,,EMP047,0,No
S01995,7/4/2022,P00188,26,22.42,582.92,Online,Credit Card,,EMP011,4.87,No
S01996,6/14/2022,P00778,83,14.67,1217.61,Hospital,Insurance,,EMP021,0,Yes
S01997,8/5/2023,P01646,67,42.03,2816.01,Clinic,Insurance,,EMP028,0.76,Yes
S01998,7/19/2022,P00602,59,139.59,8235.81,Retail,Debit Card,RX-4325,EMP032,0,No
S01999,4/18/2023,P01799,2,100.14,200.28,Hospital,Cash,,EMP029,0,No
S02000,10/3/2023,P01318,78,124.11,9680.58,Clinic,Credit Card,,EMP038,0,No
S02001,9/11/2022,P01238,26,226.45,5887.7,Hospital,Credit Card,,EMP019,0,No
S02002,12/8/2023,P00860,89,13.76,1224.64,Wholesale,Debit Card,,EMP030,0,No
S02003,7/19/2022,P00031,43,3.1,133.3,Hospital,Credit Card,,EMP018,0,No
S02004,6/16/2022,P01955,98,80.88,7926.24,Wholesale,Debit Card,,EMP014,0,No
S02005,6/12/2022,P01153,97,26.77,2596.69,Retail,Credit Card,,EMP038,0,No
S02006,2/17/2023,P01169,83,52.18,4330.94,Retail,Debit Card,RX-4044,EMP019,19.47,No
S02007,9/24/2022,P00740,93,8.99,836.07,Online,Cash,,EMP024,0,No
S02008,11/24/2023,P01279,82,61.7,5059.4,Online,Credit Card,,EMP047,0,No
S02009,10/10/2023,P01536,51,34.87,1778.37,Clinic,Insurance,,EMP021,0,Yes
S02010,3/26/2023,P00512,2,103.61,207.22,Clinic,Insurance,,EMP039,0,Yes
S02011,7/10/2023,P01016,13,111.06,1443.78,Clinic,Debit Card,,EMP040,0,No
S02012,8/27/2023,P00343,25,99.84,2496,Wholesale,Credit Card,,EMP047,0,No
S02013,12/16/2022,P00576,10,8.22,82.2,Online,Credit Card,,EMP008,5.15,No
S02014,10/31/2022,P00268,42,123.15,5172.3,Hospital,Cash,,EMP027,17.03,No
S02015,11/22/2023,P00499,23,62.81,1444.63,Hospital,Debit Card,,EMP039,0,No
S02016,10/18/2022,P01511,66,19.16,1264.56,Clinic,Debit Card,,EMP042,0,No
S02017,6/28/2022,P01328,55,10.03,551.65,Hospital,Debit Card,,EMP035,0.72,No
S02018,12/19/2023,P00785,77,67.59,5204.43,Clinic,Insurance,,EMP024,0,Yes
S02019,11/22/2022,P00759,84,26.89,2258.76,Wholesale,Credit Card,,EMP043,0,No
S02020,2/9/2023,P00503,67,84.42,5656.14,Hospital,Credit Card,,EMP048,0,No
S02021,10/8/2022,P00048,70,136.12,9528.4,Wholesale,Insurance,,EMP026,0,Yes
S02022,1/16/2022,P01260,66,145.98,9634.68,Wholesale,Debit Card,,EMP040,0,No
S02023,4/24/2023,P01926,43,15.36,660.48,Wholesale,Credit Card,,EMP013,0,No
S02024,3/3/2022,P00414,9,113.92,1025.28,Retail,Insurance,,EMP002,0,Yes
S02025,11/28/2022,P00581,27,148.56,4011.12,Wholesale,Credit Card,,EMP005,0,No
S02026,7/25/2023,P00784,41,83.75,3433.75,Online,Insurance,,EMP011,0,Yes
S02027,12/31/2023,P00978,26,20.04,521.04,Retail,Credit Card,RX-1481,EMP044,0,No
S02028,6/17/2023,P00703,5,128.28,641.4,Retail,Insurance,RX-3279,EMP007,11.56,Yes
S02029,11/21/2022,P00191,34,169.95,5778.3,Hospital,Credit Card,,EMP042,0,No
S02030,4/20/2022,P01103,38,33.37,1268.06,Wholesale,Insurance,,EMP016,0,Yes
S02031,8/18/2022,P00606,42,92.02,3864.84,Online,Cash,,EMP044,3.65,No
S02032,11/6/2022,P01196,68,137.27,9334.36,Clinic,Debit Card,,EMP003,0,No
S02033,8/3/2023,P00388,26,21.6,561.6,Online,Insurance,,EMP034,0,Yes
S02034,8/21/2023,P00656,77,120,9240,Hospital,Cash,,EMP037,5.77,No
S02035,12/30/2022,P01152,74,8.24,609.76,Wholesale,Cash,,EMP047,0,No
S02036,1/22/2022,P01191,47,196.02,9212.94,Clinic,Cash,,EMP032,15.82,No
S02037,10/29/2022,P00926,11,217.4,2391.4,Wholesale,Insurance,,EMP044,0,Yes
S02038,11/18/2023,P01125,10,72.3,723,Clinic,Insurance,,EMP008,6.62,Yes
S02039,4/1/2022,P00694,60,94.46,5667.6,Clinic,Debit Card,,EMP042,0,No
S02040,12/30/2023,P01706,74,144.68,10706.32,Online,Insurance,,EMP025,0,Yes
S02041,12/10/2023,P00792,58,60.33,3499.14,Retail,Cash,,EMP001,16.33,No
S02042,7/2/2023,P00871,85,105.62,8977.7,Wholesale,Credit Card,,EMP042,0,No
S02043,8/1/2022,P00962,49,44.75,2192.75,Online,Cash,,EMP038,0,No
S02044,2/11/2022,P00726,2,4.17,8.34,Hospital,Debit Card,,EMP041,0,No
S02045,1/21/2023,P01979,39,230.3,8981.7,Online,Insurance,,EMP031,0,Yes
S02046,11/9/2022,P01712,48,71.24,3419.52,Online,Insurance,,EMP043,0,Yes
S02047,3/23/2022,P01766,10,28.74,287.4,Online,Insurance,,EMP004,0,Yes
S02048,4/4/2022,P00724,97,98,9506,Clinic,Credit Card,,EMP048,0,No
S02049,9/13/2022,P00923,5,20.11,100.55,Retail,Credit Card,RX-6496,EMP041,0,No
S02050,1/7/2023,P00836,94,15.91,1495.54,Retail,Credit Card,RX-3246,EMP027,0,No
S02051,5/21/2023,P01488,70,75.36,5275.2,Retail,Cash,,EMP014,0,No
S02052,3/25/2022,P00450,45,22.82,1026.9,Clinic,Insurance,,EMP046,9.38,Yes
S02053,9/11/2023,P01734,13,58.65,762.45,Retail,Credit Card,RX-3417,EMP024,0,No
S02054,7/4/2023,P00256,9,148.85,1339.65,Wholesale,Credit Card,,EMP028,2.43,No
S02055,12/25/2022,P00107,50,48.96,2448,Online,Debit Card,,EMP014,16.32,No
S02056,5/21/2023,P01687,96,150.55,14452.8,Online,Insurance,,EMP012,0,Yes
S02057,5/3/2023,P01583,67,104.95,7031.65,Retail,Credit Card,RX-9094,EMP031,0,No
S02058,10/7/2022,P00337,40,11.25,450,Retail,Cash,RX-7413,EMP024,0,No
S02059,7/13/2023,P00376,75,15.47,1160.25,Online,Debit Card,,EMP036,0,No
S02060,11/5/2023,P01647,25,74.85,1871.25,Online,Cash,,EMP030,16.22,No
S02061,11/8/2023,P01837,91,49.77,4529.07,Clinic,Insurance,,EMP047,8.18,Yes
S02062,4/22/2022,P01444,3,41.54,124.62,Retail,Insurance,RX-4096,EMP029,0,Yes
S02063,6/16/2022,P00509,69,213.72,14746.68,Online,Credit Card,,EMP014,17.8,No
S02064,3/9/2023,P01891,35,78.78,2757.3,Retail,Debit Card,RX-6237,EMP046,0,No
S02065,7/8/2023,P00822,68,128.79,8757.72,Online,Cash,,EMP036,2.37,No
S02066,3/24/2023,P00534,85,101.01,8585.85,Online,Cash,,EMP011,0,No
S02067,4/13/2022,P01622,99,59.49,5889.51,Online,Credit Card,,EMP020,0,No
S02068,1/4/2023,P00433,47,89.88,4224.36,Wholesale,Insurance,,EMP006,0,Yes
S02069,1/13/2023,P01310,2,58.4,116.8,Wholesale,Credit Card,,EMP007,0,No
S02070,3/28/2023,P00724,99,98,9702,Retail,Credit Card,RX-4040,EMP045,16.83,No
S02071,5/16/2022,P01500,50,96.27,4813.5,Retail,Insurance,RX-8008,EMP048,0,Yes
S02072,5/29/2022,P01746,3,155.25,465.75,Clinic,Cash,,EMP016,0,No
S02073,12/16/2023,P00298,40,84.68,3387.2,Wholesale,Credit Card,,EMP003,0,No
S02074,11/19/2022,P00743,83,168.74,14005.42,Retail,Credit Card,RX-1575,EMP042,0,No
S02075,1/22/2022,P00413,90,230.55,20749.5,Clinic,Insurance,,EMP013,0,Yes
S02076,12/31/2022,P01618,56,9.52,533.12,Clinic,Cash,,EMP005,0,No
S02077,1/19/2023,P00445,85,213.9,18181.5,Clinic,Debit Card,,EMP019,0,No
S02078,9/11/2023,P00681,68,105.09,7146.12,Hospital,Cash,,EMP013,0,No
S02079,2/20/2022,P00688,31,235.46,7299.26,Retail,Cash,,EMP029,0,No
S02080,11/29/2023,P00738,98,50.73,4971.54,Clinic,Insurance,,EMP012,0,Yes
S02081,3/9/2023,P01895,45,121.31,5458.95,Hospital,Debit Card,,EMP029,0,No
S02082,4/21/2023,P00701,72,71.05,5115.6,Hospital,Credit Card,,EMP015,0,No
S02083,2/23/2022,P01499,39,6.93,270.27,Hospital,Insurance,,EMP023,12.4,Yes
S02084,11/11/2022,P00182,30,22.98,689.4,Clinic,Debit Card,,EMP008,19.53,No
S02085,5/3/2022,P01221,62,43.72,2710.64,Online,Credit Card,,EMP042,0,No
S02086,7/26/2022,P01108,87,87.83,7641.21,Online,Debit Card,,EMP014,11.69,No
S02087,11/3/2022,P00112,93,9.79,910.47,Online,Insurance,,EMP005,0,Yes
S02088,5/6/2023,P00434,15,95.52,1432.8,Clinic,Insurance,,EMP018,0,Yes
S02089,1/25/2022,P01925,17,10.88,184.96,Hospital,Credit Card,,EMP009,3.47,No
S02090,8/14/2023,P01777,56,5.68,318.08,Online,Insurance,,EMP039,0,Yes
S02091,4/26/2023,P01899,67,128.93,8638.31,Clinic,Debit Card,,EMP040,1,No
S02092,9/15/2022,P00328,62,12.07,748.34,Clinic,Debit Card,,EMP016,0,No
S02093,8/21/2022,P01999,80,91.85,7348,Wholesale,Cash,,EMP040,0,No
S02094,4/17/2023,P00226,15,17.73,265.95,Retail,Credit Card,,EMP026,11.65,No
S02095,1/16/2022,P00619,35,25.24,883.4,Retail,Insurance,RX-8042,EMP036,0,Yes
S02096,10/29/2022,P00249,6,159.98,959.88,Wholesale,Cash,,EMP004,0,No
S02097,10/7/2022,P01403,86,104.06,8949.16,Wholesale,Cash,,EMP024,0,No
S02098,3/18/2023,P01411,44,179.73,7908.12,Clinic,Credit Card,,EMP013,0,No
S02099,6/13/2022,P00952,36,75.64,2723.04,Clinic,Cash,,EMP040,0,No
S02100,10/18/2023,P00756,68,100.43,6829.24,Retail,Insurance,,EMP019,0,Yes
S02101,5/25/2022,P01423,1,104.71,104.71,Hospital,Debit Card,,EMP024,0,No
S02102,3/8/2022,P00453,17,88.28,1500.76,Online,Insurance,,EMP014,19.16,Yes
S02103,9/8/2023,P01680,85,140.05,11904.25,Retail,Insurance,RX-9029,EMP001,0,Yes
S02104,6/5/2022,P00254,63,20.26,1276.38,Clinic,Credit Card,,EMP021,0,No
S02105,3/10/2022,P00921,53,88.6,4695.8,Wholesale,Debit Card,,EMP045,0,No
S02106,11/19/2023,P01208,88,23.52,2069.76,Retail,Credit Card,,EMP040,0,No
S02107,12/27/2022,P00895,6,143.2,859.2,Retail,Debit Card,RX-7990,EMP046,0,No
S02108,4/4/2022,P01106,37,7.52,278.24,Wholesale,Debit Card,,EMP023,0,No
S02109,10/14/2022,P01999,33,91.85,3031.05,Clinic,Cash,,EMP012,0,No
S02110,9/7/2022,P01782,34,95.93,3261.62,Clinic,Debit Card,,EMP007,19.99,No
S02111,12/6/2023,P01533,29,80.69,2340.01,Hospital,Credit Card,,EMP006,19.27,No
S02112,4/27/2022,P01044,20,87.35,1747,Retail,Credit Card,,EMP018,0,No
S02113,10/27/2022,P00780,78,37.81,2949.18,Clinic,Debit Card,,EMP015,1.19,No
S02114,11/1/2022,P00023,46,83.93,3860.78,Online,Cash,,EMP048,0,No
S02115,6/28/2022,P00724,24,98,2352,Online,Credit Card,,EMP049,1.3,No
S02116,8/12/2022,P00448,54,38.59,2083.86,Online,Credit Card,,EMP025,0,No
S02117,10/11/2022,P00543,6,89.81,538.86,Wholesale,Insurance,,EMP007,14.27,Yes
S02118,3/1/2023,P01693,66,64.03,4225.98,Wholesale,Debit Card,,EMP017,0,No
S02119,10/30/2022,P00027,97,214.51,20807.47,Retail,Credit Card,RX-1946,EMP020,0,No
S02120,7/15/2023,P01416,22,59.15,1301.3,Hospital,Insurance,,EMP016,0,Yes
S02121,9/11/2022,P00168,64,80.45,5148.8,Hospital,Credit Card,,EMP029,15.05,No
S02122,5/17/2023,P01278,55,178.86,9837.3,Online,Insurance,,EMP034,0,Yes
S02123,6/4/2023,P01916,61,147.86,9019.46,Retail,Debit Card,,EMP010,0,No
S02124,12/25/2022,P01244,78,61.15,4769.7,Online,Insurance,,EMP026,0,Yes
S02125,4/29/2023,P01092,82,103.22,8464.04,Hospital,Insurance,,EMP028,10.7,Yes
S02126,12/16/2022,P01412,48,122.77,5892.96,Online,Cash,,EMP011,12.73,No
S02127,4/2/2022,P01518,14,190.02,2660.28,Online,Cash,,EMP040,0,No
S02128,1/7/2023,P01867,33,92.16,3041.28,Online,Credit Card,,EMP041,0,No
S02129,7/2/2023,P00298,37,84.68,3133.16,Hospital,Insurance,,EMP043,0,Yes
S02130,2/4/2023,P00232,90,87.16,7844.4,Online,Debit Card,,EMP006,0,No
S02131,1/9/2023,P01783,38,128.03,4865.14,Wholesale,Credit Card,,EMP013,5.15,No
S02132,10/5/2023,P00654,60,148.31,8898.6,Hospital,Cash,,EMP041,0,No
S02133,2/21/2023,P01296,74,7.87,582.38,Wholesale,Insurance,,EMP015,0.08,Yes
S02134,9/16/2023,P01866,39,9.82,382.98,Hospital,Debit Card,,EMP021,0,No
S02135,3/20/2022,P00981,68,225.52,15335.36,Hospital,Credit Card,,EMP018,0,No
S02136,12/12/2023,P00042,46,9.38,431.48,Online,Credit Card,,EMP049,7.83,No
S02137,9/22/2023,P01818,36,121.56,4376.16,Wholesale,Credit Card,,EMP040,0,No
S02138,5/3/2022,P00892,52,71.65,3725.8,Online,Cash,,EMP024,0,No
S02139,12/14/2023,P01417,61,107.89,6581.29,Retail,Debit Card,,EMP008,0,No
S02140,11/13/2022,P01541,88,23.87,2100.56,Clinic,Debit Card,,EMP019,0,No
S02141,10/21/2022,P01717,15,159.19,2387.85,Wholesale,Insurance,,EMP013,0,Yes
S02142,1/6/2023,P00520,55,80.7,4438.5,Online,Cash,,EMP031,19.03,No
S02143,1/19/2023,P00459,42,16.33,685.86,Clinic,Insurance,,EMP014,0,Yes
S02144,3/28/2022,P01266,47,10.58,497.26,Retail,Cash,RX-2240,EMP031,14.1,No
S02145,9/18/2022,P00529,36,95.24,3428.64,Wholesale,Cash,,EMP017,0,No
S02146,10/24/2023,P00064,55,58.37,3210.35,Wholesale,Credit Card,,EMP006,0,No
S02147,11/9/2023,P00213,86,152.87,13146.82,Wholesale,Insurance,,EMP037,0,Yes
S02148,9/2/2023,P00472,67,192.48,12896.16,Hospital,Credit Card,,EMP028,0,No
S02149,3/17/2023,P01276,16,158.8,2540.8,Hospital,Insurance,,EMP027,0,Yes
S02150,10/21/2022,P00842,64,114.12,7303.68,Wholesale,Debit Card,,EMP044,0,No
S02151,4/21/2022,P01136,77,24.06,1852.62,Clinic,Credit Card,,EMP017,6.08,No
S02152,5/1/2022,P01974,69,96.92,6687.48,Retail,Insurance,RX-4611,EMP046,0,Yes
S02153,1/12/2022,P00644,59,22.98,1355.82,Retail,Debit Card,,EMP043,1.1,No
S02154,11/28/2023,P00344,82,198.84,16304.88,Clinic,Cash,,EMP047,7.53,No
S02155,11/1/2022,P00460,39,98.62,3846.18,Online,Debit Card,,EMP039,0,No
S02156,5/19/2023,P00748,19,5.82,110.58,Retail,Cash,,EMP020,0,No
S02157,3/14/2022,P00545,6,61.9,371.4,Retail,Insurance,RX-9456,EMP021,12.41,Yes
S02158,11/5/2022,P00332,57,56.1,3197.7,Wholesale,Credit Card,,EMP030,0,No
S02159,4/1/2022,P00566,56,15.5,868,Online,Insurance,,EMP005,0,Yes
S02160,1/31/2023,P01311,69,57.24,3949.56,Clinic,Cash,,EMP017,0,No
S02161,6/2/2023,P00024,1,74.12,74.12,Clinic,Debit Card,,EMP014,0,No
S02162,6/18/2022,P01205,56,93.76,5250.56,Online,Insurance,,EMP047,6.03,Yes
S02163,2/7/2022,P01969,46,125.45,5770.7,Online,Insurance,,EMP004,0,Yes
S02164,6/15/2022,P00999,7,46.64,326.48,Retail,Insurance,,EMP012,0,Yes
S02165,9/13/2022,P01837,10,49.77,497.7,Wholesale,Cash,,EMP020,0,No
S02166,6/5/2022,P00141,18,106.42,1915.56,Online,Insurance,,EMP013,0,Yes
S02167,11/14/2023,P00695,85,57.8,4913,Clinic,Cash,,EMP030,5.33,No
S02168,5/18/2022,P01668,71,48.36,3433.56,Online,Insurance,,EMP046,0,Yes
S02169,9/14/2023,P00015,73,5.23,381.79,Online,Debit Card,,EMP011,11.07,No
S02170,7/10/2023,P00905,43,119.31,5130.33,Online,Insurance,,EMP012,0.08,Yes
S02171,9/4/2023,P00216,30,189.84,5695.2,Retail,Debit Card,RX-3464,EMP037,0,No
S02172,7/3/2022,P01308,86,116.75,10040.5,Wholesale,Debit Card,,EMP020,0,No
S02173,9/28/2023,P00658,69,48.94,3376.86,Online,Cash,,EMP008,17.09,No
S02174,3/7/2023,P00721,37,9.12,337.44,Hospital,Cash,,EMP011,0,No
S02175,1/21/2023,P00474,50,152.02,7601,Wholesale,Cash,,EMP042,9.28,No
S02176,10/18/2022,P00386,79,124.33,9822.07,Hospital,Credit Card,,EMP038,0,No
S02177,4/3/2023,P00939,83,137.58,11419.14,Clinic,Credit Card,,EMP003,0,No
S02178,10/31/2023,P00150,71,169.28,12018.88,Retail,Debit Card,,EMP042,5.54,No
S02179,8/18/2022,P01257,7,120.18,841.26,Retail,Insurance,RX-7339,EMP049,0,Yes
S02180,8/31/2023,P00788,36,55.84,2010.24,Clinic,Cash,,EMP037,0,No
S02181,6/27/2022,P00688,54,235.46,12714.84,Online,Debit Card,,EMP002,0,No
S02182,11/10/2022,P01372,37,146.25,5411.25,Hospital,Credit Card,,EMP005,0,No
S02183,8/24/2023,P00859,71,55.16,3916.36,Hospital,Credit Card,,EMP042,0,No
S02184,9/15/2022,P00083,30,137.93,4137.9,Wholesale,Cash,,EMP021,0,No
S02185,7/17/2022,P01219,38,39.41,1497.58,Clinic,Debit Card,,EMP032,7.69,No
S02186,11/29/2023,P01160,18,14.56,262.08,Hospital,Cash,,EMP041,0,No
S02187,11/9/2022,P01480,67,33.9,2271.3,Retail,Insurance,RX-1385,EMP048,0,Yes
S02188,3/22/2023,P01877,14,65.61,918.54,Clinic,Credit Card,,EMP008,0,No
S02189,1/7/2023,P01602,89,35.79,3185.31,Retail,Insurance,,EMP005,0,Yes
S02190,4/9/2022,P00057,63,41.2,2595.6,Retail,Cash,RX-4627,EMP023,8.46,No
S02191,11/20/2022,P00616,87,114.28,9942.36,Online,Debit Card,,EMP029,2.84,No
S02192,1/9/2023,P01757,55,142.14,7817.7,Wholesale,Cash,,EMP038,0,No
S02193,5/14/2022,P01299,45,125.96,5668.2,Wholesale,Debit Card,,EMP001,0.77,No
S02194,10/20/2022,P00619,22,25.24,555.28,Online,Insurance,,EMP002,5.31,Yes
S02195,2/10/2023,P00840,31,145.47,4509.57,Clinic,Debit Card,,EMP009,17.23,No
S02196,11/10/2022,P00969,31,42.86,1328.66,Clinic,Debit Card,,EMP022,0,No
S02197,6/23/2023,P01688,97,156.14,15145.58,Wholesale,Debit Card,,EMP024,0,No
S02198,2/9/2023,P01934,72,149.66,10775.52,Online,Insurance,,EMP004,11.55,Yes
S02199,1/19/2022,P01453,3,29.33,87.99,Clinic,Cash,,EMP042,0,No
S02200,3/22/2022,P00978,79,20.04,1583.16,Online,Credit Card,,EMP025,0,No
S02201,3/20/2023,P00464,35,171.47,6001.45,Online,Credit Card,,EMP041,0,No
S02202,2/11/2022,P00783,45,169.78,7640.1,Clinic,Credit Card,,EMP014,3.65,No
S02203,11/8/2022,P01335,2,26.99,53.98,Online,Cash,,EMP044,0,No
S02204,1/31/2022,P00943,80,226.14,18091.2,Clinic,Credit Card,,EMP037,13.59,No
S02205,1/2/2023,P00972,73,22.52,1643.96,Online,Cash,,EMP038,11.76,No
S02206,9/30/2022,P01209,12,31.25,375,Retail,Insurance,,EMP009,0,Yes
S02207,3/18/2022,P01211,34,3.27,111.18,Retail,Cash,,EMP012,0,No
S02208,3/14/2022,P00550,75,161.8,12135,Hospital,Credit Card,,EMP004,2.07,No
S02209,3/4/2023,P00202,22,68.17,1499.74,Online,Cash,,EMP023,0,No
S02210,1/22/2022,P01503,60,87.58,5254.8,Wholesale,Credit Card,,EMP005,0,No
S02211,4/16/2022,P00088,21,100.5,2110.5,Hospital,Debit Card,,EMP022,0,No
S02212,5/8/2022,P01498,33,135.49,4471.17,Retail,Credit Card,,EMP002,0,No
S02213,12/16/2022,P00039,52,45.91,2387.32,Retail,Insurance,,EMP044,0,Yes
S02214,8/27/2023,P00573,12,179.3,2151.6,Retail,Insurance,,EMP012,17.2,Yes
S02215,9/25/2022,P00282,36,144.15,5189.4,Hospital,Debit Card,,EMP028,6.34,No
S02216,9/7/2023,P01554,8,3.9,31.2,Hospital,Cash,,EMP010,15.45,No
S02217,1/9/2022,P01144,93,120.32,11189.76,Retail,Debit Card,,EMP035,0,No
S02218,8/25/2023,P01622,61,59.49,3628.89,Online,Credit Card,,EMP042,0,No
S02219,1/26/2022,P00926,13,217.4,2826.2,Clinic,Insurance,,EMP046,0,Yes
S02220,8/26/2022,P01518,34,190.02,6460.68,Wholesale,Credit Card,,EMP017,10.07,No
S02221,1/21/2022,P00663,65,78.38,5094.7,Wholesale,Cash,,EMP028,0,No
S02222,9/13/2022,P01207,2,40.86,81.72,Retail,Credit Card,RX-9428,EMP029,19.45,No
S02223,7/6/2022,P00639,3,142.43,427.29,Retail,Debit Card,RX-5431,EMP027,0,No
S02224,7/14/2022,P01508,87,114.78,9985.86,Online,Insurance,,EMP021,13.41,Yes
S02225,2/1/2023,P00330,66,22.55,1488.3,Clinic,Debit Card,,EMP039,0,No
S02226,1/21/2022,P00274,15,108.1,1621.5,Clinic,Credit Card,,EMP041,0,No
S02227,5/10/2022,P01000,18,15.56,280.08,Clinic,Insurance,,EMP037,0,Yes
S02228,6/16/2022,P01006,67,68.16,4566.72,Hospital,Insurance,,EMP007,0,Yes
S02229,8/3/2022,P01001,7,131.55,920.85,Wholesale,Credit Card,,EMP045,0,No
S02230,1/15/2023,P01022,49,28.66,1404.34,Hospital,Credit Card,,EMP035,0,No
S02231,11/22/2022,P00565,17,130.44,2217.48,Wholesale,Cash,,EMP007,0,No
S02232,1/6/2022,P01725,12,119.81,1437.72,Hospital,Debit Card,,EMP016,0,No
S02233,3/28/2023,P01822,37,55.79,2064.23,Retail,Cash,,EMP013,0,No
S02234,10/9/2023,P00671,94,43.03,4044.82,Retail,Insurance,,EMP046,0,Yes
S02235,8/13/2022,P01609,7,98.75,691.25,Clinic,Debit Card,,EMP014,0,No
S02236,10/12/2023,P01175,90,47.7,4293,Wholesale,Cash,,EMP048,0,No
S02237,11/1/2022,P00798,87,33.19,2887.53,Online,Insurance,,EMP045,0,Yes
S02238,11/4/2022,P01329,61,137.77,8403.97,Wholesale,Credit Card,,EMP018,0,No
S02239,10/15/2022,P00074,68,71.82,4883.76,Clinic,Credit Card,,EMP047,0,No
S02240,6/18/2022,P01254,36,16.86,606.96,Clinic,Debit Card,,EMP016,0,No
S02241,7/14/2022,P01346,15,6.23,93.45,Hospital,Credit Card,,EMP008,0,No
S02242,5/28/2023,P00713,85,63.16,5368.6,Online,Cash,,EMP036,13.44,No
S02243,12/27/2022,P01713,70,143.77,10063.9,Online,Debit Card,,EMP006,0,No
S02244,2/20/2022,P01116,9,70.82,637.38,Wholesale,Insurance,,EMP003,0,Yes
S02245,2/11/2022,P01062,72,58.06,4180.32,Hospital,Credit Card,,EMP009,4,No
S02246,3/2/2023,P00126,97,87.98,8534.06,Online,Debit Card,,EMP033,5.63,No
S02247,3/20/2022,P01916,50,147.86,7393,Clinic,Cash,,EMP024,8.58,No
S02248,3/31/2022,P01093,35,146.92,5142.2,Wholesale,Debit Card,,EMP022,0.29,No
S02249,4/11/2022,P00545,64,61.9,3961.6,Online,Credit Card,,EMP007,0,No
S02250,11/19/2022,P01206,39,48.13,1877.07,Hospital,Debit Card,,EMP033,0,No
S02251,7/2/2023,P00491,56,63.87,3576.72,Online,Insurance,,EMP001,0,Yes
S02252,8/14/2023,P00448,91,38.59,3511.69,Retail,Credit Card,RX-3361,EMP007,0,No
S02253,10/2/2023,P00288,78,29.45,2297.1,Retail,Debit Card,RX-6991,EMP024,0,No
S02254,4/24/2023,P00678,20,102.78,2055.6,Retail,Debit Card,,EMP038,0,No
S02255,6/5/2023,P01716,53,185.83,9848.99,Wholesale,Credit Card,,EMP023,7.28,No
S02256,1/4/2023,P00283,42,104.05,4370.1,Clinic,Credit Card,,EMP025,0,No
S02257,3/9/2022,P00182,56,22.98,1286.88,Hospital,Debit Card,,EMP012,13.63,No
S02258,5/21/2022,P00333,5,65.18,325.9,Online,Cash,,EMP010,0,No
S02259,9/19/2023,P01013,38,220.38,8374.44,Hospital,Debit Card,,EMP003,0,No
S02260,12/5/2022,P01290,62,69.67,4319.54,Online,Insurance,,EMP044,0,Yes
S02261,7/13/2023,P00852,51,56.55,2884.05,Wholesale,Cash,,EMP027,0,No
S02262,4/23/2022,P00330,86,22.55,1939.3,Hospital,Credit Card,,EMP043,3.68,No
S02263,3/3/2023,P01051,91,96.17,8751.47,Wholesale,Insurance,,EMP031,0,Yes
S02264,9/1/2022,P00795,59,119.54,7052.86,Clinic,Insurance,,EMP019,0,Yes
S02265,3/20/2022,P00335,21,60.38,1267.98,Retail,Insurance,RX-9054,EMP030,0,Yes
S02266,5/18/2022,P01546,98,54.05,5296.9,Retail,Credit Card,RX-1359,EMP034,0,No
S02267,5/3/2023,P01074,7,10.51,73.57,Retail,Debit Card,RX-9919,EMP016,0,No
S02268,1/16/2023,P00778,70,14.67,1026.9,Hospital,Insurance,,EMP017,4.35,Yes
S02269,11/19/2022,P01707,18,125.83,2264.94,Retail,Cash,RX-3223,EMP013,0,No
S02270,12/3/2022,P01429,9,35.36,318.24,Wholesale,Debit Card,,EMP003,0,No
S02271,10/28/2022,P01818,48,121.56,5834.88,Online,Debit Card,,EMP047,0,No
S02272,2/24/2023,P01800,30,164.87,4946.1,Retail,Credit Card,RX-7968,EMP044,0,No
S02273,7/18/2022,P01374,26,4.84,125.84,Wholesale,Cash,,EMP006,0,No
S02274,6/23/2023,P01838,87,57.24,4979.88,Hospital,Insurance,,EMP025,0,Yes
S02275,4/6/2023,P00065,78,135.3,10553.4,Retail,Cash,,EMP002,0,No
S02276,3/21/2022,P01419,42,47.73,2004.66,Retail,Debit Card,RX-9442,EMP042,0,No
S02277,1/5/2022,P00650,84,105.65,8874.6,Online,Cash,,EMP002,14.22,No
S02278,4/22/2022,P00743,69,168.74,11643.06,Clinic,Debit Card,,EMP033,0,No
S02279,2/14/2023,P00839,10,111.45,1114.5,Online,Cash,,EMP013,0,No
S02280,4/3/2023,P01980,69,78.37,5407.53,Wholesale,Cash,,EMP013,0,No
S02281,10/19/2023,P01646,28,42.03,1176.84,Wholesale,Insurance,,EMP005,14.96,Yes
S02282,7/26/2022,P01236,18,85.51,1539.18,Clinic,Credit Card,,EMP001,12.41,No
S02283,8/24/2022,P01071,74,88.46,6546.04,Clinic,Debit Card,,EMP046,0,No
S02284,12/23/2022,P00410,73,181.82,13272.86,Wholesale,Debit Card,,EMP045,16.93,No
S02285,7/13/2023,P01827,30,140.04,4201.2,Online,Debit Card,,EMP008,0,No
S02286,2/19/2023,P00436,2,135.03,270.06,Retail,Insurance,RX-3390,EMP029,12.39,Yes
S02287,10/10/2023,P01088,51,39.97,2038.47,Online,Insurance,,EMP040,0,Yes
S02288,2/9/2022,P01793,66,215.15,14199.9,Wholesale,Cash,,EMP034,0,No
S02289,4/22/2022,P01247,3,37.96,113.88,Hospital,Debit Card,,EMP002,0,No
S02290,6/13/2023,P00154,78,31.8,2480.4,Online,Cash,,EMP045,14.61,No
S02291,6/11/2022,P01753,40,165.8,6632,Online,Credit Card,,EMP025,0,No
S02292,9/18/2023,P01190,78,74.68,5825.04,Hospital,Debit Card,,EMP026,0,No
S02293,11/9/2022,P00100,80,161.65,12932,Online,Credit Card,,EMP035,0,No
S02294,2/25/2022,P00621,78,87.5,6825,Clinic,Debit Card,,EMP009,0,No
S02295,7/12/2023,P01417,33,107.89,3560.37,Clinic,Debit Card,,EMP036,5.38,No
S02296,9/12/2023,P01891,10,78.78,787.8,Hospital,Cash,,EMP046,0,No
S02297,9/8/2022,P01813,36,9.96,358.56,Hospital,Cash,,EMP032,0,No
S02298,4/27/2023,P00238,69,69.43,4790.67,Retail,Credit Card,RX-7813,EMP008,0,No
S02299,6/29/2023,P00974,34,72,2448,Hospital,Insurance,,EMP041,0,Yes
S02300,1/8/2022,P00111,48,138.85,6664.8,Retail,Insurance,,EMP031,0,Yes
S02301,2/10/2022,P00891,12,16.2,194.4,Wholesale,Credit Card,,EMP046,0,No
S02302,11/2/2023,P01951,45,89.4,4023,Online,Debit Card,,EMP025,4.42,No
S02303,3/9/2023,P00719,38,123.59,4696.42,Retail,Cash,,EMP023,8.55,No
S02304,1/13/2023,P01303,75,65.52,4914,Retail,Debit Card,RX-7641,EMP046,0,No
S02305,2/20/2023,P00052,88,170.85,15034.8,Clinic,Cash,,EMP021,13.52,No
S02306,11/10/2022,P01918,37,170.2,6297.4,Wholesale,Credit Card,,EMP041,0,No
S02307,5/25/2022,P01254,59,16.86,994.74,Hospital,Credit Card,,EMP043,0,No
S02308,5/25/2022,P00288,95,29.45,2797.75,Retail,Insurance,RX-6991,EMP033,0,Yes
S02309,9/9/2023,P01285,29,247.83,7187.07,Wholesale,Cash,,EMP016,0,No
S02310,9/20/2023,P01917,76,126.92,9645.92,Retail,Debit Card,RX-5523,EMP004,0,No
S02311,1/11/2022,P01415,51,105.27,5368.77,Clinic,Credit Card,,EMP042,7,No
S02312,4/10/2022,P00717,16,151.85,2429.6,Clinic,Insurance,,EMP023,5.17,Yes
S02313,1/24/2022,P01077,70,189.28,13249.6,Hospital,Debit Card,,EMP025,4.87,No
S02314,8/30/2022,P01896,85,34.07,2895.95,Clinic,Debit Card,,EMP046,11.8,No
S02315,4/29/2022,P00747,77,63.07,4856.39,Wholesale,Insurance,,EMP049,0,Yes
S02316,5/10/2023,P00983,13,93.73,1218.49,Retail,Cash,RX-8245,EMP036,3.11,No
S02317,5/16/2022,P01061,63,111.09,6998.67,Wholesale,Debit Card,,EMP023,0,No
S02318,8/16/2023,P01051,19,96.17,1827.23,Clinic,Debit Card,,EMP030,7.73,No
S02319,5/13/2022,P01103,44,33.37,1468.28,Hospital,Credit Card,,EMP018,0,No
S02320,4/7/2023,P01181,26,92.35,2401.1,Hospital,Debit Card,,EMP028,2.8,No
S02321,4/10/2023,P01430,51,144.42,7365.42,Wholesale,Insurance,,EMP007,0,Yes
S02322,11/6/2022,P00990,60,150.68,9040.8,Online,Debit Card,,EMP043,0,No
S02323,6/14/2022,P01281,82,92.22,7562.04,Hospital,Cash,,EMP035,0,No
S02324,5/31/2022,P00366,46,32.35,1488.1,Retail,Debit Card,,EMP043,19.28,No
S02325,8/18/2023,P00758,29,124.22,3602.38,Clinic,Insurance,,EMP022,0,Yes
S02326,7/12/2022,P01537,86,34.47,2964.42,Hospital,Insurance,,EMP038,14.61,Yes
S02327,9/11/2023,P00585,86,69.68,5992.48,Retail,Cash,RX-3343,EMP012,0,No
S02328,10/23/2023,P01056,35,62.06,2172.1,Hospital,Debit Card,,EMP008,0,No
S02329,10/3/2022,P01478,93,210.18,19546.74,Online,Credit Card,,EMP028,0,No
S02330,10/4/2023,P00799,9,80.65,725.85,Online,Insurance,,EMP011,18.81,Yes
S02331,6/24/2022,P00482,44,95.88,4218.72,Wholesale,Insurance,,EMP043,0,Yes
S02332,6/26/2022,P01672,24,93.06,2233.44,Hospital,Cash,,EMP043,5.92,No
S02333,3/6/2023,P01585,40,45.11,1804.4,Clinic,Debit Card,,EMP041,8.68,No
S02334,5/31/2022,P01656,82,58.81,4822.42,Online,Credit Card,,EMP014,0,No
S02335,3/25/2023,P00828,57,70.11,3996.27,Wholesale,Insurance,,EMP035,0,Yes
S02336,4/19/2022,P00782,47,46.9,2204.3,Clinic,Insurance,,EMP036,3.46,Yes
S02337,2/25/2023,P01112,72,94.9,6832.8,Hospital,Credit Card,,EMP025,11.14,No
S02338,4/8/2023,P01556,56,71.2,3987.2,Wholesale,Credit Card,,EMP019,7.44,No
S02339,11/24/2022,P00312,47,27.82,1307.54,Wholesale,Insurance,,EMP029,12.44,Yes
S02340,1/31/2023,P00974,11,72,792,Hospital,Cash,,EMP041,18.35,No
S02341,1/4/2023,P01245,15,149.64,2244.6,Wholesale,Debit Card,,EMP020,8.4,No
S02342,12/17/2022,P00909,66,89.53,5908.98,Hospital,Debit Card,,EMP048,5.78,No
S02343,7/15/2022,P00202,25,68.17,1704.25,Retail,Cash,,EMP020,19.64,No
S02344,9/13/2022,P01144,41,120.32,4933.12,Hospital,Credit Card,,EMP048,0,No
S02345,6/15/2022,P00897,24,68.85,1652.4,Online,Credit Card,,EMP045,1.03,No
S02346,1/8/2022,P01628,83,18.06,1498.98,Retail,Credit Card,RX-2116,EMP028,12.06,No
S02347,8/6/2023,P01836,50,28.99,1449.5,Clinic,Insurance,,EMP001,0,Yes
S02348,10/20/2022,P00834,61,102.11,6228.71,Clinic,Insurance,,EMP038,0,Yes
S02349,3/30/2022,P01055,5,171.1,855.5,Hospital,Credit Card,,EMP022,0,No
S02350,2/25/2023,P01614,58,27.6,1600.8,Retail,Insurance,RX-7598,EMP001,0,Yes
S02351,12/12/2022,P01213,51,34.97,1783.47,Clinic,Debit Card,,EMP045,0,No
S02352,12/10/2022,P01143,72,104.61,7531.92,Wholesale,Insurance,,EMP033,12.44,Yes
S02353,2/2/2022,P00601,48,49.29,2365.92,Wholesale,Cash,,EMP016,4.19,No
S02354,3/16/2023,P01579,59,85.85,5065.15,Clinic,Cash,,EMP008,8.45,No
S02355,4/24/2022,P01248,11,18.99,208.89,Hospital,Debit Card,,EMP044,0,No
S02356,10/21/2023,P00421,92,44.12,4059.04,Clinic,Credit Card,,EMP036,0,No
S02357,4/15/2022,P01855,98,111.4,10917.2,Clinic,Debit Card,,EMP029,0,No
S02358,8/19/2022,P00263,14,144.44,2022.16,Retail,Credit Card,,EMP047,0,No
S02359,9/24/2022,P00048,65,136.12,8847.8,Wholesale,Debit Card,,EMP017,0,No
S02360,6/29/2023,P00416,66,14.42,951.72,Hospital,Credit Card,,EMP029,0,No
S02361,1/9/2022,P00955,33,200.04,6601.32,Hospital,Cash,,EMP022,0,No
S02362,2/5/2022,P01244,69,61.15,4219.35,Online,Credit Card,,EMP039,0,No
S02363,12/30/2022,P00194,85,138.04,11733.4,Online,Debit Card,,EMP011,0,No
S02364,9/19/2023,P01935,76,54.38,4132.88,Retail,Debit Card,RX-8803,EMP007,0,No
S02365,1/13/2023,P00113,26,29.14,757.64,Online,Cash,,EMP003,0,No
S02366,2/7/2023,P00267,82,21.87,1793.34,Hospital,Cash,,EMP037,8.22,No
S02367,6/26/2023,P01429,29,35.36,1025.44,Clinic,Cash,,EMP008,0,No
S02368,12/15/2023,P01038,97,106.45,10325.65,Retail,Cash,,EMP031,0,No
S02369,2/14/2022,P00676,26,157.01,4082.26,Wholesale,Insurance,,EMP026,0,Yes
S02370,8/6/2022,P01929,52,89.05,4630.6,Wholesale,Insurance,,EMP024,0,Yes
S02371,12/19/2022,P01798,58,112.82,6543.56,Retail,Credit Card,RX-2801,EMP041,0,No
S02372,7/22/2023,P01916,20,147.86,2957.2,Clinic,Cash,,EMP018,0,No
S02373,1/11/2022,P00695,89,57.8,5144.2,Wholesale,Credit Card,,EMP043,0,No
S02374,6/26/2023,P01934,78,149.66,11673.48,Hospital,Debit Card,,EMP049,0,No
S02375,9/19/2022,P01198,68,89.35,6075.8,Retail,Insurance,RX-1946,EMP018,0,Yes
S02376,10/25/2023,P01595,93,103.44,9619.92,Online,Insurance,,EMP025,13,Yes
S02377,3/14/2023,P01497,17,53.61,911.37,Clinic,Credit Card,,EMP016,0,No
S02378,6/13/2022,P00448,56,38.59,2161.04,Wholesale,Insurance,,EMP035,0,Yes
S02379,11/7/2022,P01283,48,26.74,1283.52,Hospital,Cash,,EMP011,0,No
S02380,8/6/2022,P00294,28,197.76,5537.28,Wholesale,Credit Card,,EMP021,0,No
S02381,12/21/2022,P01003,98,72.01,7056.98,Clinic,Credit Card,,EMP048,0,No
S02382,8/15/2022,P01731,48,115.38,5538.24,Clinic,Insurance,,EMP003,2.39,Yes
S02383,8/5/2023,P01594,95,102.68,9754.6,Wholesale,Credit Card,,EMP017,0,No
S02384,2/20/2023,P01593,40,42.3,1692,Wholesale,Cash,,EMP001,19.38,No
S02385,2/8/2022,P01770,17,18.94,321.98,Clinic,Credit Card,,EMP011,0,No
S02386,8/29/2023,P00919,13,60.26,783.38,Clinic,Credit Card,,EMP017,0,No
S02387,10/30/2022,P01710,94,140.13,13172.22,Hospital,Credit Card,,EMP018,7.41,No
S02388,11/27/2023,P00951,67,46.39,3108.13,Retail,Cash,RX-1175,EMP036,0,No
S02389,9/13/2023,P00770,31,37.03,1147.93,Wholesale,Insurance,,EMP037,1.48,Yes
S02390,9/4/2022,P00663,43,78.38,3370.34,Clinic,Insurance,,EMP012,0,Yes
S02391,8/5/2023,P01742,98,160.79,15757.42,Retail,Cash,RX-8532,EMP048,0,No
S02392,11/2/2022,P01273,45,3.74,168.3,Retail,Insurance,RX-5931,EMP043,18.77,Yes
S02393,8/6/2022,P00095,4,57.47,229.88,Hospital,Debit Card,,EMP007,0,No
S02394,8/16/2022,P01794,64,56.02,3585.28,Clinic,Debit Card,,EMP015,0,No
S02395,5/29/2023,P00928,89,122.47,10899.83,Clinic,Debit Card,,EMP044,2.59,No
S02396,2/11/2023,P01495,59,147.92,8727.28,Hospital,Credit Card,,EMP009,0,No
S02397,1/30/2023,P00556,19,137.1,2604.9,Hospital,Debit Card,,EMP028,0,No
S02398,1/3/2022,P01200,72,78.54,5654.88,Retail,Credit Card,,EMP016,0,No
S02399,5/15/2023,P01554,20,3.9,78,Wholesale,Cash,,EMP008,0,No
S02400,10/9/2023,P00409,44,47.35,2083.4,Wholesale,Insurance,,EMP028,0,Yes
S02401,11/26/2023,P01105,7,13.28,92.96,Retail,Credit Card,RX-4859,EMP017,0,No
S02402,7/6/2022,P00940,56,51.09,2861.04,Clinic,Debit Card,,EMP032,0,No
S02403,8/2/2022,P01755,2,66.27,132.54,Wholesale,Insurance,,EMP029,13.98,Yes
S02404,6/6/2023,P01774,51,70.87,3614.37,Online,Cash,,EMP013,12.19,No
S02405,12/17/2022,P01091,64,53.87,3447.68,Hospital,Debit Card,,EMP040,0,No
S02406,8/12/2022,P00051,31,16.24,503.44,Retail,Insurance,RX-2951,EMP031,3.56,Yes
S02407,7/19/2023,P01165,98,78.72,7714.56,Retail,Debit Card,RX-1945,EMP027,0,No
S02408,6/25/2022,P00454,62,98.74,6121.88,Retail,Credit Card,RX-4011,EMP047,16.91,No
S02409,1/6/2022,P01381,30,56.06,1681.8,Wholesale,Debit Card,,EMP018,0,No
S02410,5/8/2023,P00402,33,186.16,6143.28,Retail,Insurance,,EMP032,0,Yes
S02411,5/22/2023,P01784,69,96.96,6690.24,Wholesale,Insurance,,EMP028,0,Yes
S02412,3/25/2023,P00776,22,121.21,2666.62,Wholesale,Cash,,EMP004,5.87,No
S02413,3/16/2022,P00710,17,52.35,889.95,Wholesale,Credit Card,,EMP011,0,No
S02414,7/27/2022,P01329,71,137.77,9781.67,Hospital,Debit Card,,EMP009,0,No
S02415,9/11/2022,P01040,15,39.14,587.1,Online,Debit Card,,EMP028,0,No
S02416,2/20/2022,P00029,11,171.56,1887.16,Retail,Debit Card,,EMP048,0,No
S02417,9/14/2023,P01708,56,125.41,7022.96,Retail,Insurance,,EMP044,0,Yes
S02418,7/16/2022,P00172,35,191.19,6691.65,Online,Insurance,,EMP035,0,Yes
S02419,2/21/2022,P00115,67,135.98,9110.66,Online,Credit Card,,EMP031,0,No
S02420,1/11/2022,P01594,81,102.68,8317.08,Online,Debit Card,,EMP002,0,No
S02421,6/29/2023,P01972,83,76.2,6324.6,Wholesale,Insurance,,EMP017,0,Yes
S02422,7/3/2022,P00543,2,89.81,179.62,Clinic,Cash,,EMP049,4.61,No
S02423,12/3/2023,P01579,18,85.85,1545.3,Hospital,Cash,,EMP043,0,No
S02424,7/12/2022,P01687,39,150.55,5871.45,Wholesale,Insurance,,EMP027,0,Yes
S02425,12/11/2022,P00945,51,90.41,4610.91,Wholesale,Insurance,,EMP024,11.18,Yes
S02426,6/4/2022,P00132,22,96.52,2123.44,Hospital,Insurance,,EMP004,0,Yes
S02427,12/18/2022,P01364,64,123.71,7917.44,Hospital,Credit Card,,EMP013,0,No
S02428,2/10/2023,P01419,54,47.73,2577.42,Wholesale,Credit Card,,EMP040,10.49,No
S02429,5/10/2022,P01895,59,121.31,7157.29,Wholesale,Cash,,EMP040,0,No
S02430,3/19/2022,P00911,10,113.56,1135.6,Wholesale,Cash,,EMP030,0,No
S02431,2/7/2022,P01831,63,61.5,3874.5,Wholesale,Cash,,EMP004,0,No
S02432,1/7/2022,P00776,72,121.21,8727.12,Hospital,Credit Card,,EMP011,0,No
S02433,1/3/2022,P01357,4,140.22,560.88,Hospital,Debit Card,,EMP045,0,No
S02434,8/20/2022,P00061,63,56.61,3566.43,Online,Debit Card,,EMP012,0,No
S02435,8/6/2023,P00420,33,106.03,3498.99,Wholesale,Insurance,,EMP044,19.32,Yes
S02436,9/29/2023,P00338,17,93.52,1589.84,Retail,Insurance,,EMP021,0,Yes
S02437,1/25/2022,P01815,8,63.29,506.32,Retail,Debit Card,,EMP026,8.03,No
S02438,11/19/2023,P00710,32,52.35,1675.2,Clinic,Cash,,EMP007,0,No
S02439,3/29/2023,P01220,49,144.35,7073.15,Hospital,Insurance,,EMP041,0,Yes
S02440,5/13/2022,P01455,72,117.71,8475.12,Wholesale,Debit Card,,EMP022,0,No
S02441,2/23/2022,P00079,76,37.62,2859.12,Wholesale,Debit Card,,EMP015,0,No
S02442,4/27/2023,P01307,79,10.7,845.3,Hospital,Debit Card,,EMP026,18.66,No
S02443,7/19/2023,P01349,57,174.6,9952.2,Wholesale,Debit Card,,EMP039,0,No
S02444,12/8/2023,P01647,43,74.85,3218.55,Online,Cash,,EMP038,0,No
S02445,7/12/2022,P01546,22,54.05,1189.1,Retail,Credit Card,RX-7183,EMP024,0,No
S02446,8/29/2022,P01798,83,112.82,9364.06,Clinic,Debit Card,,EMP041,13.13,No
S02447,1/3/2023,P01600,95,72.85,6920.75,Wholesale,Debit Card,,EMP027,0,No
S02448,11/1/2023,P00135,42,34.27,1439.34,Retail,Insurance,,EMP044,0,Yes
S02449,9/30/2022,P01262,45,7,315,Clinic,Insurance,,EMP049,0,Yes
S02450,7/23/2022,P01828,96,41.21,3956.16,Online,Credit Card,,EMP001,0,No
S02451,10/6/2022,P00888,55,46.76,2571.8,Online,Cash,,EMP030,3.55,No
S02452,7/30/2023,P00500,74,47.48,3513.52,Retail,Credit Card,RX-5341,EMP023,0,No
S02453,9/8/2022,P01307,98,10.7,1048.6,Clinic,Insurance,,EMP012,0,Yes
S02454,12/26/2023,P01971,2,119.62,239.24,Wholesale,Cash,,EMP004,16.52,No
S02455,3/16/2022,P00818,39,63.65,2482.35,Hospital,Credit Card,,EMP026,0,No
S02456,6/29/2023,P01829,24,50.98,1223.52,Clinic,Credit Card,,EMP010,0,No
S02457,3/31/2022,P00100,19,161.65,3071.35,Retail,Debit Card,,EMP041,0,No
S02458,8/27/2023,P00783,51,169.78,8658.78,Online,Insurance,,EMP033,0,Yes
S02459,11/13/2023,P00711,45,213.93,9626.85,Online,Debit Card,,EMP024,0,No
S02460,1/13/2023,P00749,32,27.87,891.84,Hospital,Cash,,EMP020,0,No
S02461,5/17/2022,P00609,44,61.63,2711.72,Online,Debit Card,,EMP039,0,No
S02462,4/6/2023,P00941,85,156.79,13327.15,Retail,Debit Card,RX-7783,EMP044,0,No
S02463,6/8/2022,P00892,58,71.65,4155.7,Hospital,Debit Card,,EMP009,0,No
S02464,10/9/2022,P01839,62,118.09,7321.58,Retail,Cash,,EMP033,0,No
S02465,10/18/2022,P00577,40,72,2880,Clinic,Credit Card,,EMP013,19.81,No
S02466,6/10/2023,P00101,51,200.15,10207.65,Wholesale,Insurance,,EMP008,12.55,Yes
S02467,4/13/2023,P00147,99,142.7,14127.3,Wholesale,Credit Card,,EMP008,0,No
S02468,10/10/2023,P01763,30,18.27,548.1,Wholesale,Credit Card,,EMP044,6.89,No
S02469,1/1/2023,P01715,88,35.17,3094.96,Clinic,Credit Card,,EMP026,0,No
S02470,8/11/2022,P00943,81,226.14,18317.34,Online,Cash,,EMP032,0,No
S02471,2/10/2023,P01540,92,84.32,7757.44,Retail,Debit Card,RX-3994,EMP033,18.12,No
S02472,12/14/2022,P01948,42,29.64,1244.88,Clinic,Insurance,,EMP023,0,Yes
S02473,4/16/2023,P00753,70,108.78,7614.6,Online,Insurance,,EMP044,14.93,Yes
S02474,6/3/2023,P00939,99,137.58,13620.42,Wholesale,Debit Card,,EMP005,12.64,No
S02475,11/10/2022,P00503,70,84.42,5909.4,Hospital,Credit Card,,EMP049,3.17,No
S02476,12/9/2023,P01664,56,35.84,2007.04,Online,Credit Card,,EMP034,0,No
S02477,12/8/2022,P00158,51,207.27,10570.77,Retail,Debit Card,,EMP026,1.3,No
S02478,1/26/2023,P00270,54,39.89,2154.06,Clinic,Cash,,EMP028,0,No
S02479,7/5/2023,P00167,67,148.86,9973.62,Clinic,Cash,,EMP015,0,No
S02480,6/30/2023,P00085,68,47.35,3219.8,Clinic,Credit Card,,EMP003,0,No
S02481,10/22/2022,P00581,9,148.56,1337.04,Online,Insurance,,EMP014,0,Yes
S02482,2/21/2023,P00273,19,8.06,153.14,Clinic,Debit Card,,EMP014,0,No
S02483,5/20/2023,P00965,88,85.52,7525.76,Wholesale,Credit Card,,EMP014,10.19,No
S02484,5/24/2022,P00121,5,97.82,489.1,Hospital,Insurance,,EMP015,0,Yes
S02485,2/6/2023,P00601,53,49.29,2612.37,Hospital,Debit Card,,EMP019,0,No
S02486,4/12/2023,P00565,83,130.44,10826.52,Wholesale,Insurance,,EMP023,17.38,Yes
S02487,10/25/2022,P00407,64,26.2,1676.8,Hospital,Credit Card,,EMP040,0,No
S02488,3/10/2022,P00126,99,87.98,8710.02,Wholesale,Debit Card,,EMP018,0,No
S02489,7/28/2023,P01654,49,23.6,1156.4,Clinic,Credit Card,,EMP026,0,No
S02490,4/26/2023,P01605,74,88.52,6550.48,Hospital,Debit Card,,EMP027,2.54,No
S02491,3/21/2023,P00294,22,197.76,4350.72,Online,Credit Card,,EMP024,0,No
S02492,5/18/2022,P00892,20,71.65,1433,Hospital,Insurance,,EMP017,0,Yes
S02493,8/4/2022,P01737,47,9.45,444.15,Hospital,Insurance,,EMP048,0,Yes
S02494,10/24/2023,P00746,46,166.68,7667.28,Online,Debit Card,,EMP047,0,No
S02495,12/1/2023,P00336,94,128.74,12101.56,Clinic,Cash,,EMP015,7.23,No
S02496,7/8/2023,P01877,27,65.61,1771.47,Clinic,Insurance,,EMP035,10.13,Yes
S02497,1/8/2022,P00193,76,123.9,9416.4,Wholesale,Debit Card,,EMP008,0,No
S02498,7/17/2023,P00252,75,7.12,534,Clinic,Credit Card,,EMP037,0,No
S02499,9/17/2022,P01750,74,81.85,6056.9,Retail,Credit Card,RX-4898,EMP025,0,No
S02500,7/9/2023,P00665,13,27.17,353.21,Wholesale,Credit Card,,EMP017,2.33,No
S02501,1/22/2022,P00161,55,182.61,10043.55,Clinic,Cash,,EMP032,0,No
S02502,8/1/2023,P00838,42,67.41,2831.22,Retail,Insurance,RX-7360,EMP036,0,Yes
S02503,7/14/2022,P00549,69,237.28,16372.32,Retail,Insurance,RX-4762,EMP014,0,Yes
S02504,1/14/2023,P01609,76,98.75,7505,Wholesale,Cash,,EMP009,11.03,No
S02505,5/25/2023,P00023,15,83.93,1258.95,Retail,Insurance,RX-8783,EMP030,0,Yes
S02506,12/10/2023,P00495,75,66.27,4970.25,Hospital,Debit Card,,EMP005,0,No
S02507,12/12/2022,P00934,4,94.46,377.84,Hospital,Cash,,EMP001,0,No
S02508,10/14/2022,P00334,84,86.86,7296.24,Clinic,Insurance,,EMP034,0.94,Yes
S02509,3/23/2022,P01598,30,119.31,3579.3,Retail,Debit Card,RX-6200,EMP021,11.32,No
S02510,10/10/2023,P01343,54,123.65,6677.1,Wholesale,Insurance,,EMP048,9.81,Yes
S02511,8/12/2022,P00955,99,200.04,19803.96,Clinic,Cash,,EMP028,0,No
S02512,5/10/2022,P00986,6,21.93,131.58,Hospital,Credit Card,,EMP033,10.3,No
S02513,4/12/2023,P01870,6,122.67,736.02,Clinic,Credit Card,,EMP007,12.04,No
S02514,7/7/2023,P00735,18,68.81,1238.58,Retail,Debit Card,RX-1095,EMP029,0,No
S02515,1/19/2023,P01548,18,86.73,1561.14,Wholesale,Debit Card,,EMP022,0,No
S02516,7/7/2022,P00293,68,81.18,5520.24,Clinic,Debit Card,,EMP043,0,No
S02517,6/5/2022,P01747,38,126.44,4804.72,Retail,Credit Card,,EMP030,0,No
S02518,12/20/2023,P01542,51,107.04,5459.04,Retail,Cash,RX-2995,EMP022,0,No
S02519,12/22/2023,P01072,20,134.15,2683,Hospital,Insurance,,EMP037,0,Yes
S02520,2/4/2023,P00679,68,181.72,12356.96,Clinic,Debit Card,,EMP014,0,No
S02521,1/22/2022,P00078,7,182.73,1279.11,Online,Credit Card,,EMP015,0,No
S02522,7/10/2023,P00656,50,120,6000,Clinic,Insurance,,EMP014,19.46,Yes
S02523,9/28/2023,P01783,38,128.03,4865.14,Clinic,Credit Card,,EMP017,8.83,No
S02524,8/30/2023,P00095,92,57.47,5287.24,Online,Insurance,,EMP002,0,Yes
S02525,10/3/2022,P00049,82,20.85,1709.7,Retail,Credit Card,,EMP009,19.57,No
S02526,11/26/2022,P01449,77,118.74,9142.98,Online,Cash,,EMP026,0,No
S02527,7/2/2022,P00653,15,42.92,643.8,Online,Debit Card,,EMP006,0,No
S02528,9/15/2023,P01045,86,30.83,2651.38,Clinic,Insurance,,EMP042,0,Yes
S02529,7/2/2023,P00837,95,12.74,1210.3,Online,Debit Card,,EMP019,6.94,No
S02530,4/5/2022,P01080,25,14.18,354.5,Wholesale,Insurance,,EMP034,6.93,Yes
S02531,5/22/2023,P01707,40,125.83,5033.2,Wholesale,Insurance,,EMP035,0,Yes
S02532,8/17/2023,P00608,15,116.46,1746.9,Retail,Debit Card,,EMP015,17.02,No
S02533,12/9/2022,P01436,38,119.84,4553.92,Clinic,Credit Card,,EMP017,12.71,No
S02534,3/13/2022,P00687,31,153.13,4747.03,Hospital,Insurance,,EMP007,0,Yes
S02535,11/2/2023,P00672,24,164.33,3943.92,Online,Credit Card,,EMP049,8.74,No
S02536,11/25/2023,P00636,64,98.41,6298.24,Online,Cash,,EMP042,0,No
S02537,2/6/2023,P00183,80,8.25,660,Clinic,Credit Card,,EMP034,0,No
S02538,6/16/2023,P01539,16,108.49,1735.84,Wholesale,Debit Card,,EMP017,0,No
S02539,11/23/2023,P00983,1,93.73,93.73,Clinic,Insurance,,EMP042,0,Yes
S02540,9/1/2022,P01004,54,211.24,11406.96,Online,Cash,,EMP018,0,No
S02541,8/27/2023,P00533,18,83.61,1504.98,Online,Debit Card,,EMP005,0,No
S02542,6/5/2022,P01467,24,4.53,108.72,Hospital,Insurance,,EMP024,0,Yes
S02543,6/13/2023,P00920,97,214.11,20768.67,Retail,Credit Card,,EMP043,3.5,No
S02544,9/3/2023,P01977,92,220.12,20251.04,Online,Credit Card,,EMP043,0,No
S02545,1/27/2023,P00420,99,106.03,10496.97,Retail,Cash,RX-8605,EMP048,0,No
S02546,2/17/2023,P01244,3,61.15,183.45,Online,Cash,,EMP016,14.89,No
S02547,4/14/2023,P00227,79,101.92,8051.68,Wholesale,Debit Card,,EMP014,0,No
S02548,9/5/2022,P00075,91,140.25,12762.75,Retail,Debit Card,,EMP013,0,No
S02549,10/20/2022,P00469,37,83.64,3094.68,Clinic,Debit Card,,EMP011,0,No
S02550,6/18/2022,P01523,15,20.69,310.35,Retail,Debit Card,,EMP034,11.28,No
S02551,8/17/2023,P00822,92,128.79,11848.68,Online,Debit Card,,EMP039,2.87,No
S02552,11/17/2022,P00288,12,29.45,353.4,Retail,Credit Card,,EMP049,17.24,No
S02553,5/5/2023,P01411,88,179.73,15816.24,Wholesale,Insurance,,EMP025,0,Yes
S02554,7/16/2022,P01257,38,120.18,4566.84,Clinic,Cash,,EMP013,0,No
S02555,5/28/2022,P01225,56,106.36,5956.16,Hospital,Credit Card,,EMP037,13.22,No
S02556,7/17/2023,P01494,46,74.44,3424.24,Retail,Credit Card,,EMP010,12.92,No
S02557,6/5/2022,P01459,62,204.08,12652.96,Hospital,Cash,,EMP018,0,No
S02558,10/28/2022,P00606,92,92.02,8465.84,Online,Cash,,EMP005,0,No
S02559,8/9/2023,P00403,50,146.78,7339,Hospital,Credit Card,,EMP015,11.66,No
S02560,8/27/2023,P00806,39,111.07,4331.73,Clinic,Debit Card,,EMP045,12.4,No
S02561,10/10/2022,P00439,90,104.26,9383.4,Retail,Debit Card,RX-5459,EMP018,0,No
S02562,5/19/2023,P00429,94,105.2,9888.8,Clinic,Cash,,EMP043,0,No
S02563,12/6/2022,P00761,63,78,4914,Wholesale,Cash,,EMP028,1.74,No
S02564,9/9/2023,P01862,28,70.5,1974,Retail,Credit Card,RX-2397,EMP022,13.27,No
S02565,8/26/2023,P00203,36,80.73,2906.28,Retail,Credit Card,RX-3841,EMP005,19.31,No
S02566,4/13/2022,P00293,13,81.18,1055.34,Clinic,Debit Card,,EMP042,12.75,No
S02567,9/22/2022,P00301,5,33.14,165.7,Hospital,Credit Card,,EMP036,0,No
S02568,2/25/2023,P00857,68,87.86,5974.48,Hospital,Debit Card,,EMP018,0,No
S02569,6/23/2022,P00732,3,104.42,313.26,Retail,Cash,RX-5256,EMP029,0,No
S02570,10/8/2022,P00339,55,2.57,141.35,Online,Debit Card,,EMP012,0,No
S02571,10/26/2022,P00144,33,134.87,4450.71,Hospital,Insurance,,EMP044,0,Yes
S02572,1/2/2023,P00917,22,41.17,905.74,Wholesale,Credit Card,,EMP009,0,No
S02573,10/28/2023,P00137,95,148.26,14084.7,Hospital,Insurance,,EMP018,0,Yes
S02574,5/22/2023,P01422,85,142.28,12093.8,Hospital,Cash,,EMP049,0,No
S02575,8/23/2023,P00648,28,100.45,2812.6,Clinic,Insurance,,EMP015,16.95,Yes
S02576,9/26/2022,P00826,5,11.51,57.55,Retail,Debit Card,,EMP046,14.89,No
S02577,5/6/2022,P01189,18,12.1,217.8,Online,Insurance,,EMP020,0,Yes
S02578,8/27/2022,P00844,21,95.28,2000.88,Hospital,Credit Card,,EMP016,17.36,No
S02579,4/13/2023,P00994,52,86.48,4496.96,Online,Cash,,EMP014,18.15,No
S02580,3/23/2023,P00816,47,30.72,1443.84,Hospital,Insurance,,EMP045,0,Yes
S02581,12/19/2022,P01903,21,57.06,1198.26,Wholesale,Debit Card,,EMP012,0,No
S02582,9/23/2023,P00918,27,171.4,4627.8,Online,Debit Card,,EMP024,0,No
S02583,6/26/2022,P00967,51,178.55,9106.05,Clinic,Debit Card,,EMP046,15.25,No
S02584,2/15/2022,P00872,24,105.3,2527.2,Clinic,Credit Card,,EMP010,0,No
S02585,6/14/2023,P01475,77,97.14,7479.78,Hospital,Debit Card,,EMP049,1.5,No
S02586,12/2/2023,P00213,73,152.87,11159.51,Online,Credit Card,,EMP021,19.3,No
S02587,6/18/2023,P00891,77,16.2,1247.4,Retail,Insurance,,EMP036,0.66,Yes
S02588,2/3/2022,P01654,83,23.6,1958.8,Hospital,Credit Card,,EMP008,0,No
S02589,4/9/2022,P01928,65,135.95,8836.75,Hospital,Cash,,EMP042,0,No
S02590,8/22/2023,P00245,5,107.94,539.7,Retail,Cash,RX-5510,EMP019,0,No
S02591,12/4/2023,P00353,11,39.83,438.13,Retail,Credit Card,RX-2076,EMP038,0,No
S02592,4/22/2023,P00218,29,56.11,1627.19,Retail,Cash,RX-5928,EMP043,0,No
S02593,11/24/2022,P01859,92,49.48,4552.16,Clinic,Cash,,EMP015,0,No
S02594,4/13/2022,P01595,5,103.44,517.2,Wholesale,Cash,,EMP027,1.01,No
S02595,6/17/2022,P01893,5,30.5,152.5,Retail,Cash,,EMP002,0,No
S02596,8/5/2023,P00569,31,93.44,2896.64,Online,Insurance,,EMP030,11.83,Yes
S02597,3/23/2023,P01545,27,200.43,5411.61,Online,Credit Card,,EMP004,0,No
S02598,3/14/2022,P00995,13,127.73,1660.49,Online,Cash,,EMP022,11.76,No
S02599,8/4/2023,P00551,55,92.27,5074.85,Retail,Debit Card,RX-4080,EMP019,0,No
S02600,2/21/2023,P01178,84,90.89,7634.76,Online,Credit Card,,EMP033,0,No
S02601,6/19/2022,P01310,25,58.4,1460,Clinic,Cash,,EMP017,9.9,No
S02602,4/23/2023,P01639,46,10.24,471.04,Wholesale,Insurance,,EMP032,0,Yes
S02603,3/15/2023,P00873,28,224.3,6280.4,Online,Credit Card,,EMP035,0,No
S02604,1/29/2023,P00362,36,11.56,416.16,Hospital,Insurance,,EMP034,0,Yes
S02605,11/5/2022,P01996,28,66.02,1848.56,Online,Debit Card,,EMP038,2.89,No
S02606,3/4/2023,P01362,90,181.53,16337.7,Clinic,Credit Card,,EMP025,14.75,No
S02607,1/26/2022,P00966,83,213.34,17707.22,Hospital,Insurance,,EMP025,0,Yes
S02608,7/18/2022,P00664,72,100.91,7265.52,Hospital,Credit Card,,EMP026,0,No
S02609,5/28/2023,P00067,62,56.75,3518.5,Retail,Debit Card,,EMP027,0,No
S02610,1/27/2023,P01447,66,116.25,7672.5,Hospital,Credit Card,,EMP045,0,No
S02611,2/10/2023,P01854,21,87.15,1830.15,Retail,Credit Card,RX-1948,EMP015,2.2,No
S02612,6/10/2023,P01863,39,27.75,1082.25,Wholesale,Insurance,,EMP036,2.7,Yes
S02613,12/23/2022,P00120,32,44.48,1423.36,Retail,Cash,,EMP042,0,No
S02614,9/13/2023,P01954,54,162.49,8774.46,Retail,Insurance,RX-4898,EMP009,0,Yes
S02615,5/19/2023,P01387,5,92.55,462.75,Retail,Debit Card,RX-6488,EMP039,0,No
S02616,8/22/2022,P01703,15,101.08,1516.2,Retail,Debit Card,,EMP029,14.2,No
S02617,5/21/2023,P00396,6,173.31,1039.86,Hospital,Credit Card,,EMP025,0,No
S02618,4/18/2022,P00581,9,148.56,1337.04,Wholesale,Debit Card,,EMP027,1.06,No
S02619,2/20/2023,P01948,69,29.64,2045.16,Wholesale,Credit Card,,EMP039,0,No
S02620,9/2/2022,P00295,80,161.63,12930.4,Hospital,Credit Card,,EMP023,0,No
S02621,8/26/2022,P01125,21,72.3,1518.3,Retail,Debit Card,,EMP010,9.34,No
S02622,7/27/2022,P00089,54,38.16,2060.64,Clinic,Credit Card,,EMP038,0,No
S02623,9/13/2022,P00431,10,67.54,675.4,Hospital,Insurance,,EMP015,0,Yes
S02624,3/4/2022,P00364,41,74.29,3045.89,Online,Debit Card,,EMP003,0,No
S02625,2/14/2022,P00370,55,25.19,1385.45,Retail,Cash,RX-9271,EMP041,0,No
S02626,9/14/2022,P01771,14,38.78,542.92,Online,Credit Card,,EMP012,18.43,No
S02627,12/28/2022,P00289,59,239.58,14135.22,Hospital,Credit Card,,EMP030,19.88,No
S02628,9/19/2022,P01540,21,84.32,1770.72,Hospital,Credit Card,,EMP029,3.76,No
S02629,7/8/2022,P00444,69,40.22,2775.18,Retail,Credit Card,,EMP022,0,No
S02630,10/4/2022,P00018,56,190.16,10648.96,Wholesale,Credit Card,,EMP001,0,No
S02631,9/22/2023,P01682,38,192.82,7327.16,Online,Cash,,EMP032,0,No
S02632,3/20/2022,P01004,59,211.24,12463.16,Hospital,Debit Card,,EMP043,5.51,No
S02633,5/29/2023,P00088,81,100.5,8140.5,Hospital,Cash,,EMP049,0,No
S02634,11/20/2022,P01627,7,41.45,290.15,Wholesale,Credit Card,,EMP046,0,No
S02635,9/23/2022,P00070,92,14.94,1374.48,Online,Credit Card,,EMP038,2.58,No
S02636,8/1/2023,P01684,67,64.35,4311.45,Wholesale,Debit Card,,EMP014,0,No
S02637,12/25/2023,P01199,47,79.45,3734.15,Wholesale,Insurance,,EMP006,8.43,Yes
S02638,11/12/2022,P00989,80,5.58,446.4,Retail,Credit Card,RX-2216,EMP016,0,No
S02639,4/4/2022,P01412,16,122.77,1964.32,Hospital,Credit Card,,EMP037,0,No
S02640,8/23/2023,P01169,42,52.18,2191.56,Retail,Cash,,EMP003,0,No
S02641,9/22/2022,P00395,99,73.66,7292.34,Retail,Cash,,EMP030,0,No
S02642,3/24/2022,P00532,76,148.82,11310.32,Online,Cash,,EMP028,1.26,No
S02643,4/20/2022,P00957,81,200.8,16264.8,Hospital,Debit Card,,EMP029,0,No
S02644,6/16/2022,P01085,38,187.78,7135.64,Wholesale,Cash,,EMP041,0,No
S02645,5/15/2022,P01324,46,72.66,3342.36,Retail,Debit Card,RX-5220,EMP026,5.96,No
S02646,11/14/2023,P01201,80,32.37,2589.6,Wholesale,Insurance,,EMP042,0,Yes
S02647,8/28/2023,P01980,1,78.37,78.37,Hospital,Cash,,EMP006,0,No
S02648,5/29/2023,P00646,24,16.71,401.04,Retail,Credit Card,RX-3297,EMP023,11.79,No
S02649,8/3/2022,P00316,17,148.99,2532.83,Hospital,Insurance,,EMP036,10.42,Yes
S02650,6/23/2023,P00858,8,7.52,60.16,Hospital,Insurance,,EMP044,12.54,Yes
S02651,10/23/2022,P00290,58,21.96,1273.68,Retail,Cash,RX-2867,EMP031,0,No
S02652,5/14/2022,P01560,78,99.33,7747.74,Retail,Credit Card,RX-8378,EMP008,0,No
S02653,6/4/2022,P01435,11,160.46,1765.06,Wholesale,Debit Card,,EMP017,2.94,No
S02654,6/5/2023,P00758,24,124.22,2981.28,Clinic,Credit Card,,EMP040,0,No
S02655,5/4/2023,P00928,98,122.47,12002.06,Hospital,Insurance,,EMP001,16.36,Yes
S02656,12/5/2023,P01740,81,7.16,579.96,Online,Credit Card,,EMP049,0,No
S02657,11/3/2022,P01663,97,5.9,572.3,Hospital,Cash,,EMP009,0,No
S02658,7/26/2023,P00853,94,231.36,21747.84,Retail,Cash,,EMP032,0,No
S02659,11/11/2022,P00116,23,147.42,3390.66,Online,Insurance,,EMP045,0,Yes
S02660,11/27/2022,P00441,44,175.59,7725.96,Wholesale,Credit Card,,EMP037,0,No
S02661,5/14/2023,P00293,42,81.18,3409.56,Hospital,Debit Card,,EMP048,0,No
S02662,4/22/2023,P00985,28,57.65,1614.2,Clinic,Debit Card,,EMP031,4.35,No
S02663,4/16/2023,P00636,52,98.41,5117.32,Online,Credit Card,,EMP018,12.89,No
S02664,6/18/2023,P01738,62,81.65,5062.3,Online,Debit Card,,EMP034,0,No
S02665,11/22/2022,P00455,82,132.81,10890.42,Clinic,Cash,,EMP045,9.38,No
S02666,3/31/2022,P00394,89,50.26,4473.14,Wholesale,Cash,,EMP019,0,No
S02667,7/28/2023,P00099,87,167.5,14572.5,Online,Cash,,EMP019,0,No
S02668,1/25/2022,P00536,99,28.52,2823.48,Online,Credit Card,,EMP006,11.69,No
S02669,12/26/2022,P00874,5,69.15,345.75,Wholesale,Insurance,,EMP038,0,Yes
S02670,8/30/2022,P00769,30,47.7,1431,Online,Cash,,EMP024,0,No
S02671,11/20/2023,P01660,54,228.02,12313.08,Online,Cash,,EMP018,0,No
S02672,7/27/2022,P00132,13,96.52,1254.76,Hospital,Cash,,EMP031,0,No
S02673,1/22/2023,P01554,98,3.9,382.2,Wholesale,Debit Card,,EMP003,0,No
S02674,7/24/2023,P01817,71,42.57,3022.47,Clinic,Cash,,EMP045,0,No
S02675,4/26/2023,P00636,98,98.41,9644.18,Hospital,Debit Card,,EMP049,0,No
S02676,7/19/2023,P00276,77,31.13,2397.01,Clinic,Debit Card,,EMP023,0,No
S02677,9/10/2022,P01713,77,143.77,11070.29,Hospital,Cash,,EMP017,19.04,No
S02678,1/30/2022,P00653,88,42.92,3776.96,Retail,Insurance,,EMP015,15.15,Yes
S02679,9/30/2023,P00396,56,173.31,9705.36,Retail,Debit Card,,EMP021,0,No
S02680,10/15/2023,P00214,10,28.69,286.9,Online,Insurance,,EMP047,0,Yes
S02681,2/20/2022,P01574,33,119.21,3933.93,Retail,Debit Card,RX-5562,EMP048,0,No
S02682,6/20/2023,P00403,25,146.78,3669.5,Clinic,Insurance,,EMP008,0,Yes
S02683,4/12/2023,P01803,96,64.75,6216,Wholesale,Credit Card,,EMP048,0,No
S02684,8/31/2022,P00642,50,43.6,2180,Online,Debit Card,,EMP010,0,No
S02685,8/14/2022,P01199,53,79.45,4210.85,Online,Insurance,,EMP015,0,Yes
S02686,10/7/2023,P00843,64,99.23,6350.72,Clinic,Credit Card,,EMP004,0.8,No
S02687,11/1/2023,P01204,97,126.95,12314.15,Clinic,Debit Card,,EMP048,0.71,No
S02688,11/17/2022,P01110,5,65.02,325.1,Clinic,Insurance,,EMP042,0,Yes
S02689,7/13/2023,P01247,58,37.96,2201.68,Wholesale,Insurance,,EMP011,0,Yes
S02690,12/7/2022,P00103,37,84.8,3137.6,Online,Credit Card,,EMP014,0,No
S02691,5/23/2023,P01953,54,208.42,11254.68,Online,Debit Card,,EMP034,0,No
S02692,11/22/2022,P00332,37,56.1,2075.7,Online,Cash,,EMP021,0,No
S02693,3/5/2023,P00326,83,29.89,2480.87,Online,Cash,,EMP034,0,No
S02694,11/4/2022,P00362,62,11.56,716.72,Retail,Debit Card,RX-9473,EMP005,0,No
S02695,8/26/2022,P00639,32,142.43,4557.76,Hospital,Debit Card,,EMP046,0,No
S02696,2/17/2023,P01506,67,71.29,4776.43,Retail,Cash,RX-5582,EMP033,13.5,No
S02697,11/17/2023,P01290,10,69.67,696.7,Hospital,Insurance,,EMP030,0,Yes
S02698,12/4/2023,P00727,97,63.78,6186.66,Online,Credit Card,,EMP047,14.4,No
S02699,3/28/2022,P00165,77,161.29,12419.33,Clinic,Debit Card,,EMP008,0,No
S02700,6/6/2023,P01937,80,108.82,8705.6,Online,Credit Card,,EMP028,0,No
S02701,10/31/2023,P01121,13,2.5,32.5,Wholesale,Credit Card,,EMP039,0,No
S02702,8/24/2023,P00925,98,86.06,8433.88,Wholesale,Cash,,EMP003,0,No
S02703,1/19/2023,P01626,86,67.99,5847.14,Clinic,Credit Card,,EMP039,0,No
S02704,9/1/2022,P01391,48,114.77,5508.96,Retail,Credit Card,RX-4028,EMP009,16.61,No
S02705,6/3/2023,P01087,47,36.45,1713.15,Retail,Debit Card,RX-6831,EMP034,0,No
S02706,8/1/2022,P01889,1,23.25,23.25,Hospital,Cash,,EMP040,0,No
S02707,10/17/2022,P00215,2,76.34,152.68,Clinic,Insurance,,EMP025,0,Yes
S02708,12/11/2022,P01295,10,218.75,2187.5,Hospital,Debit Card,,EMP047,0,No
S02709,4/18/2023,P01489,27,86.68,2340.36,Online,Debit Card,,EMP013,15.86,No
S02710,10/8/2022,P00130,93,16.02,1489.86,Online,Cash,,EMP044,0,No
S02711,3/27/2022,P00658,99,48.94,4845.06,Clinic,Cash,,EMP045,0,No
S02712,2/18/2023,P00672,50,164.33,8216.5,Wholesale,Cash,,EMP018,0,No
S02713,9/2/2022,P01372,62,146.25,9067.5,Clinic,Credit Card,,EMP043,17.78,No
S02714,6/22/2022,P00234,39,112.65,4393.35,Retail,Debit Card,,EMP029,13.03,No
S02715,10/23/2022,P00940,23,51.09,1175.07,Hospital,Credit Card,,EMP041,15.94,No
S02716,11/26/2023,P00424,93,78.75,7323.75,Hospital,Cash,,EMP042,5.87,No
S02717,12/28/2023,P01293,41,25.22,1034.02,Clinic,Credit Card,,EMP046,0,No
S02718,9/7/2022,P01517,22,38.56,848.32,Retail,Cash,RX-9338,EMP044,0,No
S02719,7/7/2023,P00763,32,126.74,4055.68,Clinic,Insurance,,EMP013,0,Yes
S02720,5/24/2023,P01667,14,89.66,1255.24,Wholesale,Debit Card,,EMP012,13.67,No
S02721,6/16/2023,P00832,32,180.91,5789.12,Online,Debit Card,,EMP040,0,No
S02722,3/5/2023,P01194,96,79.6,7641.6,Hospital,Insurance,,EMP005,17.4,Yes
S02723,12/27/2022,P01590,89,66.4,5909.6,Clinic,Credit Card,,EMP010,0,No
S02724,2/28/2022,P00438,86,160.81,13829.66,Hospital,Cash,,EMP002,4.73,No
S02725,1/26/2023,P01604,80,23.5,1880,Hospital,Insurance,,EMP035,0,Yes
S02726,7/23/2022,P00608,38,116.46,4425.48,Online,Debit Card,,EMP045,0,No
S02727,1/5/2023,P01245,88,149.64,13168.32,Hospital,Credit Card,,EMP009,0,No
S02728,11/14/2022,P00943,22,226.14,4975.08,Online,Debit Card,,EMP029,14.53,No
S02729,10/26/2023,P01291,68,35.34,2403.12,Wholesale,Credit Card,,EMP021,0,No
S02730,3/9/2022,P00245,39,107.94,4209.66,Wholesale,Insurance,,EMP039,0,Yes
S02731,4/22/2022,P01553,85,15.55,1321.75,Wholesale,Debit Card,,EMP011,12.04,No
S02732,9/27/2023,P01229,3,86.72,260.16,Retail,Insurance,,EMP027,11.97,Yes
S02733,4/30/2023,P00535,29,36.91,1070.39,Wholesale,Debit Card,,EMP007,0,No
S02734,10/10/2022,P00048,45,136.12,6125.4,Retail,Credit Card,,EMP014,0,No
S02735,11/4/2022,P00078,96,182.73,17542.08,Online,Insurance,,EMP042,0,Yes
S02736,3/9/2022,P00956,3,21.42,64.26,Clinic,Credit Card,,EMP016,17.81,No
S02737,3/20/2022,P00839,10,111.45,1114.5,Retail,Debit Card,,EMP037,0,No
S02738,8/3/2022,P01732,47,109.7,5155.9,Hospital,Debit Card,,EMP034,0,No
S02739,5/22/2023,P01529,41,106.15,4352.15,Wholesale,Cash,,EMP018,0,No
S02740,12/8/2023,P00390,55,90.78,4992.9,Clinic,Insurance,,EMP026,0,Yes
S02741,6/29/2022,P00974,38,72,2736,Online,Credit Card,,EMP038,0,No
S02742,1/2/2022,P01402,25,123.72,3093,Online,Insurance,,EMP042,3.14,Yes
S02743,7/14/2022,P00867,40,135.3,5412,Wholesale,Insurance,,EMP005,15.41,Yes
S02744,1/26/2022,P00567,3,127.5,382.5,Online,Debit Card,,EMP021,0,No
S02745,11/28/2023,P00029,56,171.56,9607.36,Hospital,Debit Card,,EMP045,0,No
S02746,10/21/2022,P00926,71,217.4,15435.4,Clinic,Insurance,,EMP015,0,Yes
S02747,8/29/2023,P00722,79,12.09,955.11,Clinic,Debit Card,,EMP028,0,No
S02748,8/11/2022,P01639,54,10.24,552.96,Clinic,Insurance,,EMP016,0.42,Yes
S02749,5/19/2022,P00949,57,127.85,7287.45,Retail,Cash,,EMP019,0,No
S02750,1/30/2022,P00024,90,74.12,6670.8,Online,Cash,,EMP032,15.61,No
S02751,2/11/2022,P01394,73,52.93,3863.89,Retail,Credit Card,RX-8552,EMP037,0,No
S02752,1/12/2022,P00098,86,44.56,3832.16,Wholesale,Insurance,,EMP014,0,Yes
S02753,8/30/2022,P01116,87,70.82,6161.34,Online,Debit Card,,EMP001,5.74,No
S02754,1/31/2022,P00580,68,198.83,13520.44,Hospital,Cash,,EMP009,8.41,No
S02755,5/16/2023,P01393,68,33.65,2288.2,Hospital,Cash,,EMP018,19,No
S02756,7/20/2023,P01396,18,11.05,198.9,Wholesale,Cash,,EMP002,9.31,No
S02757,12/6/2023,P01049,85,75.36,6405.6,Clinic,Credit Card,,EMP018,0,No
S02758,10/31/2023,P01484,56,3.34,187.04,Wholesale,Cash,,EMP017,0,No
S02759,9/15/2022,P00575,34,60.33,2051.22,Retail,Debit Card,,EMP043,2.69,No
S02760,10/18/2023,P01663,64,5.9,377.6,Hospital,Insurance,,EMP030,0,Yes
S02761,6/11/2022,P00012,25,14.24,356,Wholesale,Cash,,EMP012,0,No
S02762,6/25/2022,P00078,62,182.73,11329.26,Online,Debit Card,,EMP014,0,No
S02763,4/19/2022,P01957,54,154.82,8360.28,Retail,Debit Card,RX-6848,EMP028,5.81,No
S02764,5/28/2023,P00343,66,99.84,6589.44,Wholesale,Insurance,,EMP035,0,Yes
S02765,3/11/2023,P00663,61,78.38,4781.18,Online,Debit Card,,EMP031,11.68,No
S02766,6/25/2023,P01063,45,168.85,7598.25,Retail,Credit Card,RX-9889,EMP023,0,No
S02767,10/15/2022,P00036,70,182.9,12803,Clinic,Debit Card,,EMP020,0,No
S02768,6/29/2023,P01719,29,21.66,628.14,Hospital,Credit Card,,EMP024,10.71,No
S02769,12/27/2023,P00681,61,105.09,6410.49,Retail,Insurance,,EMP049,0,Yes
S02770,4/30/2023,P01258,27,53.98,1457.46,Online,Debit Card,,EMP015,0,No
S02771,12/1/2022,P01117,63,59.09,3722.67,Hospital,Credit Card,,EMP026,0,No
S02772,6/4/2023,P00229,62,32.11,1990.82,Wholesale,Credit Card,,EMP029,0,No
S02773,9/27/2022,P01498,23,135.49,3116.27,Online,Credit Card,,EMP007,0,No
S02774,9/15/2023,P01310,73,58.4,4263.2,Online,Credit Card,,EMP047,0,No
S02775,7/4/2023,P00664,3,100.91,302.73,Hospital,Debit Card,,EMP038,0,No
S02776,12/11/2023,P00129,39,140.18,5467.02,Wholesale,Insurance,,EMP037,0,Yes
S02777,8/15/2022,P00554,93,99.16,9221.88,Clinic,Credit Card,,EMP027,11.61,No
S02778,9/14/2023,P00067,73,56.75,4142.75,Retail,Insurance,,EMP019,0,Yes
S02779,2/17/2023,P01881,93,170.37,15844.41,Retail,Cash,,EMP027,0,No
S02780,5/26/2022,P00654,41,148.31,6080.71,Hospital,Credit Card,,EMP013,0,No
S02781,7/24/2022,P01726,32,8.04,257.28,Hospital,Credit Card,,EMP047,7.94,No
S02782,10/8/2023,P01042,60,157.71,9462.6,Online,Cash,,EMP035,0,No
S02783,11/12/2022,P01677,44,15.91,700.04,Clinic,Credit Card,,EMP013,0,No
S02784,9/2/2023,P01494,22,74.44,1637.68,Online,Credit Card,,EMP031,0,No
S02785,7/19/2022,P00087,69,185.27,12783.63,Wholesale,Cash,,EMP004,0,No
S02786,10/21/2022,P01859,46,49.48,2276.08,Retail,Credit Card,,EMP029,17.45,No
S02787,4/20/2023,P01621,20,82.58,1651.6,Online,Cash,,EMP047,0,No
S02788,5/10/2022,P01276,64,158.8,10163.2,Online,Cash,,EMP014,0,No
S02789,1/18/2023,P00351,76,137.27,10432.52,Hospital,Debit Card,,EMP001,0,No
S02790,10/28/2022,P00242,66,51.95,3428.7,Wholesale,Cash,,EMP024,17.04,No
S02791,3/5/2023,P00824,13,103.25,1342.25,Hospital,Credit Card,,EMP024,0,No
S02792,8/5/2023,P01435,33,160.46,5295.18,Wholesale,Credit Card,,EMP012,0,No
S02793,7/6/2023,P00785,48,67.59,3244.32,Retail,Debit Card,,EMP040,0,No
S02794,4/8/2022,P00425,93,53.79,5002.47,Clinic,Debit Card,,EMP023,0,No
S02795,6/4/2022,P00036,3,182.9,548.7,Hospital,Cash,,EMP043,15.54,No
S02796,9/28/2023,P01943,80,79.55,6364,Hospital,Credit Card,,EMP041,0,No
S02797,1/11/2022,P01563,36,28.59,1029.24,Clinic,Debit Card,,EMP038,0,No
S02798,5/31/2022,P01389,70,6.18,432.6,Online,Credit Card,,EMP005,0,No
S02799,7/10/2022,P00632,64,61.47,3934.08,Clinic,Debit Card,,EMP044,15.73,No
S02800,1/3/2023,P01578,90,60.62,5455.8,Wholesale,Cash,,EMP007,0,No
S02801,7/29/2023,P01909,94,190.54,17910.76,Hospital,Credit Card,,EMP049,0,No
S02802,11/18/2022,P01887,30,34.8,1044,Clinic,Debit Card,,EMP038,0,No
S02803,3/22/2022,P01462,99,11.66,1154.34,Wholesale,Debit Card,,EMP021,0,No
S02804,5/12/2022,P01196,21,137.27,2882.67,Retail,Insurance,RX-5433,EMP022,19.61,Yes
S02805,7/4/2022,P00433,14,89.88,1258.32,Online,Cash,,EMP036,0,No
S02806,12/9/2023,P01503,62,87.58,5429.96,Hospital,Debit Card,,EMP031,0,No
S02807,9/4/2022,P01634,72,3.64,262.08,Wholesale,Credit Card,,EMP021,0,No
S02808,5/7/2023,P01777,22,5.68,124.96,Retail,Credit Card,RX-7784,EMP037,0,No
S02809,5/3/2023,P00707,71,66.04,4688.84,Wholesale,Debit Card,,EMP048,0,No
S02810,4/24/2023,P00194,74,138.04,10214.96,Wholesale,Credit Card,,EMP010,0,No
S02811,9/17/2022,P00210,6,97.3,583.8,Hospital,Insurance,,EMP046,0,Yes
S02812,10/27/2023,P01248,80,18.99,1519.2,Hospital,Insurance,,EMP028,12.48,Yes
S02813,12/16/2023,P01261,18,45.96,827.28,Retail,Credit Card,RX-5204,EMP017,0,No
S02814,2/6/2023,P01217,5,205.24,1026.2,Online,Debit Card,,EMP032,0,No
S02815,1/29/2022,P01461,70,7.71,539.7,Retail,Cash,RX-8650,EMP033,0,No
S02816,9/8/2022,P01788,77,14.15,1089.55,Clinic,Cash,,EMP032,0,No
S02817,2/4/2022,P01387,86,92.55,7959.3,Retail,Insurance,RX-8687,EMP017,0,Yes
S02818,9/11/2023,P00564,34,128.81,4379.54,Online,Insurance,,EMP045,0,Yes
S02819,6/4/2023,P01300,81,23.55,1907.55,Hospital,Insurance,,EMP018,0,Yes
S02820,10/13/2023,P00324,58,21.52,1248.16,Hospital,Insurance,,EMP033,10.08,Yes
S02821,2/25/2022,P01940,64,226.83,14517.12,Wholesale,Insurance,,EMP037,0,Yes
S02822,7/9/2023,P01192,79,89.74,7089.46,Hospital,Credit Card,,EMP025,0,No
S02823,12/24/2023,P00805,20,60.19,1203.8,Retail,Cash,RX-8698,EMP026,14.28,No
S02824,2/26/2022,P00098,22,44.56,980.32,Retail,Insurance,,EMP004,0,Yes
S02825,5/13/2022,P00436,89,135.03,12017.67,Online,Insurance,,EMP037,0,Yes
S02826,12/24/2023,P00640,10,30.09,300.9,Online,Cash,,EMP008,17.31,No
S02827,12/29/2023,P00024,42,74.12,3113.04,Wholesale,Debit Card,,EMP037,0,No
S02828,9/15/2022,P01017,14,60.27,843.78,Hospital,Cash,,EMP040,0,No
S02829,11/21/2023,P01677,86,15.91,1368.26,Retail,Credit Card,,EMP012,0,No
S02830,8/12/2022,P00033,5,101.36,506.8,Wholesale,Debit Card,,EMP039,0,No
S02831,5/15/2023,P00866,3,70.19,210.57,Retail,Insurance,,EMP032,0,Yes
S02832,9/14/2023,P00167,41,148.86,6103.26,Clinic,Cash,,EMP016,3.85,No
S02833,9/24/2023,P00776,43,121.21,5212.03,Wholesale,Credit Card,,EMP004,8.99,No
S02834,9/13/2022,P01142,33,22.57,744.81,Hospital,Debit Card,,EMP016,0,No
S02835,3/22/2022,P01314,91,98.76,8987.16,Wholesale,Cash,,EMP048,13.44,No
S02836,2/14/2022,P01248,92,18.99,1747.08,Retail,Debit Card,,EMP037,0,No
S02837,5/11/2023,P00751,56,14.43,808.08,Wholesale,Insurance,,EMP049,0,Yes
S02838,12/19/2023,P01291,39,35.34,1378.26,Retail,Insurance,RX-6568,EMP015,18.14,Yes
S02839,10/14/2023,P00955,78,200.04,15603.12,Wholesale,Insurance,,EMP001,0,Yes
S02840,9/28/2022,P01208,62,23.52,1458.24,Clinic,Credit Card,,EMP022,8.47,No
S02841,5/6/2023,P01946,13,239.52,3113.76,Wholesale,Cash,,EMP042,0,No
S02842,12/3/2023,P00285,79,84.29,6658.91,Clinic,Credit Card,,EMP018,0,No
S02843,11/26/2022,P01670,10,56.43,564.3,Wholesale,Debit Card,,EMP005,0,No
S02844,9/11/2022,P00038,31,102.98,3192.38,Wholesale,Credit Card,,EMP024,0,No
S02845,8/21/2023,P01958,37,16.81,621.97,Retail,Insurance,RX-2808,EMP024,12.81,Yes
S02846,9/16/2022,P01904,67,95.03,6367.01,Clinic,Debit Card,,EMP002,16.93,No
S02847,6/24/2022,P01374,6,4.84,29.04,Clinic,Cash,,EMP025,0,No
S02848,1/5/2023,P00593,7,64.24,449.68,Wholesale,Insurance,,EMP014,0,Yes
S02849,2/14/2023,P00282,7,144.15,1009.05,Wholesale,Credit Card,,EMP045,5.58,No
S02850,5/29/2022,P00388,93,21.6,2008.8,Online,Cash,,EMP014,0,No
S02851,9/5/2023,P01098,92,43.78,4027.76,Online,Debit Card,,EMP006,4.49,No
S02852,12/29/2023,P01021,42,54.28,2279.76,Hospital,Debit Card,,EMP015,0,No
S02853,4/16/2022,P01266,20,10.58,211.6,Online,Cash,,EMP019,0,No
S02854,10/30/2023,P00876,15,7.12,106.8,Hospital,Insurance,,EMP006,1.85,Yes
S02855,1/8/2023,P01399,61,36.73,2240.53,Retail,Insurance,RX-1430,EMP042,0,Yes
S02856,12/22/2023,P00233,84,39.25,3297,Retail,Credit Card,RX-1648,EMP009,0,No
S02857,10/26/2022,P00836,37,15.91,588.67,Hospital,Insurance,,EMP002,3.42,Yes
S02858,2/26/2022,P00346,71,91.58,6502.18,Online,Debit Card,,EMP036,0,No
S02859,6/7/2023,P01550,41,27.71,1136.11,Online,Insurance,,EMP024,6.15,Yes
S02860,9/3/2023,P00772,23,55.7,1281.1,Clinic,Credit Card,,EMP031,0,No
S02861,4/6/2022,P01429,57,35.36,2015.52,Hospital,Credit Card,,EMP006,14.9,No
S02862,5/18/2022,P01470,94,142.51,13395.94,Online,Cash,,EMP002,0,No
S02863,6/18/2023,P01771,51,38.78,1977.78,Online,Credit Card,,EMP003,0,No
S02864,6/27/2022,P01527,30,71.84,2155.2,Online,Cash,,EMP027,0,No
S02865,7/4/2022,P00134,39,203.69,7943.91,Wholesale,Insurance,,EMP015,0,Yes
S02866,4/4/2023,P01628,80,18.06,1444.8,Online,Debit Card,,EMP027,0,No
S02867,12/7/2022,P01384,51,54.41,2774.91,Hospital,Credit Card,,EMP026,0,No
S02868,3/9/2023,P00314,72,80.18,5772.96,Hospital,Debit Card,,EMP034,0,No
S02869,3/19/2022,P00817,29,94.35,2736.15,Hospital,Debit Card,,EMP019,0,No
S02870,3/16/2023,P00017,5,147.84,739.2,Hospital,Cash,,EMP032,19.93,No
S02871,8/4/2023,P00484,11,199.34,2192.74,Hospital,Insurance,,EMP005,0,Yes
S02872,6/25/2023,P01900,24,81.8,1963.2,Wholesale,Credit Card,,EMP040,0,No
S02873,8/4/2023,P01620,21,49.07,1030.47,Clinic,Cash,,EMP003,0,No
S02874,11/18/2023,P00741,57,198.32,11304.24,Clinic,Insurance,,EMP046,3.65,Yes
S02875,7/8/2022,P01012,92,34.08,3135.36,Wholesale,Insurance,,EMP020,0,Yes
S02876,10/14/2023,P01473,70,138.22,9675.4,Wholesale,Insurance,,EMP038,0,Yes
S02877,4/11/2023,P01322,31,90.4,2802.4,Online,Insurance,,EMP011,0,Yes
S02878,8/13/2023,P01466,65,134.77,8760.05,Online,Credit Card,,EMP007,0,No
S02879,10/4/2023,P00988,14,101.07,1414.98,Hospital,Credit Card,,EMP046,0,No
S02880,8/10/2023,P00012,27,14.24,384.48,Clinic,Debit Card,,EMP032,7.96,No
S02881,1/24/2022,P00329,98,80.24,7863.52,Online,Debit Card,,EMP040,18.92,No
S02882,4/9/2022,P00150,1,169.28,169.28,Hospital,Cash,,EMP027,0,No
S02883,4/6/2023,P01813,25,9.96,249,Online,Credit Card,,EMP004,0,No
S02884,3/23/2022,P01960,44,17.88,786.72,Wholesale,Credit Card,,EMP045,0,No
S02885,4/23/2022,P01891,3,78.78,236.34,Retail,Credit Card,RX-3529,EMP045,0,No
S02886,8/12/2023,P01694,45,149.66,6734.7,Hospital,Debit Card,,EMP020,0,No
S02887,10/6/2023,P00333,11,65.18,716.98,Retail,Cash,RX-6239,EMP008,0,No
S02888,1/14/2023,P00402,91,186.16,16940.56,Clinic,Insurance,,EMP001,0,Yes
S02889,7/9/2022,P00048,16,136.12,2177.92,Online,Cash,,EMP026,0,No
S02890,1/16/2023,P00283,6,104.05,624.3,Retail,Credit Card,RX-4810,EMP022,0,No
S02891,2/19/2022,P01099,93,60.77,5651.61,Online,Insurance,,EMP003,0,Yes
S02892,4/29/2022,P01791,66,39.31,2594.46,Hospital,Insurance,,EMP035,11.61,Yes
S02893,7/13/2023,P01781,84,143.25,12033,Hospital,Credit Card,,EMP003,0,No
S02894,6/28/2023,P00548,45,113.18,5093.1,Online,Credit Card,,EMP005,0,No
S02895,2/14/2022,P00862,19,52.19,991.61,Hospital,Debit Card,,EMP019,0,No
S02896,2/8/2022,P00115,29,135.98,3943.42,Hospital,Insurance,,EMP031,11.74,Yes
S02897,9/20/2023,P00368,22,55.4,1218.8,Wholesale,Credit Card,,EMP004,12.75,No
S02898,7/19/2022,P00524,11,29.68,326.48,Retail,Debit Card,RX-9429,EMP018,0,No
S02899,1/10/2023,P01335,74,26.99,1997.26,Retail,Credit Card,,EMP011,0,No
S02900,4/29/2022,P01824,31,39.3,1218.3,Retail,Cash,RX-8278,EMP042,0,No
S02901,12/8/2023,P01675,81,78.72,6376.32,Clinic,Insurance,,EMP046,0,Yes
S02902,8/5/2023,P00944,37,91.39,3381.43,Retail,Insurance,,EMP016,0,Yes
S02903,9/22/2023,P01250,86,68.43,5884.98,Retail,Insurance,RX-8310,EMP008,8.13,Yes
S02904,9/9/2023,P00099,2,167.5,335,Clinic,Debit Card,,EMP018,0,No
S02905,2/12/2023,P00908,85,153.04,13008.4,Retail,Credit Card,RX-2289,EMP023,0,No
S02906,8/1/2023,P01297,96,94.81,9101.76,Retail,Insurance,RX-6740,EMP035,0,Yes
S02907,12/18/2023,P00022,6,108.29,649.74,Clinic,Insurance,,EMP006,0,Yes
S02908,11/8/2023,P01169,30,52.18,1565.4,Wholesale,Credit Card,,EMP018,0,No
S02909,7/2/2023,P00327,92,118.45,10897.4,Online,Debit Card,,EMP047,0,No
S02910,10/25/2023,P01072,90,134.15,12073.5,Hospital,Debit Card,,EMP008,4.03,No
S02911,3/8/2023,P01813,91,9.96,906.36,Wholesale,Credit Card,,EMP013,0,No
S02912,8/2/2022,P00119,1,222.49,222.49,Clinic,Cash,,EMP013,0,No
S02913,6/4/2022,P00813,95,213.86,20316.7,Wholesale,Cash,,EMP005,0,No
S02914,4/25/2022,P00678,99,102.78,10175.22,Clinic,Cash,,EMP014,0,No
S02915,10/8/2022,P00577,30,72,2160,Hospital,Insurance,,EMP033,10.22,Yes
S02916,7/15/2023,P00915,88,4.35,382.8,Wholesale,Debit Card,,EMP002,0,No
S02917,11/22/2022,P00625,91,187.72,17082.52,Hospital,Debit Card,,EMP009,0,No
S02918,11/15/2022,P00001,57,74.86,4267.02,Clinic,Debit Card,,EMP041,0,No
S02919,5/5/2022,P00344,88,198.84,17497.92,Hospital,Credit Card,,EMP032,0,No
S02920,10/29/2023,P01281,9,92.22,829.98,Wholesale,Cash,,EMP041,0,No
S02921,7/26/2023,P00525,66,55.95,3692.7,Wholesale,Credit Card,,EMP023,0,No
S02922,3/31/2023,P01518,23,190.02,4370.46,Online,Insurance,,EMP021,0,Yes
S02923,9/9/2023,P01772,79,41.88,3308.52,Wholesale,Cash,,EMP034,0.16,No
S02924,11/17/2022,P00409,90,47.35,4261.5,Online,Credit Card,,EMP006,0,No
S02925,11/7/2023,P01241,12,65.5,786,Hospital,Insurance,,EMP034,0,Yes
S02926,9/15/2022,P00438,43,160.81,6914.83,Retail,Insurance,,EMP039,0,Yes
S02927,9/26/2023,P01813,15,9.96,149.4,Online,Debit Card,,EMP036,0,No
S02928,11/26/2022,P01367,96,156.25,15000,Hospital,Insurance,,EMP046,0,Yes
S02929,6/6/2022,P01852,32,103.48,3311.36,Wholesale,Debit Card,,EMP020,8.63,No
S02930,12/14/2023,P01083,48,54.39,2610.72,Online,Credit Card,,EMP018,1.13,No
S02931,2/4/2023,P01102,4,94.61,378.44,Wholesale,Credit Card,,EMP004,14.65,No
S02932,6/8/2023,P00938,37,141.17,5223.29,Wholesale,Debit Card,,EMP022,0.6,No
S02933,6/1/2022,P00907,94,207.13,19470.22,Hospital,Debit Card,,EMP041,0,No
S02934,2/20/2022,P00715,88,146.72,12911.36,Wholesale,Debit Card,,EMP019,0,No
S02935,12/24/2023,P00338,51,93.52,4769.52,Wholesale,Debit Card,,EMP035,0,No
S02936,5/14/2022,P01416,40,59.15,2366,Clinic,Cash,,EMP002,0,No
S02937,8/5/2023,P01522,89,61.42,5466.38,Hospital,Insurance,,EMP021,0,Yes
S02938,4/17/2022,P01754,5,22.28,111.4,Clinic,Credit Card,,EMP010,0,No
S02939,9/24/2023,P01141,37,33.01,1221.37,Online,Insurance,,EMP023,16.88,Yes
S02940,5/15/2023,P00992,49,169.29,8295.21,Hospital,Cash,,EMP001,0,No
S02941,12/20/2023,P00688,58,235.46,13656.68,Wholesale,Debit Card,,EMP009,0,No
S02942,1/28/2022,P00324,15,21.52,322.8,Hospital,Debit Card,,EMP019,19.75,No
S02943,4/14/2023,P01219,1,39.41,39.41,Online,Debit Card,,EMP022,12.1,No
S02944,3/18/2022,P00944,65,91.39,5940.35,Wholesale,Cash,,EMP043,4.77,No
S02945,1/8/2023,P01093,81,146.92,11900.52,Online,Insurance,,EMP006,0,Yes
S02946,5/6/2022,P01503,64,87.58,5605.12,Retail,Cash,RX-8389,EMP041,0,No
S02947,8/16/2022,P01586,90,98.27,8844.3,Hospital,Debit Card,,EMP035,0,No
S02948,1/8/2022,P01990,43,84.14,3618.02,Clinic,Debit Card,,EMP038,0,No
S02949,6/23/2023,P00927,89,208.13,18523.57,Online,Cash,,EMP017,0,No
S02950,10/16/2022,P00401,84,10.14,851.76,Online,Cash,,EMP020,0,No
S02951,2/15/2023,P00348,56,36.87,2064.72,Clinic,Cash,,EMP043,7.69,No
S02952,2/10/2023,P00406,34,132.07,4490.38,Hospital,Cash,,EMP033,0,No
S02953,10/2/2023,P01777,63,5.68,357.84,Wholesale,Credit Card,,EMP013,0,No
S02954,2/5/2023,P01601,25,89.73,2243.25,Clinic,Insurance,,EMP036,0,Yes
S02955,4/11/2023,P00299,55,101.15,5563.25,Online,Debit Card,,EMP009,0,No
S02956,5/8/2023,P00813,81,213.86,17322.66,Wholesale,Cash,,EMP045,10.81,No
S02957,2/26/2023,P00182,97,22.98,2229.06,Clinic,Insurance,,EMP008,0,Yes
S02958,10/12/2023,P01811,34,54.92,1867.28,Clinic,Credit Card,,EMP028,0,No
S02959,3/7/2022,P00128,43,67.29,2893.47,Retail,Insurance,,EMP010,0,Yes
S02960,7/26/2023,P01217,76,205.24,15598.24,Wholesale,Credit Card,,EMP039,0,No
S02961,12/8/2023,P01524,80,89.66,7172.8,Clinic,Cash,,EMP030,0,No
S02962,9/24/2023,P01184,43,27.13,1166.59,Online,Debit Card,,EMP046,0,No
S02963,12/7/2022,P01566,45,86.62,3897.9,Retail,Cash,RX-8705,EMP028,0,No
S02964,11/21/2022,P01440,9,89.49,805.41,Hospital,Debit Card,,EMP048,0,No
S02965,7/25/2023,P01873,41,35.57,1458.37,Online,Debit Card,,EMP048,14.78,No
S02966,8/20/2023,P01256,82,19.41,1591.62,Hospital,Credit Card,,EMP012,0,No
S02967,5/31/2022,P01626,37,67.99,2515.63,Online,Credit Card,,EMP031,13.94,No
S02968,12/4/2022,P01831,96,61.5,5904,Clinic,Debit Card,,EMP002,0,No
S02969,1/30/2022,P01764,46,7.36,338.56,Wholesale,Debit Card,,EMP027,0,No
S02970,3/10/2023,P00757,55,81.19,4465.45,Retail,Credit Card,RX-4892,EMP030,0,No
S02971,10/13/2023,P00797,93,106.56,9910.08,Wholesale,Cash,,EMP035,10.17,No
S02972,11/11/2023,P01675,29,78.72,2282.88,Clinic,Credit Card,,EMP038,0,No
S02973,4/9/2023,P00687,63,153.13,9647.19,Wholesale,Cash,,EMP025,0,No
S02974,12/12/2022,P00662,30,129.76,3892.8,Retail,Cash,RX-8267,EMP037,0,No
S02975,11/25/2023,P00618,42,21.08,885.36,Retail,Debit Card,RX-8104,EMP013,0,No
S02976,11/25/2023,P00022,1,108.29,108.29,Hospital,Cash,,EMP017,8.53,No
S02977,9/15/2022,P01691,21,76.24,1601.04,Clinic,Insurance,,EMP044,17.69,Yes
S02978,7/9/2022,P00026,68,38.85,2641.8,Hospital,Debit Card,,EMP032,0,No
S02979,9/18/2022,P00423,76,88.57,6731.32,Clinic,Insurance,,EMP027,0,Yes
S02980,1/26/2023,P00965,40,85.52,3420.8,Retail,Insurance,,EMP012,0,Yes
S02981,8/22/2022,P01021,67,54.28,3636.76,Retail,Insurance,RX-9226,EMP006,0,Yes
S02982,5/11/2022,P01747,76,126.44,9609.44,Online,Insurance,,EMP033,0,Yes
S02983,5/1/2022,P00651,93,74.05,6886.65,Clinic,Credit Card,,EMP028,0,No
S02984,1/28/2023,P00575,84,60.33,5067.72,Retail,Debit Card,,EMP014,0,No
S02985,5/25/2023,P00198,83,165.05,13699.15,Wholesale,Credit Card,,EMP041,0,No
S02986,2/5/2023,P00919,48,60.26,2892.48,Clinic,Debit Card,,EMP007,2.21,No
S02987,7/18/2023,P01936,67,113.72,7619.24,Hospital,Cash,,EMP045,0,No
S02988,12/8/2022,P01303,67,65.52,4389.84,Online,Debit Card,,EMP039,0,No
S02989,12/20/2022,P01199,13,79.45,1032.85,Retail,Cash,,EMP034,0,No
S02990,6/18/2023,P00432,44,101.39,4461.16,Wholesale,Debit Card,,EMP048,0,No
S02991,5/14/2023,P01388,89,21.28,1893.92,Retail,Debit Card,RX-7563,EMP037,0,No
S02992,5/14/2023,P00795,94,119.54,11236.76,Clinic,Insurance,,EMP025,0,Yes
S02993,8/30/2023,P01796,95,60.84,5779.8,Clinic,Cash,,EMP001,7.22,No
S02994,7/4/2023,P01399,8,36.73,293.84,Online,Credit Card,,EMP003,0,No
S02995,2/21/2023,P01702,42,132.01,5544.42,Online,Credit Card,,EMP043,0,No
S02996,5/13/2022,P01665,65,110.17,7161.05,Hospital,Cash,,EMP028,0,No
S02997,3/28/2022,P00648,32,100.45,3214.4,Online,Debit Card,,EMP044,0,No
S02998,9/9/2023,P00807,77,6.37,490.49,Wholesale,Insurance,,EMP039,0,Yes
S02999,7/8/2022,P01387,77,92.55,7126.35,Retail,Credit Card,,EMP018,0,No
S03000,7/15/2022,P01961,14,87.54,1225.56,Hospital,Cash,,EMP041,0,No
S03001,3/8/2022,P01695,35,187.28,6554.8,Wholesale,Cash,,EMP023,18.42,No
S03002,12/26/2023,P00866,95,70.19,6668.05,Retail,Debit Card,,EMP026,0,No
S03003,3/10/2022,P00595,43,134.78,5795.54,Clinic,Cash,,EMP037,0,No
S03004,5/17/2023,P00850,4,26.08,104.32,Wholesale,Debit Card,,EMP007,0,No
S03005,6/9/2023,P00218,87,56.11,4881.57,Retail,Credit Card,RX-1193,EMP048,11.84,No
S03006,3/25/2023,P01409,56,38.54,2158.24,Online,Debit Card,,EMP019,11.01,No
S03007,5/15/2022,P01026,80,174.79,13983.2,Online,Cash,,EMP016,0,No
S03008,6/6/2023,P01288,2,131.47,262.94,Wholesale,Debit Card,,EMP035,0,No
S03009,6/26/2022,P00957,32,200.8,6425.6,Hospital,Debit Card,,EMP002,0,No
S03010,11/20/2022,P00313,12,101.15,1213.8,Wholesale,Cash,,EMP023,0,No
S03011,11/6/2022,P01648,12,97.12,1165.44,Retail,Insurance,RX-5099,EMP013,0,Yes
S03012,8/10/2023,P01347,15,202.73,3040.95,Clinic,Insurance,,EMP023,0,Yes
S03013,11/3/2023,P00312,77,27.82,2142.14,Retail,Debit Card,RX-6480,EMP028,6.61,No
S03014,12/16/2023,P00554,7,99.16,694.12,Clinic,Credit Card,,EMP017,18.28,No
S03015,8/17/2022,P01646,20,42.03,840.6,Retail,Debit Card,,EMP006,8.94,No
S03016,8/8/2022,P00653,55,42.92,2360.6,Clinic,Insurance,,EMP038,0,Yes
S03017,3/30/2022,P01334,99,84.08,8323.92,Wholesale,Cash,,EMP026,0,No
S03018,3/1/2022,P00522,90,77.93,7013.7,Wholesale,Insurance,,EMP038,3.19,Yes
S03019,9/29/2022,P01030,39,62.5,2437.5,Clinic,Debit Card,,EMP003,4.96,No
S03020,10/26/2023,P00788,23,55.84,1284.32,Wholesale,Insurance,,EMP008,0,Yes
S03021,9/13/2022,P01469,33,61.58,2032.14,Clinic,Insurance,,EMP016,2.58,Yes
S03022,11/3/2022,P01166,95,99.77,9478.15,Online,Debit Card,,EMP020,0,No
S03023,7/31/2023,P01983,39,202.56,7899.84,Wholesale,Credit Card,,EMP044,0,No
S03024,7/11/2023,P00478,38,90.24,3429.12,Retail,Insurance,RX-5277,EMP015,19.07,Yes
S03025,7/21/2023,P01941,99,46.86,4639.14,Online,Insurance,,EMP030,0,Yes
S03026,2/9/2023,P01781,97,143.25,13895.25,Retail,Insurance,RX-1599,EMP013,0,Yes
S03027,7/11/2022,P00443,11,33.58,369.38,Clinic,Insurance,,EMP040,0,Yes
S03028,6/24/2022,P00786,66,149,9834,Clinic,Credit Card,,EMP017,0,No
S03029,3/27/2023,P01797,2,48.87,97.74,Hospital,Cash,,EMP045,0,No
S03030,1/30/2023,P00362,58,11.56,670.48,Hospital,Credit Card,,EMP001,14.85,No
S03031,7/20/2023,P00112,86,9.79,841.94,Wholesale,Insurance,,EMP028,0,Yes
S03032,9/3/2022,P01463,57,139.8,7968.6,Retail,Credit Card,,EMP019,0,No
S03033,7/26/2023,P00402,61,186.16,11355.76,Retail,Debit Card,,EMP042,0,No
S03034,9/15/2023,P00772,70,55.7,3899,Online,Debit Card,,EMP002,0,No
S03035,11/13/2022,P00346,30,91.58,2747.4,Wholesale,Credit Card,,EMP032,18.51,No
S03036,5/28/2023,P00088,26,100.5,2613,Online,Credit Card,,EMP028,19.77,No
S03037,2/5/2023,P02000,68,47.91,3257.88,Wholesale,Cash,,EMP048,0,No
S03038,2/10/2022,P01749,27,78.82,2128.14,Hospital,Insurance,,EMP004,0,Yes
S03039,5/2/2023,P01596,86,100.97,8683.42,Wholesale,Credit Card,,EMP041,0,No
S03040,6/20/2022,P00105,24,204.12,4898.88,Online,Debit Card,,EMP001,0,No
S03041,5/2/2023,P00765,11,79.06,869.66,Retail,Credit Card,RX-1134,EMP036,0,No
S03042,4/26/2022,P01542,25,107.04,2676,Retail,Credit Card,RX-2318,EMP049,0,No
S03043,10/4/2022,P00004,60,28.19,1691.4,Hospital,Cash,,EMP026,0,No
S03044,9/2/2022,P01515,17,106.49,1810.33,Retail,Debit Card,RX-2049,EMP026,0,No
S03045,3/8/2022,P01755,79,66.27,5235.33,Retail,Debit Card,,EMP010,14.87,No
S03046,10/12/2022,P00442,81,87.13,7057.53,Hospital,Insurance,,EMP016,0,Yes
S03047,4/10/2023,P00987,3,93.05,279.15,Online,Credit Card,,EMP049,0,No
S03048,2/28/2022,P00817,96,94.35,9057.6,Wholesale,Cash,,EMP042,0,No
S03049,1/17/2022,P00773,65,110.75,7198.75,Clinic,Debit Card,,EMP037,0,No
S03050,10/29/2023,P00239,40,51.89,2075.6,Clinic,Credit Card,,EMP025,10.92,No
S03051,8/31/2023,P00780,27,37.81,1020.87,Online,Insurance,,EMP035,11.42,Yes
S03052,12/19/2022,P01712,24,71.24,1709.76,Hospital,Credit Card,,EMP037,0,No
S03053,1/10/2022,P01186,6,109.38,656.28,Hospital,Debit Card,,EMP007,0,No
S03054,5/8/2022,P01749,36,78.82,2837.52,Clinic,Credit Card,,EMP018,0,No
S03055,11/12/2023,P00633,12,135.89,1630.68,Wholesale,Insurance,,EMP009,0,Yes
S03056,5/1/2023,P00870,30,70.31,2109.3,Online,Insurance,,EMP008,0,Yes
S03057,12/21/2022,P01319,75,180.4,13530,Retail,Credit Card,RX-6065,EMP031,0,No
S03058,6/12/2022,P00104,78,15.66,1221.48,Clinic,Credit Card,,EMP046,14.55,No
S03059,7/22/2022,P01318,15,124.11,1861.65,Wholesale,Credit Card,,EMP047,0,No
S03060,1/27/2022,P00961,63,152.37,9599.31,Online,Cash,,EMP044,0,No
S03061,7/4/2022,P00306,22,69.16,1521.52,Retail,Debit Card,,EMP001,0,No
S03062,6/27/2022,P00590,70,23.31,1631.7,Clinic,Cash,,EMP010,18.84,No
S03063,7/31/2023,P01054,6,134.74,808.44,Retail,Cash,RX-7221,EMP029,0,No
S03064,7/1/2022,P00915,90,4.35,391.5,Wholesale,Debit Card,,EMP034,0,No
S03065,12/21/2023,P00507,72,133.09,9582.48,Retail,Cash,RX-8502,EMP004,0,No
S03066,2/27/2022,P00686,32,20.03,640.96,Clinic,Credit Card,,EMP030,0,No
S03067,9/2/2023,P00142,25,26.3,657.5,Hospital,Credit Card,,EMP018,0,No
S03068,11/30/2023,P01944,25,15.54,388.5,Hospital,Debit Card,,EMP009,0,No
S03069,5/1/2023,P01753,21,165.8,3481.8,Online,Credit Card,,EMP005,9.23,No
S03070,12/28/2023,P00760,84,21.76,1827.84,Retail,Credit Card,RX-7123,EMP046,4.78,No
S03071,7/12/2022,P01799,37,100.14,3705.18,Wholesale,Credit Card,,EMP035,0,No
S03072,4/18/2023,P00354,37,135.51,5013.87,Clinic,Insurance,,EMP024,0,Yes
S03073,6/1/2022,P00171,1,39.55,39.55,Retail,Insurance,,EMP046,0,Yes
S03074,2/2/2022,P00377,20,22.09,441.8,Wholesale,Insurance,,EMP031,0,Yes
S03075,9/28/2023,P01214,84,5.46,458.64,Wholesale,Cash,,EMP025,0,No
S03076,8/11/2023,P00846,25,32.5,812.5,Hospital,Cash,,EMP031,0,No
S03077,7/3/2022,P00697,25,159.08,3977,Retail,Debit Card,RX-3189,EMP006,7.05,No
S03078,11/3/2022,P01764,65,7.36,478.4,Retail,Cash,,EMP025,0,No
S03079,9/14/2022,P01102,23,94.61,2176.03,Online,Debit Card,,EMP039,0,No
S03080,6/28/2023,P00229,10,32.11,321.1,Hospital,Credit Card,,EMP022,0,No
S03081,12/18/2023,P01484,14,3.34,46.76,Clinic,Credit Card,,EMP047,9.52,No
S03082,8/17/2023,P00784,60,83.75,5025,Retail,Insurance,RX-3270,EMP002,0,Yes
S03083,7/17/2022,P00363,46,147.82,6799.72,Wholesale,Cash,,EMP037,0,No
S03084,1/16/2022,P01416,37,59.15,2188.55,Hospital,Insurance,,EMP001,9.05,Yes
S03085,2/10/2023,P01683,25,54.26,1356.5,Online,Insurance,,EMP019,7.67,Yes
S03086,7/18/2022,P01274,30,16.97,509.1,Online,Credit Card,,EMP019,0,No
S03087,2/22/2022,P01268,88,16.9,1487.2,Retail,Insurance,,EMP034,8.25,Yes
S03088,4/2/2023,P00337,74,11.25,832.5,Retail,Insurance,RX-8775,EMP017,0,Yes
S03089,8/14/2022,P01998,23,93.45,2149.35,Hospital,Cash,,EMP005,0,No
S03090,1/23/2022,P00976,72,150.89,10864.08,Online,Cash,,EMP024,10.99,No
S03091,11/15/2023,P00904,9,13.22,118.98,Wholesale,Credit Card,,EMP016,0,No
S03092,11/4/2022,P01073,76,117.6,8937.6,Clinic,Cash,,EMP015,0,No
S03093,1/5/2022,P01466,32,134.77,4312.64,Online,Cash,,EMP025,0,No
S03094,9/13/2022,P01539,66,108.49,7160.34,Retail,Cash,,EMP022,17.03,No
S03095,9/23/2023,P01659,87,190.17,16544.79,Retail,Cash,RX-9223,EMP048,0,No
S03096,12/3/2023,P00159,91,224.93,20468.63,Hospital,Cash,,EMP045,0,No
S03097,6/14/2023,P01202,46,94.3,4337.8,Hospital,Debit Card,,EMP033,0,No
S03098,1/1/2022,P00281,27,80.64,2177.28,Retail,Debit Card,RX-9157,EMP020,0,No
S03099,7/2/2023,P01579,70,85.85,6009.5,Online,Cash,,EMP036,0,No
S03100,9/24/2022,P00896,13,98.64,1282.32,Online,Credit Card,,EMP047,0,No
S03101,6/11/2023,P01054,90,134.74,12126.6,Clinic,Credit Card,,EMP013,0,No
S03102,3/9/2023,P01957,69,154.82,10682.58,Online,Cash,,EMP040,0,No
S03103,8/11/2023,P00358,16,39.91,638.56,Clinic,Credit Card,,EMP019,1.11,No
S03104,3/2/2022,P01439,55,35.93,1976.15,Online,Cash,,EMP035,13.2,No
S03105,12/14/2022,P01067,57,137.17,7818.69,Wholesale,Debit Card,,EMP020,0,No
S03106,12/7/2023,P00747,46,63.07,2901.22,Hospital,Cash,,EMP044,0,No
S03107,5/7/2023,P01873,76,35.57,2703.32,Clinic,Cash,,EMP006,0,No
S03108,10/7/2023,P01763,41,18.27,749.07,Retail,Cash,,EMP019,13.24,No
S03109,6/12/2023,P01024,87,104.31,9074.97,Retail,Insurance,RX-5932,EMP003,0,Yes
S03110,11/5/2023,P00247,40,88.11,3524.4,Wholesale,Cash,,EMP017,0,No
S03111,8/28/2022,P01971,27,119.62,3229.74,Hospital,Insurance,,EMP032,17.5,Yes
S03112,5/13/2023,P00729,47,101.14,4753.58,Wholesale,Insurance,,EMP007,0,Yes
S03113,10/6/2022,P01148,21,83.59,1755.39,Clinic,Insurance,,EMP023,0,Yes
S03114,11/21/2022,P01855,57,111.4,6349.8,Clinic,Cash,,EMP046,0,No
S03115,4/11/2022,P00032,6,6.58,39.48,Hospital,Debit Card,,EMP026,0,No
S03116,1/16/2022,P01038,70,106.45,7451.5,Retail,Credit Card,RX-8956,EMP047,0,No
S03117,1/8/2023,P00460,91,98.62,8974.42,Online,Credit Card,,EMP042,0,No
S03118,12/28/2022,P01416,76,59.15,4495.4,Clinic,Cash,,EMP013,0,No
S03119,7/15/2022,P00510,98,69.11,6772.78,Clinic,Insurance,,EMP035,0,Yes
S03120,7/18/2023,P01029,94,232.67,21870.98,Hospital,Insurance,,EMP029,0,Yes
S03121,6/22/2022,P01991,48,85.03,4081.44,Hospital,Debit Card,,EMP026,0,No
S03122,4/11/2022,P01820,33,48.47,1599.51,Online,Cash,,EMP018,0,No
S03123,8/29/2023,P00307,69,138.84,9579.96,Wholesale,Insurance,,EMP011,13.16,Yes
S03124,1/31/2022,P00276,8,31.13,249.04,Hospital,Cash,,EMP018,9.04,No
S03125,1/29/2022,P01609,87,98.75,8591.25,Retail,Debit Card,,EMP020,7.89,No
S03126,11/5/2022,P00452,51,105.85,5398.35,Hospital,Credit Card,,EMP028,0,No
S03127,3/15/2023,P00935,96,71.5,6864,Online,Cash,,EMP029,0,No
S03128,3/17/2023,P00460,6,98.62,591.72,Wholesale,Credit Card,,EMP008,0,No
S03129,5/6/2023,P00590,54,23.31,1258.74,Wholesale,Debit Card,,EMP011,15.76,No
S03130,9/1/2023,P00470,46,142.13,6537.98,Online,Insurance,,EMP037,0,Yes
S03131,7/16/2023,P00639,4,142.43,569.72,Wholesale,Cash,,EMP042,0,No
S03132,2/28/2023,P01412,80,122.77,9821.6,Online,Cash,,EMP034,0,No
S03133,8/8/2022,P01722,81,151.35,12259.35,Hospital,Cash,,EMP042,19.24,No
S03134,3/22/2022,P01680,63,140.05,8823.15,Online,Cash,,EMP031,0,No
S03135,5/20/2022,P00555,6,72.93,437.58,Retail,Credit Card,RX-4452,EMP003,6.89,No
S03136,8/14/2023,P00535,26,36.91,959.66,Hospital,Cash,,EMP009,0,No
S03137,10/28/2023,P01328,13,10.03,130.39,Clinic,Insurance,,EMP010,0,Yes
S03138,11/20/2022,P00059,21,70.29,1476.09,Retail,Debit Card,RX-2832,EMP048,0,No
S03139,2/18/2023,P01528,77,91.5,7045.5,Online,Debit Card,,EMP045,14.56,No
S03140,2/17/2023,P01465,72,146.11,10519.92,Wholesale,Insurance,,EMP030,0,Yes
S03141,4/15/2022,P01622,88,59.49,5235.12,Clinic,Credit Card,,EMP019,0,No
S03142,4/2/2023,P01701,12,73.72,884.64,Online,Insurance,,EMP025,14.83,Yes
S03143,8/21/2022,P01294,23,117.76,2708.48,Retail,Insurance,,EMP012,12.72,Yes
S03144,5/20/2023,P01363,10,104.08,1040.8,Wholesale,Credit Card,,EMP035,0,No
S03145,5/16/2022,P01004,61,211.24,12885.64,Clinic,Cash,,EMP048,3.68,No
S03146,4/3/2022,P01476,61,129.54,7901.94,Clinic,Debit Card,,EMP017,0,No
S03147,10/16/2023,P00632,69,61.47,4241.43,Online,Insurance,,EMP004,0,Yes
S03148,9/17/2023,P00617,20,25.5,510,Online,Credit Card,,EMP018,0,No
S03149,5/17/2023,P01586,88,98.27,8647.76,Hospital,Credit Card,,EMP018,6.55,No
S03150,7/9/2023,P01079,8,88.67,709.36,Hospital,Insurance,,EMP007,4.8,Yes
S03151,3/18/2022,P01678,32,115.58,3698.56,Clinic,Debit Card,,EMP018,0,No
S03152,2/26/2023,P00035,85,30.6,2601,Clinic,Insurance,,EMP030,0.71,Yes
S03153,8/31/2022,P01637,96,126.11,12106.56,Hospital,Insurance,,EMP045,8.15,Yes
S03154,3/13/2023,P00353,42,39.83,1672.86,Online,Insurance,,EMP031,0,Yes
S03155,12/22/2022,P00890,18,12.27,220.86,Retail,Credit Card,,EMP019,19.3,No
S03156,5/1/2022,P00453,50,88.28,4414,Wholesale,Credit Card,,EMP031,14.36,No
S03157,4/25/2023,P00423,55,88.57,4871.35,Online,Credit Card,,EMP026,5.68,No
S03158,2/10/2023,P01000,84,15.56,1307.04,Retail,Insurance,RX-5051,EMP008,0,Yes
S03159,6/13/2023,P01154,47,93.23,4381.81,Wholesale,Debit Card,,EMP003,0,No
S03160,12/25/2023,P00270,49,39.89,1954.61,Hospital,Insurance,,EMP008,0,Yes
S03161,3/20/2022,P00744,26,59.16,1538.16,Hospital,Insurance,,EMP006,7.21,Yes
S03162,9/9/2023,P00294,48,197.76,9492.48,Retail,Cash,RX-6612,EMP049,0,No
S03163,3/21/2022,P00998,36,188.12,6772.32,Hospital,Insurance,,EMP018,0,Yes
S03164,11/10/2023,P00979,57,57.1,3254.7,Wholesale,Insurance,,EMP030,0,Yes
S03165,3/14/2022,P00837,7,12.74,89.18,Hospital,Credit Card,,EMP017,4.42,No
S03166,5/4/2022,P01673,95,39.27,3730.65,Retail,Debit Card,RX-9905,EMP020,7.04,No
S03167,4/29/2022,P00098,51,44.56,2272.56,Retail,Debit Card,RX-8358,EMP049,0,No
S03168,4/7/2022,P00236,96,96.72,9285.12,Hospital,Cash,,EMP038,6.83,No
S03169,11/26/2022,P01690,9,82.42,741.78,Hospital,Cash,,EMP040,0,No
S03170,9/6/2022,P01823,37,178.14,6591.18,Clinic,Credit Card,,EMP033,0,No
S03171,7/24/2022,P01464,21,74.28,1559.88,Wholesale,Cash,,EMP008,2.43,No
S03172,2/18/2023,P01563,69,28.59,1972.71,Clinic,Insurance,,EMP032,0,Yes
S03173,6/9/2023,P01491,3,41.8,125.4,Clinic,Debit Card,,EMP039,10.69,No
S03174,8/29/2023,P01147,76,104.95,7976.2,Retail,Debit Card,,EMP046,0,No
S03175,10/25/2022,P00071,48,130.14,6246.72,Clinic,Cash,,EMP012,0,No
S03176,12/26/2022,P00845,88,62.61,5509.68,Online,Insurance,,EMP013,7.11,Yes
S03177,12/11/2022,P00399,58,61.29,3554.82,Clinic,Credit Card,,EMP037,0,No
S03178,6/9/2022,P00969,31,42.86,1328.66,Retail,Credit Card,RX-6670,EMP001,0,No
S03179,10/13/2022,P00962,90,44.75,4027.5,Retail,Debit Card,RX-6290,EMP016,0,No
S03180,1/17/2022,P01736,64,27.02,1729.28,Clinic,Cash,,EMP040,0,No
S03181,12/5/2022,P00894,91,92.35,8403.85,Online,Insurance,,EMP002,0,Yes
S03182,6/13/2023,P00569,46,93.44,4298.24,Hospital,Insurance,,EMP026,0,Yes
S03183,6/7/2022,P01661,71,43.48,3087.08,Online,Cash,,EMP027,0,No
S03184,9/5/2023,P00555,23,72.93,1677.39,Clinic,Insurance,,EMP019,0,Yes
S03185,2/17/2023,P01047,51,76.68,3910.68,Retail,Debit Card,RX-3914,EMP038,0,No
S03186,6/4/2023,P01851,43,118.41,5091.63,Online,Credit Card,,EMP043,0,No
S03187,6/16/2022,P00016,12,90.07,1080.84,Clinic,Cash,,EMP008,0,No
S03188,9/13/2022,P00874,88,69.15,6085.2,Wholesale,Cash,,EMP040,0,No
S03189,4/26/2023,P00803,8,80.56,644.48,Hospital,Insurance,,EMP031,0,Yes
S03190,8/18/2023,P01032,81,123.02,9964.62,Wholesale,Credit Card,,EMP023,0,No
S03191,3/4/2022,P00523,1,138.88,138.88,Online,Insurance,,EMP021,0,Yes
S03192,5/27/2023,P00133,63,12.04,758.52,Hospital,Credit Card,,EMP048,0,No
S03193,9/11/2022,P00443,51,33.58,1712.58,Hospital,Debit Card,,EMP028,0,No
S03194,7/13/2023,P00749,90,27.87,2508.3,Online,Credit Card,,EMP049,3.33,No
S03195,3/26/2022,P00111,22,138.85,3054.7,Retail,Insurance,,EMP008,17.12,Yes
S03196,8/26/2022,P00821,59,111.04,6551.36,Hospital,Insurance,,EMP015,0,Yes
S03197,3/6/2022,P01235,94,72.76,6839.44,Clinic,Credit Card,,EMP022,4.69,No
S03198,8/20/2022,P00865,25,82.84,2071,Retail,Insurance,,EMP032,0,Yes
S03199,7/26/2023,P00904,30,13.22,396.6,Online,Debit Card,,EMP039,5.19,No
S03200,11/8/2022,P01195,11,66.12,727.32,Hospital,Insurance,,EMP005,0,Yes
S03201,3/18/2022,P00954,74,9.13,675.62,Hospital,Insurance,,EMP047,0,Yes
S03202,7/1/2023,P01104,31,130.38,4041.78,Hospital,Insurance,,EMP027,0,Yes
S03203,5/20/2022,P01491,47,41.8,1964.6,Wholesale,Credit Card,,EMP012,0,No
S03204,7/14/2022,P00624,80,227.95,18236,Online,Cash,,EMP004,0,No
S03205,12/3/2023,P00217,82,153.66,12600.12,Hospital,Insurance,,EMP020,13.44,Yes
S03206,11/4/2023,P01044,52,87.35,4542.2,Clinic,Debit Card,,EMP042,0,No
S03207,1/27/2022,P01315,99,149.53,14803.47,Hospital,Credit Card,,EMP015,0,No
S03208,11/24/2022,P00109,64,58.17,3722.88,Wholesale,Debit Card,,EMP007,0,No
S03209,1/1/2022,P00572,42,81.88,3438.96,Clinic,Debit Card,,EMP035,18.7,No
S03210,11/26/2022,P00898,32,151.31,4841.92,Wholesale,Cash,,EMP040,0,No
S03211,1/2/2023,P00597,4,16.85,67.4,Online,Insurance,,EMP033,0,Yes
S03212,2/6/2023,P00210,88,97.3,8562.4,Clinic,Insurance,,EMP001,0,Yes
S03213,3/19/2022,P00416,63,14.42,908.46,Retail,Insurance,RX-9909,EMP009,0,Yes
S03214,7/7/2022,P01432,69,111.4,7686.6,Retail,Cash,,EMP012,6.59,No
S03215,4/13/2022,P01204,79,126.95,10029.05,Hospital,Debit Card,,EMP008,0,No
S03216,5/29/2023,P01635,52,64.33,3345.16,Wholesale,Debit Card,,EMP012,5.19,No
S03217,8/27/2023,P01482,67,185.99,12461.33,Wholesale,Cash,,EMP023,12.9,No
S03218,10/13/2022,P00811,70,72.78,5094.6,Hospital,Credit Card,,EMP006,0,No
S03219,7/13/2023,P00634,37,94.81,3507.97,Retail,Insurance,RX-2907,EMP020,0,Yes
S03220,6/16/2023,P01672,27,93.06,2512.62,Online,Cash,,EMP015,15.08,No
S03221,12/4/2022,P01944,74,15.54,1149.96,Clinic,Cash,,EMP033,0,No
S03222,1/15/2023,P01162,60,93.42,5605.2,Clinic,Debit Card,,EMP003,8.44,No
S03223,10/20/2023,P00244,37,59.75,2210.75,Clinic,Debit Card,,EMP025,0,No
S03224,4/5/2023,P00264,18,102.51,1845.18,Hospital,Cash,,EMP026,0,No
S03225,7/27/2023,P00354,72,135.51,9756.72,Online,Cash,,EMP029,14.57,No
S03226,1/6/2023,P01002,46,13.11,603.06,Wholesale,Insurance,,EMP010,0,Yes
S03227,2/4/2023,P00221,11,6.83,75.13,Clinic,Credit Card,,EMP045,0,No
S03228,2/9/2023,P01707,48,125.83,6039.84,Clinic,Debit Card,,EMP003,12.41,No
S03229,8/10/2022,P00710,2,52.35,104.7,Clinic,Cash,,EMP027,0,No
S03230,11/9/2022,P00255,76,157.21,11947.96,Clinic,Credit Card,,EMP019,0,No
S03231,5/16/2023,P00106,19,77.97,1481.43,Retail,Debit Card,,EMP021,8.83,No
S03232,4/11/2023,P01092,90,103.22,9289.8,Online,Debit Card,,EMP018,0,No
S03233,5/1/2022,P00862,71,52.19,3705.49,Wholesale,Insurance,,EMP005,0,Yes
S03234,12/31/2023,P00884,58,71.08,4122.64,Clinic,Credit Card,,EMP049,0,No
S03235,7/1/2023,P00583,75,41.68,3126,Hospital,Insurance,,EMP006,0,Yes
S03236,8/7/2023,P01936,40,113.72,4548.8,Retail,Cash,RX-8197,EMP039,14.4,No
S03237,12/19/2023,P00487,73,183.34,13383.82,Hospital,Cash,,EMP041,0,No
S03238,2/17/2023,P00528,34,95.51,3247.34,Retail,Insurance,,EMP032,3.69,Yes
S03239,12/11/2022,P01187,11,111.29,1224.19,Online,Credit Card,,EMP024,0,No
S03240,7/29/2022,P01086,48,59.4,2851.2,Hospital,Insurance,,EMP048,0,Yes
S03241,7/28/2023,P00206,86,23,1978,Retail,Insurance,RX-5011,EMP017,0,Yes
S03242,1/3/2022,P01639,33,10.24,337.92,Clinic,Credit Card,,EMP034,0.94,No
S03243,7/18/2023,P01134,27,82.66,2231.82,Wholesale,Cash,,EMP037,0,No
S03244,8/22/2022,P00971,93,96.63,8986.59,Retail,Cash,RX-2289,EMP046,6.38,No
S03245,12/16/2022,P01379,56,42.63,2387.28,Retail,Credit Card,,EMP047,0,No
S03246,12/19/2023,P00995,44,127.73,5620.12,Hospital,Cash,,EMP005,0,No
S03247,5/12/2023,P00096,15,82.37,1235.55,Online,Debit Card,,EMP017,0,No
S03248,9/15/2022,P01502,66,203.2,13411.2,Online,Insurance,,EMP031,0,Yes
S03249,7/11/2022,P01413,73,18.79,1371.67,Hospital,Insurance,,EMP020,6.34,Yes
S03250,7/30/2023,P01514,80,129.67,10373.6,Retail,Credit Card,,EMP042,0,No
S03251,1/25/2022,P00543,35,89.81,3143.35,Clinic,Debit Card,,EMP030,13.52,No
S03252,5/22/2022,P00888,51,46.76,2384.76,Online,Cash,,EMP049,0,No
S03253,11/13/2022,P00806,48,111.07,5331.36,Retail,Insurance,RX-6861,EMP047,0,Yes
S03254,12/22/2022,P00961,77,152.37,11732.49,Retail,Insurance,,EMP007,17.12,Yes
S03255,3/3/2022,P00837,78,12.74,993.72,Wholesale,Insurance,,EMP028,5.02,Yes
S03256,2/4/2022,P01918,91,170.2,15488.2,Retail,Cash,RX-7945,EMP022,19.01,No
S03257,1/31/2023,P01780,87,43.84,3814.08,Wholesale,Credit Card,,EMP042,0,No
S03258,10/7/2022,P00319,80,149.01,11920.8,Clinic,Insurance,,EMP004,6.49,Yes
S03259,11/6/2023,P00972,57,22.52,1283.64,Wholesale,Cash,,EMP027,13.17,No
S03260,6/14/2023,P01646,41,42.03,1723.23,Hospital,Insurance,,EMP003,0,Yes
S03261,2/18/2023,P01001,74,131.55,9734.7,Clinic,Debit Card,,EMP006,0,No
S03262,7/28/2023,P01259,51,3.86,196.86,Wholesale,Insurance,,EMP030,13.46,Yes
S03263,2/24/2022,P00147,11,142.7,1569.7,Retail,Debit Card,RX-6837,EMP022,0,No
S03264,8/22/2022,P01933,31,52.94,1641.14,Retail,Debit Card,RX-7250,EMP005,17.34,No
S03265,2/1/2023,P00127,22,85.77,1886.94,Retail,Debit Card,RX-1971,EMP045,0,No
S03266,3/14/2022,P00012,66,14.24,939.84,Retail,Cash,RX-3254,EMP044,7.89,No
S03267,3/31/2023,P00435,58,8.59,498.22,Hospital,Insurance,,EMP024,0,Yes
S03268,10/23/2023,P00115,36,135.98,4895.28,Wholesale,Insurance,,EMP046,0,Yes
S03269,6/17/2022,P00052,27,170.85,4612.95,Retail,Insurance,RX-4562,EMP009,0,Yes
S03270,7/2/2022,P01053,33,147.93,4881.69,Retail,Cash,RX-7601,EMP040,6.97,No
S03271,11/9/2023,P01479,78,18.38,1433.64,Clinic,Insurance,,EMP014,0,Yes
S03272,8/11/2023,P00098,21,44.56,935.76,Online,Debit Card,,EMP015,0,No
S03273,11/23/2022,P01482,60,185.99,11159.4,Clinic,Insurance,,EMP003,0,Yes
S03274,7/30/2022,P01959,97,29.94,2904.18,Retail,Credit Card,,EMP007,0,No
S03275,11/1/2023,P01549,20,39.46,789.2,Online,Debit Card,,EMP047,19.07,No
S03276,1/17/2023,P00280,6,142.07,852.42,Online,Insurance,,EMP032,0,Yes
S03277,6/16/2023,P01082,90,72.52,6526.8,Online,Cash,,EMP038,11.13,No
S03278,6/10/2022,P01089,92,44.17,4063.64,Online,Credit Card,,EMP007,8.36,No
S03279,5/28/2023,P00815,36,56.6,2037.6,Wholesale,Debit Card,,EMP012,0,No
S03280,1/27/2022,P01638,24,154.22,3701.28,Retail,Cash,RX-4205,EMP008,0,No
S03281,11/22/2022,P01429,56,35.36,1980.16,Wholesale,Cash,,EMP032,16.62,No
S03282,1/19/2023,P01046,72,37.03,2666.16,Wholesale,Cash,,EMP043,0,No
S03283,7/25/2022,P00337,94,11.25,1057.5,Wholesale,Cash,,EMP038,0,No
S03284,8/15/2023,P01833,1,66.94,66.94,Wholesale,Debit Card,,EMP005,1.3,No
S03285,10/22/2023,P01073,72,117.6,8467.2,Wholesale,Credit Card,,EMP030,0,No
S03286,1/16/2022,P01991,74,85.03,6292.22,Clinic,Credit Card,,EMP048,0,No
S03287,5/14/2022,P01179,40,28.1,1124,Retail,Debit Card,RX-8763,EMP005,4.49,No
S03288,8/26/2023,P01233,18,139.63,2513.34,Clinic,Cash,,EMP019,0,No
S03289,4/2/2022,P00655,29,97.3,2821.7,Clinic,Cash,,EMP016,0,No
S03290,7/4/2023,P00068,21,26.69,560.49,Wholesale,Cash,,EMP009,0,No
S03291,5/21/2023,P00627,49,59.07,2894.43,Retail,Cash,,EMP033,0,No
S03292,7/25/2023,P01369,44,42.17,1855.48,Retail,Debit Card,RX-8013,EMP002,0,No
S03293,12/17/2023,P00347,13,136.26,1771.38,Clinic,Debit Card,,EMP028,0,No
S03294,5/17/2022,P01587,16,88.76,1420.16,Online,Credit Card,,EMP035,0,No
S03295,8/31/2023,P01822,42,55.79,2343.18,Retail,Insurance,RX-2661,EMP029,3.8,Yes
S03296,7/21/2023,P00331,93,227.35,21143.55,Retail,Cash,RX-5297,EMP039,0,No
S03297,6/16/2023,P01662,73,88.77,6480.21,Wholesale,Cash,,EMP001,0,No
S03298,5/18/2023,P01365,47,154.97,7283.59,Wholesale,Cash,,EMP039,16.57,No
S03299,8/3/2023,P00826,54,11.51,621.54,Retail,Debit Card,,EMP012,7.45,No
S03300,2/22/2022,P00943,59,226.14,13342.26,Retail,Cash,RX-1444,EMP025,0,No
S03301,6/1/2022,P00037,5,13.68,68.4,Hospital,Debit Card,,EMP041,0,No
S03302,3/22/2022,P00033,72,101.36,7297.92,Clinic,Debit Card,,EMP004,0,No
S03303,6/5/2022,P01821,59,55.28,3261.52,Retail,Debit Card,,EMP029,10.38,No
S03304,8/13/2022,P01060,76,201.92,15345.92,Wholesale,Credit Card,,EMP034,16.94,No
S03305,8/10/2022,P00624,14,227.95,3191.3,Online,Credit Card,,EMP039,0,No
S03306,8/1/2022,P00064,17,58.37,992.29,Hospital,Debit Card,,EMP043,0,No
S03307,9/1/2022,P01613,57,22.42,1277.94,Wholesale,Credit Card,,EMP014,0,No
S03308,12/7/2022,P01282,37,121.9,4510.3,Wholesale,Cash,,EMP032,0,No
S03309,7/25/2023,P01903,90,57.06,5135.4,Wholesale,Credit Card,,EMP007,0,No
S03310,6/30/2023,P01597,9,74.87,673.83,Online,Cash,,EMP049,5.49,No
S03311,11/15/2022,P01101,86,131.06,11271.16,Clinic,Credit Card,,EMP016,0,No
S03312,11/25/2023,P01505,83,109.43,9082.69,Clinic,Credit Card,,EMP048,0,No
S03313,2/28/2022,P01202,19,94.3,1791.7,Wholesale,Cash,,EMP002,9.12,No
S03314,11/30/2023,P01071,80,88.46,7076.8,Wholesale,Debit Card,,EMP022,0,No
S03315,12/27/2023,P00083,72,137.93,9930.96,Hospital,Credit Card,,EMP013,0,No
S03316,6/4/2022,P00911,91,113.56,10333.96,Online,Insurance,,EMP007,0,Yes
S03317,9/9/2022,P00748,88,5.82,512.16,Hospital,Insurance,,EMP015,0,Yes
S03318,10/29/2023,P01464,67,74.28,4976.76,Hospital,Debit Card,,EMP032,0,No
S03319,2/9/2023,P01451,17,105.83,1799.11,Hospital,Debit Card,,EMP038,0,No
S03320,3/15/2022,P00609,54,61.63,3328.02,Wholesale,Cash,,EMP002,0,No
S03321,10/7/2023,P01330,32,131,4192,Hospital,Insurance,,EMP027,0,Yes
S03322,1/6/2023,P01721,78,117.08,9132.24,Hospital,Debit Card,,EMP004,0,No
S03323,8/28/2022,P00090,77,11.29,869.33,Retail,Cash,RX-5181,EMP021,8.39,No
S03324,10/21/2022,P00835,42,65.1,2734.2,Retail,Credit Card,,EMP008,0,No
S03325,7/5/2023,P01772,8,41.88,335.04,Clinic,Credit Card,,EMP006,0,No
S03326,12/8/2023,P00190,99,153.09,15155.91,Retail,Insurance,,EMP019,0,Yes
S03327,7/3/2023,P01642,97,166.85,16184.45,Retail,Credit Card,RX-6115,EMP026,0,No
S03328,11/4/2022,P00403,36,146.78,5284.08,Online,Credit Card,,EMP027,0,No
S03329,7/30/2023,P01525,97,56.07,5438.79,Hospital,Insurance,,EMP014,9.09,Yes
S03330,8/1/2023,P00771,34,219.45,7461.3,Clinic,Credit Card,,EMP007,0,No
S03331,3/5/2022,P01456,93,13.95,1297.35,Online,Cash,,EMP001,0,No
S03332,12/10/2022,P01049,51,75.36,3843.36,Online,Cash,,EMP001,0.05,No
S03333,6/6/2022,P01993,82,97.17,7967.94,Clinic,Credit Card,,EMP040,0,No
S03334,12/31/2022,P00912,29,90.11,2613.19,Online,Insurance,,EMP011,0.22,Yes
S03335,6/8/2023,P01740,59,7.16,422.44,Clinic,Cash,,EMP020,0,No
S03336,1/4/2022,P01856,43,26.43,1136.49,Online,Cash,,EMP038,0,No
S03337,4/24/2023,P00562,23,58.08,1335.84,Hospital,Cash,,EMP001,0,No
S03338,2/12/2023,P01704,89,74.97,6672.33,Hospital,Cash,,EMP037,0,No
S03339,7/3/2023,P00507,93,133.09,12377.37,Retail,Credit Card,,EMP012,0,No
S03340,5/31/2022,P01081,29,97.67,2832.43,Hospital,Debit Card,,EMP025,0,No
S03341,8/15/2022,P00938,88,141.17,12422.96,Clinic,Insurance,,EMP038,0,Yes
S03342,11/20/2022,P01202,31,94.3,2923.3,Clinic,Debit Card,,EMP007,0,No
S03343,5/1/2023,P01984,25,57.54,1438.5,Wholesale,Debit Card,,EMP017,0,No
S03344,7/1/2022,P00134,68,203.69,13850.92,Retail,Insurance,RX-5996,EMP046,0,Yes
S03345,1/28/2023,P01534,21,44.8,940.8,Clinic,Cash,,EMP028,0,No
S03346,12/6/2022,P01777,70,5.68,397.6,Hospital,Cash,,EMP004,0,No
S03347,1/13/2022,P01356,54,64.33,3473.82,Hospital,Cash,,EMP009,0,No
S03348,10/29/2023,P01478,26,210.18,5464.68,Clinic,Credit Card,,EMP042,0,No
S03349,2/27/2023,P01809,69,162.2,11191.8,Wholesale,Debit Card,,EMP038,0,No
S03350,11/2/2023,P01422,37,142.28,5264.36,Retail,Cash,RX-4914,EMP030,0,No
S03351,3/2/2022,P01450,70,53.88,3771.6,Online,Cash,,EMP010,13.12,No
S03352,1/8/2023,P00792,52,60.33,3137.16,Hospital,Credit Card,,EMP033,8.04,No
S03353,10/14/2022,P00896,57,98.64,5622.48,Clinic,Credit Card,,EMP003,0,No
S03354,11/22/2023,P01276,65,158.8,10322,Online,Insurance,,EMP045,0,Yes
S03355,9/10/2023,P00640,19,30.09,571.71,Online,Debit Card,,EMP001,0,No
S03356,6/29/2022,P00020,12,84.7,1016.4,Online,Insurance,,EMP039,11.1,Yes
S03357,3/30/2022,P00624,9,227.95,2051.55,Retail,Insurance,,EMP032,0,Yes
S03358,7/3/2022,P01707,17,125.83,2139.11,Retail,Insurance,RX-2337,EMP015,0,Yes
S03359,3/18/2023,P01743,73,86.43,6309.39,Hospital,Credit Card,,EMP028,4.4,No
S03360,12/4/2023,P01780,62,43.84,2718.08,Hospital,Insurance,,EMP034,19.96,Yes
S03361,6/2/2022,P00513,9,94.49,850.41,Retail,Insurance,RX-7811,EMP046,0,Yes
S03362,3/17/2023,P00595,93,134.78,12534.54,Wholesale,Debit Card,,EMP004,18.61,No
S03363,4/26/2023,P00821,76,111.04,8439.04,Hospital,Cash,,EMP005,2.84,No
S03364,6/10/2022,P01192,17,89.74,1525.58,Clinic,Debit Card,,EMP036,0,No
S03365,10/4/2022,P01575,17,193.76,3293.92,Clinic,Debit Card,,EMP014,1.64,No
S03366,12/6/2023,P00858,8,7.52,60.16,Hospital,Cash,,EMP048,0,No
S03367,5/16/2022,P01013,54,220.38,11900.52,Wholesale,Cash,,EMP030,0,No
S03368,9/1/2023,P01724,73,175.45,12807.85,Online,Insurance,,EMP021,0,Yes
S03369,5/23/2023,P00483,54,114.41,6178.14,Hospital,Debit Card,,EMP034,15.11,No
S03370,9/7/2023,P01725,18,119.81,2156.58,Online,Debit Card,,EMP016,0,No
S03371,7/20/2023,P01740,11,7.16,78.76,Retail,Cash,,EMP026,7.09,No
S03372,3/13/2023,P01578,38,60.62,2303.56,Clinic,Credit Card,,EMP027,6.37,No
S03373,2/18/2022,P01507,53,75.26,3988.78,Hospital,Credit Card,,EMP012,14.47,No
S03374,10/25/2022,P00926,53,217.4,11522.2,Wholesale,Debit Card,,EMP025,0,No
S03375,10/29/2023,P00887,2,20.08,40.16,Online,Debit Card,,EMP018,0,No
S03376,2/12/2023,P00933,34,194.93,6627.62,Clinic,Insurance,,EMP006,0,Yes
S03377,9/10/2023,P01579,64,85.85,5494.4,Online,Credit Card,,EMP002,0,No
S03378,4/25/2022,P01891,95,78.78,7484.1,Clinic,Credit Card,,EMP013,3.75,No
S03379,9/24/2022,P01582,81,107.07,8672.67,Wholesale,Cash,,EMP010,0,No
S03380,9/25/2022,P01907,9,139.04,1251.36,Online,Credit Card,,EMP040,9.72,No
S03381,11/8/2023,P00453,59,88.28,5208.52,Hospital,Cash,,EMP010,0,No
S03382,8/19/2023,P00791,33,35.17,1160.61,Clinic,Debit Card,,EMP033,17.54,No
S03383,10/13/2023,P01250,95,68.43,6500.85,Wholesale,Cash,,EMP020,0,No
S03384,3/24/2023,P01642,96,166.85,16017.6,Online,Insurance,,EMP002,1.69,Yes
S03385,7/8/2022,P00260,51,61.06,3114.06,Clinic,Cash,,EMP017,19.73,No
S03386,8/15/2022,P00783,75,169.78,12733.5,Clinic,Insurance,,EMP044,0,Yes
S03387,4/9/2023,P01579,61,85.85,5236.85,Wholesale,Debit Card,,EMP039,0,No
S03388,11/19/2022,P00676,2,157.01,314.02,Wholesale,Insurance,,EMP049,9.41,Yes
S03389,3/29/2023,P00476,92,33.38,3070.96,Hospital,Insurance,,EMP042,0,Yes
S03390,9/8/2022,P01666,47,85.16,4002.52,Wholesale,Insurance,,EMP025,0,Yes
S03391,1/25/2022,P01299,49,125.96,6172.04,Wholesale,Insurance,,EMP020,15.14,Yes
S03392,4/30/2022,P00940,49,51.09,2503.41,Online,Cash,,EMP034,0,No
S03393,1/28/2022,P00939,14,137.58,1926.12,Wholesale,Cash,,EMP007,0,No
S03394,11/26/2023,P01787,69,18.34,1265.46,Retail,Insurance,RX-1324,EMP019,0,Yes
S03395,6/14/2022,P00071,77,130.14,10020.78,Hospital,Credit Card,,EMP017,0,No
S03396,6/29/2022,P00848,75,4.56,342,Online,Credit Card,,EMP015,7.19,No
S03397,6/25/2022,P00244,28,59.75,1673,Retail,Credit Card,,EMP025,7.19,No
S03398,4/18/2022,P01819,98,22.43,2198.14,Online,Cash,,EMP038,0,No
S03399,7/20/2022,P01077,78,189.28,14763.84,Hospital,Insurance,,EMP048,0,Yes
S03400,11/10/2023,P00931,4,130.99,523.96,Wholesale,Insurance,,EMP039,0,Yes
S03401,4/22/2022,P01318,74,124.11,9184.14,Clinic,Insurance,,EMP030,0,Yes
S03402,3/12/2023,P00511,9,166.77,1500.93,Wholesale,Credit Card,,EMP041,0,No
S03403,6/22/2022,P01716,72,185.83,13379.76,Wholesale,Credit Card,,EMP037,4.04,No
S03404,9/5/2022,P00805,64,60.19,3852.16,Clinic,Cash,,EMP010,0,No
S03405,10/26/2023,P01152,86,8.24,708.64,Clinic,Debit Card,,EMP011,3.93,No
S03406,9/13/2022,P00106,26,77.97,2027.22,Clinic,Debit Card,,EMP011,0,No
S03407,2/21/2022,P01033,11,73.84,812.24,Retail,Insurance,RX-3197,EMP041,0,Yes
S03408,11/24/2023,P00236,93,96.72,8994.96,Clinic,Insurance,,EMP022,0,Yes
S03409,12/30/2022,P01889,95,23.25,2208.75,Wholesale,Insurance,,EMP005,0,Yes
S03410,12/5/2023,P00974,4,72,288,Hospital,Credit Card,,EMP027,3.48,No
S03411,11/6/2023,P00336,4,128.74,514.96,Retail,Credit Card,,EMP036,0,No
S03412,7/25/2023,P01883,45,111.81,5031.45,Retail,Credit Card,,EMP019,0,No
S03413,7/14/2022,P00685,89,200.17,17815.13,Online,Debit Card,,EMP045,6.16,No
S03414,9/26/2022,P00576,95,8.22,780.9,Retail,Cash,RX-1963,EMP022,0,No
S03415,5/29/2023,P00626,55,151.98,8358.9,Hospital,Credit Card,,EMP019,0,No
S03416,7/2/2023,P01919,71,54.23,3850.33,Wholesale,Insurance,,EMP042,0,Yes
S03417,9/2/2022,P01968,14,100.17,1402.38,Hospital,Insurance,,EMP035,0,Yes
S03418,12/17/2022,P01335,41,26.99,1106.59,Hospital,Cash,,EMP023,0,No
S03419,5/24/2022,P01523,32,20.69,662.08,Wholesale,Credit Card,,EMP014,0,No
S03420,7/24/2022,P01773,68,62.3,4236.4,Online,Credit Card,,EMP041,0,No
S03421,1/21/2023,P01194,67,79.6,5333.2,Online,Debit Card,,EMP043,0.36,No
S03422,8/31/2022,P00645,2,221.7,443.4,Online,Debit Card,,EMP037,0,No
S03423,10/3/2023,P00444,38,40.22,1528.36,Hospital,Insurance,,EMP009,0,Yes
S03424,2/25/2022,P00612,48,51.04,2449.92,Online,Cash,,EMP022,14.09,No
S03425,5/6/2023,P01681,1,93.29,93.29,Hospital,Cash,,EMP026,0,No
S03426,12/2/2022,P00406,34,132.07,4490.38,Retail,Debit Card,RX-1708,EMP005,0,No
S03427,12/20/2023,P00562,61,58.08,3542.88,Online,Credit Card,,EMP020,6.45,No
S03428,4/25/2023,P00115,19,135.98,2583.62,Hospital,Debit Card,,EMP021,0,No
S03429,7/3/2022,P00502,64,28.23,1806.72,Clinic,Insurance,,EMP045,13.49,Yes
S03430,4/30/2023,P00363,12,147.82,1773.84,Clinic,Credit Card,,EMP027,11.33,No
S03431,10/3/2023,P00150,99,169.28,16758.72,Clinic,Credit Card,,EMP038,0,No
S03432,4/26/2023,P00645,13,221.7,2882.1,Online,Insurance,,EMP024,0,Yes
S03433,7/8/2022,P00959,9,113.34,1020.06,Clinic,Insurance,,EMP031,0,Yes
S03434,11/28/2023,P01425,13,132.4,1721.2,Clinic,Debit Card,,EMP028,0,No
S03435,8/30/2022,P01642,56,166.85,9343.6,Wholesale,Debit Card,,EMP020,0,No
S03436,8/8/2022,P01813,54,9.96,537.84,Clinic,Debit Card,,EMP009,17.67,No
S03437,4/22/2023,P01845,26,41.18,1070.68,Hospital,Debit Card,,EMP009,0,No
S03438,7/6/2022,P01793,55,215.15,11833.25,Online,Credit Card,,EMP043,0,No
S03439,12/29/2022,P01939,73,3.63,264.99,Retail,Debit Card,RX-6114,EMP021,0.97,No
S03440,11/2/2022,P00708,44,117.11,5152.84,Wholesale,Cash,,EMP004,3.09,No
S03441,7/23/2022,P00885,48,224.69,10785.12,Hospital,Credit Card,,EMP004,0,No
S03442,5/17/2022,P01560,28,99.33,2781.24,Retail,Insurance,RX-6222,EMP002,0,Yes
S03443,5/28/2023,P01088,55,39.97,2198.35,Retail,Cash,,EMP023,0,No
S03444,10/14/2022,P01970,72,203.19,14629.68,Clinic,Insurance,,EMP040,0,Yes
S03445,2/3/2022,P01624,44,85.73,3772.12,Clinic,Cash,,EMP017,0,No
S03446,4/13/2022,P01183,17,37.8,642.6,Retail,Insurance,,EMP034,0,Yes
S03447,5/8/2023,P01321,55,32.99,1814.45,Online,Cash,,EMP037,4.63,No
S03448,4/27/2022,P00397,82,5.05,414.1,Online,Insurance,,EMP033,0,Yes
S03449,12/25/2022,P01560,86,99.33,8542.38,Online,Insurance,,EMP045,0,Yes
S03450,6/21/2023,P00110,11,72.56,798.16,Hospital,Cash,,EMP010,0,No
S03451,6/29/2022,P01833,26,66.94,1740.44,Retail,Cash,,EMP012,0,No
S03452,4/17/2023,P01998,72,93.45,6728.4,Retail,Debit Card,RX-5496,EMP008,0,No
S03453,9/10/2022,P00214,69,28.69,1979.61,Hospital,Insurance,,EMP045,2.84,Yes
S03454,11/26/2022,P00833,41,118.48,4857.68,Hospital,Credit Card,,EMP006,0,No
S03455,7/14/2023,P01471,71,158.03,11220.13,Clinic,Credit Card,,EMP016,0,No
S03456,9/28/2023,P01266,16,10.58,169.28,Hospital,Debit Card,,EMP040,13.07,No
S03457,12/2/2023,P01138,9,198.92,1790.28,Online,Debit Card,,EMP029,0,No
S03458,7/15/2023,P00613,88,164.82,14504.16,Wholesale,Debit Card,,EMP018,0,No
S03459,12/3/2023,P01616,91,5.06,460.46,Retail,Debit Card,RX-7857,EMP045,0,No
S03460,5/3/2022,P01192,49,89.74,4397.26,Online,Debit Card,,EMP048,17.98,No
S03461,12/21/2023,P00871,11,105.62,1161.82,Retail,Insurance,RX-3952,EMP049,16.87,Yes
S03462,1/22/2022,P00378,14,14.66,205.24,Clinic,Insurance,,EMP014,11.4,Yes
S03463,7/27/2023,P01077,66,189.28,12492.48,Clinic,Insurance,,EMP032,5.01,Yes
S03464,1/21/2023,P01683,40,54.26,2170.4,Wholesale,Insurance,,EMP031,0,Yes
S03465,12/6/2023,P00717,42,151.85,6377.7,Wholesale,Cash,,EMP037,3.02,No
S03466,10/2/2023,P00308,13,125.01,1625.13,Online,Credit Card,,EMP036,0,No
S03467,4/17/2023,P01375,60,141.36,8481.6,Hospital,Cash,,EMP003,0,No
S03468,3/19/2023,P01424,50,34.36,1718,Retail,Debit Card,RX-3649,EMP028,0,No
S03469,2/14/2022,P00204,42,5.42,227.64,Clinic,Credit Card,,EMP046,0,No
S03470,10/26/2022,P00779,6,151.03,906.18,Hospital,Cash,,EMP022,0,No
S03471,5/15/2022,P00828,61,70.11,4276.71,Clinic,Cash,,EMP036,0,No
S03472,10/15/2023,P01892,35,152.58,5340.3,Wholesale,Debit Card,,EMP003,3.33,No
S03473,11/22/2022,P00932,83,60.27,5002.41,Retail,Credit Card,RX-3290,EMP018,0,No
S03474,5/9/2022,P01605,52,88.52,4603.04,Clinic,Insurance,,EMP007,5.75,Yes
S03475,12/21/2023,P00513,36,94.49,3401.64,Clinic,Credit Card,,EMP041,0,No
S03476,7/3/2022,P01203,85,149.74,12727.9,Clinic,Cash,,EMP021,9.31,No
S03477,6/9/2023,P01191,86,196.02,16857.72,Clinic,Cash,,EMP037,0,No
S03478,5/28/2023,P00297,53,91.57,4853.21,Wholesale,Cash,,EMP023,0,No
S03479,9/30/2022,P01359,43,29.09,1250.87,Clinic,Cash,,EMP023,17.75,No
S03480,11/13/2022,P00005,26,20.55,534.3,Hospital,Credit Card,,EMP035,1.65,No
S03481,3/17/2022,P00472,66,192.48,12703.68,Hospital,Cash,,EMP031,0,No
S03482,6/28/2022,P01226,21,26.21,550.41,Retail,Cash,RX-7047,EMP006,0,No
S03483,9/10/2023,P00473,93,88.06,8189.58,Clinic,Cash,,EMP041,0,No
S03484,9/1/2023,P00780,2,37.81,75.62,Clinic,Debit Card,,EMP046,19.72,No
S03485,2/17/2023,P00394,59,50.26,2965.34,Hospital,Credit Card,,EMP043,0,No
S03486,8/15/2023,P01594,9,102.68,924.12,Wholesale,Credit Card,,EMP025,0,No
S03487,10/19/2023,P00460,64,98.62,6311.68,Clinic,Insurance,,EMP018,11.93,Yes
S03488,11/13/2023,P00778,52,14.67,762.84,Retail,Credit Card,,EMP020,0,No
S03489,9/28/2023,P01538,82,115.64,9482.48,Hospital,Debit Card,,EMP041,0,No
S03490,5/18/2022,P01839,59,118.09,6967.31,Online,Insurance,,EMP041,1.12,Yes
S03491,1/8/2022,P01558,17,158.35,2691.95,Online,Credit Card,,EMP029,0,No
S03492,8/29/2022,P01666,67,85.16,5705.72,Online,Credit Card,,EMP002,0,No
S03493,1/28/2023,P00103,44,84.8,3731.2,Online,Debit Card,,EMP013,0,No
S03494,12/6/2023,P00744,46,59.16,2721.36,Wholesale,Cash,,EMP041,16.17,No
S03495,7/22/2022,P01981,69,144.91,9998.79,Retail,Cash,RX-5874,EMP016,0,No
S03496,8/18/2022,P00055,15,76.3,1144.5,Wholesale,Cash,,EMP030,0,No
S03497,9/28/2022,P00503,90,84.42,7597.8,Retail,Debit Card,RX-2908,EMP037,7.19,No
S03498,10/8/2022,P00969,6,42.86,257.16,Hospital,Cash,,EMP040,5.94,No
S03499,6/30/2023,P00747,81,63.07,5108.67,Online,Cash,,EMP010,0,No
S03500,2/14/2023,P00951,61,46.39,2829.79,Clinic,Cash,,EMP027,11.44,No
S03501,5/8/2022,P00668,70,36.78,2574.6,Retail,Debit Card,RX-4212,EMP021,0,No
S03502,1/8/2022,P01093,81,146.92,11900.52,Hospital,Cash,,EMP046,3.22,No
S03503,1/16/2023,P00735,62,68.81,4266.22,Clinic,Insurance,,EMP038,0,Yes
S03504,8/5/2023,P01765,61,228.66,13948.26,Clinic,Cash,,EMP032,0,No
S03505,7/14/2022,P01216,17,88.91,1511.47,Retail,Insurance,RX-4433,EMP032,0,Yes
S03506,11/5/2023,P01384,96,54.41,5223.36,Online,Insurance,,EMP005,1.32,Yes
S03507,9/29/2023,P01276,46,158.8,7304.8,Retail,Credit Card,,EMP007,0,No
S03508,12/27/2023,P01872,36,43.11,1551.96,Online,Cash,,EMP025,0,No
S03509,12/25/2022,P00867,66,135.3,8929.8,Wholesale,Insurance,,EMP040,0,Yes
S03510,9/22/2023,P00864,98,101.66,9962.68,Wholesale,Cash,,EMP020,0,No
S03511,5/8/2023,P00449,7,40.53,283.71,Wholesale,Credit Card,,EMP030,5.98,No
S03512,10/29/2022,P01169,12,52.18,626.16,Hospital,Cash,,EMP003,6.58,No
S03513,3/29/2023,P01090,88,132.75,11682,Wholesale,Cash,,EMP043,0,No
S03514,1/22/2022,P01275,88,16.73,1472.24,Retail,Debit Card,,EMP031,0,No
S03515,5/22/2023,P00352,82,66.44,5448.08,Hospital,Insurance,,EMP016,0,Yes
S03516,3/30/2022,P01692,35,45.34,1586.9,Wholesale,Debit Card,,EMP044,0,No
S03517,6/13/2023,P01094,48,29.11,1397.28,Wholesale,Credit Card,,EMP010,9.96,No
S03518,10/28/2022,P00827,37,149.45,5529.65,Online,Debit Card,,EMP006,7.93,No
S03519,7/29/2022,P01152,51,8.24,420.24,Retail,Credit Card,RX-6905,EMP038,0,No
S03520,7/1/2023,P01220,36,144.35,5196.6,Clinic,Cash,,EMP012,0,No
S03521,9/25/2022,P01359,28,29.09,814.52,Clinic,Insurance,,EMP004,18.84,Yes
S03522,10/16/2023,P00227,90,101.92,9172.8,Clinic,Insurance,,EMP034,13.14,Yes
S03523,1/17/2022,P01010,66,59.36,3917.76,Retail,Debit Card,,EMP030,0,No
S03524,3/1/2022,P00580,33,198.83,6561.39,Clinic,Credit Card,,EMP029,0,No
S03525,7/5/2023,P00100,64,161.65,10345.6,Hospital,Credit Card,,EMP006,15.74,No
S03526,7/5/2023,P01519,49,20.71,1014.79,Retail,Debit Card,RX-8694,EMP003,0,No
S03527,5/28/2023,P00937,70,77.76,5443.2,Wholesale,Cash,,EMP045,0,No
S03528,7/11/2022,P01341,41,194.85,7988.85,Wholesale,Insurance,,EMP030,3.79,Yes
S03529,7/20/2022,P01926,86,15.36,1320.96,Wholesale,Insurance,,EMP025,0,Yes
S03530,4/11/2022,P00724,94,98,9212,Online,Insurance,,EMP007,11.39,Yes
S03531,10/13/2023,P01376,2,100.82,201.64,Online,Credit Card,,EMP047,0,No
S03532,10/15/2022,P01572,7,53.94,377.58,Clinic,Insurance,,EMP035,0,Yes
S03533,5/30/2022,P00649,47,72.3,3398.1,Clinic,Cash,,EMP037,0,No
S03534,7/28/2022,P00030,9,41.89,377.01,Retail,Cash,,EMP010,0,No
S03535,10/2/2022,P01697,96,101.32,9726.72,Online,Insurance,,EMP033,0,Yes
S03536,10/10/2023,P01380,53,125.79,6666.87,Hospital,Cash,,EMP005,7.68,No
S03537,4/1/2023,P00514,22,82.27,1809.94,Wholesale,Credit Card,,EMP045,15.82,No
S03538,8/29/2023,P01124,58,138.68,8043.44,Wholesale,Debit Card,,EMP029,13.68,No
S03539,10/21/2022,P01549,82,39.46,3235.72,Online,Cash,,EMP043,0,No
S03540,3/10/2022,P00066,64,74.9,4793.6,Retail,Cash,,EMP045,0,No
S03541,5/2/2022,P00550,95,161.8,15371,Hospital,Credit Card,,EMP038,0,No
S03542,5/10/2023,P00686,46,20.03,921.38,Retail,Cash,,EMP012,0,No
S03543,12/22/2022,P00210,48,97.3,4670.4,Clinic,Insurance,,EMP033,0,Yes
S03544,6/26/2022,P01665,15,110.17,1652.55,Clinic,Insurance,,EMP004,2.82,Yes
S03545,8/22/2022,P00932,52,60.27,3134.04,Clinic,Credit Card,,EMP024,0,No
S03546,7/15/2022,P00898,54,151.31,8170.74,Retail,Debit Card,RX-4454,EMP013,0,No
S03547,11/7/2023,P00327,22,118.45,2605.9,Online,Credit Card,,EMP013,0,No
S03548,11/10/2022,P01830,97,87.07,8445.79,Retail,Credit Card,,EMP018,0,No
S03549,1/13/2022,P01490,20,175.76,3515.2,Hospital,Credit Card,,EMP039,0,No
S03550,7/3/2023,P00710,91,52.35,4763.85,Hospital,Credit Card,,EMP032,0,No
S03551,10/28/2023,P01762,42,76.66,3219.72,Hospital,Debit Card,,EMP039,0,No
S03552,4/8/2023,P00998,95,188.12,17871.4,Wholesale,Credit Card,,EMP046,0,No
S03553,9/24/2022,P01900,47,81.8,3844.6,Retail,Insurance,,EMP001,6.69,Yes
S03554,1/24/2023,P01065,53,27.58,1461.74,Hospital,Cash,,EMP038,0,No
S03555,12/15/2022,P01334,87,84.08,7314.96,Hospital,Insurance,,EMP021,0,Yes
S03556,12/12/2023,P01201,75,32.37,2427.75,Clinic,Debit Card,,EMP004,10.86,No
S03557,6/10/2022,P01521,83,109.52,9090.16,Retail,Credit Card,RX-9051,EMP025,0,No
S03558,4/11/2023,P00784,51,83.75,4271.25,Hospital,Debit Card,,EMP007,0,No
S03559,2/2/2022,P00547,93,72.37,6730.41,Online,Credit Card,,EMP034,0,No
S03560,1/28/2023,P01712,63,71.24,4488.12,Hospital,Insurance,,EMP039,0,Yes
S03561,8/17/2023,P00665,9,27.17,244.53,Clinic,Credit Card,,EMP045,0,No
S03562,11/23/2022,P01531,84,112.27,9430.68,Online,Credit Card,,EMP032,0,No
S03563,9/10/2023,P00906,55,19.42,1068.1,Retail,Cash,,EMP003,0.07,No
S03564,5/7/2022,P00884,99,71.08,7036.92,Hospital,Debit Card,,EMP031,0,No
S03565,7/5/2023,P01501,48,71.7,3441.6,Clinic,Cash,,EMP043,0,No
S03566,9/17/2022,P01629,10,50.21,502.1,Online,Credit Card,,EMP047,0,No
S03567,11/28/2022,P01665,86,110.17,9474.62,Wholesale,Cash,,EMP026,18.11,No
S03568,8/11/2023,P00356,45,166.12,7475.4,Hospital,Cash,,EMP046,13.91,No
S03569,2/22/2023,P01476,35,129.54,4533.9,Retail,Debit Card,,EMP038,0,No
S03570,3/14/2022,P01274,12,16.97,203.64,Online,Credit Card,,EMP028,0,No
S03571,4/30/2023,P00537,61,181.11,11047.71,Wholesale,Cash,,EMP009,0,No
S03572,9/19/2022,P00386,60,124.33,7459.8,Retail,Cash,RX-2935,EMP019,8.35,No
S03573,10/28/2022,P00547,50,72.37,3618.5,Hospital,Credit Card,,EMP012,0,No
S03574,11/6/2022,P01511,91,19.16,1743.56,Retail,Credit Card,,EMP018,1.03,No
S03575,2/17/2022,P00338,83,93.52,7762.16,Clinic,Credit Card,,EMP024,6.82,No
S03576,7/14/2023,P00177,98,113.39,11112.22,Clinic,Insurance,,EMP029,0,Yes
S03577,11/12/2022,P00737,71,28.52,2024.92,Online,Credit Card,,EMP042,0,No
S03578,8/15/2022,P01733,77,59.07,4548.39,Hospital,Debit Card,,EMP004,0,No
S03579,4/21/2023,P01689,4,144.18,576.72,Hospital,Debit Card,,EMP033,0,No
S03580,9/21/2023,P00615,63,218.47,13763.61,Clinic,Debit Card,,EMP044,0,No
S03581,8/28/2022,P00310,18,96.8,1742.4,Clinic,Cash,,EMP024,0,No
S03582,6/27/2023,P00951,88,46.39,4082.32,Hospital,Insurance,,EMP010,16.86,Yes
S03583,4/29/2023,P01198,77,89.35,6879.95,Wholesale,Insurance,,EMP026,0,Yes
S03584,4/19/2022,P00361,56,118.03,6609.68,Wholesale,Insurance,,EMP002,0,Yes
S03585,6/22/2023,P00393,4,110.8,443.2,Clinic,Debit Card,,EMP039,0,No
S03586,2/8/2023,P00203,17,80.73,1372.41,Hospital,Credit Card,,EMP027,0,No
S03587,6/15/2022,P01905,14,155.79,2181.06,Clinic,Insurance,,EMP009,5.1,Yes
S03588,10/16/2022,P01357,52,140.22,7291.44,Hospital,Insurance,,EMP037,0,Yes
S03589,7/27/2023,P01432,90,111.4,10026,Retail,Insurance,RX-8548,EMP033,0,Yes
S03590,1/17/2022,P01237,5,172.67,863.35,Wholesale,Credit Card,,EMP044,0,No
S03591,2/15/2023,P00759,96,26.89,2581.44,Wholesale,Debit Card,,EMP018,0,No
S03592,10/22/2022,P00073,12,53.84,646.08,Retail,Debit Card,RX-3768,EMP026,14.66,No
S03593,11/9/2022,P01387,4,92.55,370.2,Online,Debit Card,,EMP026,0,No
S03594,11/9/2023,P01659,72,190.17,13692.24,Retail,Credit Card,,EMP038,0,No
S03595,6/12/2023,P00414,42,113.92,4784.64,Retail,Cash,,EMP008,14.71,No
S03596,6/14/2022,P01603,40,116.57,4662.8,Retail,Credit Card,,EMP049,17.16,No
S03597,9/2/2023,P00474,34,152.02,5168.68,Online,Credit Card,,EMP017,0,No
S03598,5/16/2023,P00648,82,100.45,8236.9,Online,Credit Card,,EMP016,8.05,No
S03599,8/10/2023,P01929,4,89.05,356.2,Retail,Debit Card,RX-5369,EMP036,0,No
S03600,6/16/2023,P01572,11,53.94,593.34,Retail,Insurance,,EMP012,0,Yes
S03601,7/27/2022,P00445,56,213.9,11978.4,Online,Cash,,EMP048,5.78,No
S03602,4/26/2023,P01891,56,78.78,4411.68,Hospital,Cash,,EMP017,14.78,No
S03603,2/21/2022,P00852,6,56.55,339.3,Hospital,Insurance,,EMP002,0,Yes
S03604,2/6/2022,P00554,1,99.16,99.16,Hospital,Credit Card,,EMP035,0,No
S03605,6/6/2023,P00090,45,11.29,508.05,Retail,Credit Card,RX-4974,EMP010,16.2,No
S03606,1/4/2023,P01177,65,102.33,6651.45,Clinic,Insurance,,EMP045,0,Yes
S03607,6/5/2023,P00137,57,148.26,8450.82,Hospital,Debit Card,,EMP014,4.35,No
S03608,1/18/2022,P01291,23,35.34,812.82,Clinic,Cash,,EMP010,0,No
S03609,11/4/2022,P01962,44,54.67,2405.48,Clinic,Cash,,EMP041,0,No
S03610,9/10/2023,P00835,39,65.1,2538.9,Online,Credit Card,,EMP004,1.43,No
S03611,6/22/2022,P00816,99,30.72,3041.28,Online,Debit Card,,EMP016,16.12,No
S03612,9/20/2022,P00273,56,8.06,451.36,Wholesale,Credit Card,,EMP017,0,No
S03613,12/22/2023,P01810,92,14.63,1345.96,Online,Credit Card,,EMP042,0,No
S03614,12/12/2022,P00494,30,37.22,1116.6,Retail,Insurance,RX-9258,EMP015,4.83,Yes
S03615,12/18/2023,P00996,57,32.8,1869.6,Online,Cash,,EMP039,0,No
S03616,10/21/2023,P01672,4,93.06,372.24,Online,Insurance,,EMP003,0,Yes
S03617,4/4/2023,P01167,77,129.78,9993.06,Wholesale,Credit Card,,EMP047,0,No
S03618,3/15/2022,P00704,9,21.69,195.21,Wholesale,Debit Card,,EMP015,0,No
S03619,2/21/2022,P01626,36,67.99,2447.64,Retail,Cash,RX-3305,EMP033,0,No
S03620,6/2/2023,P00475,42,42.61,1789.62,Retail,Debit Card,RX-5148,EMP040,0,No
S03621,8/1/2022,P00036,17,182.9,3109.3,Wholesale,Credit Card,,EMP014,0,No
S03622,12/12/2022,P00539,36,146.43,5271.48,Clinic,Cash,,EMP025,0,No
S03623,11/26/2023,P00012,73,14.24,1039.52,Retail,Cash,,EMP017,1.48,No
S03624,4/19/2022,P01992,33,141.04,4654.32,Online,Cash,,EMP014,0,No
S03625,9/22/2023,P01748,40,29.92,1196.8,Clinic,Credit Card,,EMP017,0,No
S03626,12/27/2023,P00428,73,22.29,1627.17,Online,Debit Card,,EMP018,0,No
S03627,8/11/2022,P00371,67,81.11,5434.37,Retail,Credit Card,,EMP022,0,No
S03628,10/17/2022,P00170,18,215.87,3885.66,Wholesale,Insurance,,EMP016,8.69,Yes
S03629,7/30/2023,P00004,69,28.19,1945.11,Clinic,Insurance,,EMP033,0,Yes
S03630,5/29/2023,P00065,91,135.3,12312.3,Online,Insurance,,EMP015,0,Yes
S03631,11/28/2022,P00420,37,106.03,3923.11,Wholesale,Cash,,EMP010,0,No
S03632,2/22/2022,P01785,16,92.35,1477.6,Retail,Debit Card,RX-5779,EMP002,0,No
S03633,2/15/2022,P00742,9,26.12,235.08,Online,Debit Card,,EMP029,10.95,No
S03634,10/28/2022,P00946,47,174.22,8188.34,Wholesale,Insurance,,EMP014,12.39,Yes
S03635,3/24/2022,P01434,82,94.32,7734.24,Online,Debit Card,,EMP020,3.21,No
S03636,11/13/2023,P01985,11,118.91,1308.01,Hospital,Cash,,EMP045,2.25,No
S03637,1/10/2023,P00602,95,139.59,13261.05,Online,Cash,,EMP028,0,No
S03638,10/27/2022,P00559,44,195.29,8592.76,Hospital,Debit Card,,EMP033,0,No
S03639,7/20/2023,P01779,7,117.11,819.77,Hospital,Debit Card,,EMP017,0,No
S03640,11/18/2023,P00144,56,134.87,7552.72,Clinic,Cash,,EMP016,0,No
S03641,12/5/2023,P01537,39,34.47,1344.33,Online,Cash,,EMP030,0,No
S03642,2/26/2023,P01676,41,102.63,4207.83,Clinic,Credit Card,,EMP006,0,No
S03643,7/19/2023,P01589,79,182.61,14426.19,Hospital,Cash,,EMP035,0,No
S03644,6/14/2022,P00095,85,57.47,4884.95,Online,Debit Card,,EMP041,0,No
S03645,10/7/2023,P00207,57,187.1,10664.7,Hospital,Insurance,,EMP039,0,Yes
S03646,12/10/2022,P00951,35,46.39,1623.65,Hospital,Insurance,,EMP020,0,Yes
S03647,4/5/2023,P00329,55,80.24,4413.2,Retail,Credit Card,,EMP026,0,No
S03648,10/25/2023,P00344,56,198.84,11135.04,Online,Debit Card,,EMP008,0,No
S03649,6/28/2022,P01420,65,50.21,3263.65,Retail,Insurance,,EMP002,0,Yes
S03650,4/16/2022,P00530,5,145,725,Hospital,Insurance,,EMP001,0,Yes
S03651,5/20/2023,P00005,57,20.55,1171.35,Hospital,Credit Card,,EMP002,0,No
S03652,8/27/2023,P01677,79,15.91,1256.89,Hospital,Debit Card,,EMP023,0,No
S03653,7/14/2022,P00187,8,185.09,1480.72,Online,Insurance,,EMP036,0,Yes
S03654,1/23/2022,P00642,1,43.6,43.6,Online,Debit Card,,EMP031,8.67,No
S03655,3/27/2022,P01705,46,109.89,5054.94,Retail,Credit Card,RX-1543,EMP042,0,No
S03656,11/1/2023,P01677,67,15.91,1065.97,Online,Credit Card,,EMP042,0,No
S03657,9/15/2023,P01050,73,86.5,6314.5,Wholesale,Insurance,,EMP049,15.54,Yes
S03658,12/23/2022,P01255,71,3.16,224.36,Clinic,Debit Card,,EMP035,0,No
S03659,7/5/2023,P01531,84,112.27,9430.68,Retail,Insurance,RX-1119,EMP032,0,Yes
S03660,12/8/2022,P00290,76,21.96,1668.96,Wholesale,Cash,,EMP033,0,No
S03661,11/8/2023,P00582,8,24.29,194.32,Clinic,Debit Card,,EMP031,6.36,No
S03662,6/30/2023,P01607,19,115.08,2186.52,Online,Cash,,EMP002,3.37,No
S03663,2/20/2022,P00622,71,199.34,14153.14,Hospital,Credit Card,,EMP045,0,No
S03664,1/16/2022,P01190,97,74.68,7243.96,Retail,Insurance,RX-1688,EMP018,17.74,Yes
S03665,9/21/2023,P01046,11,37.03,407.33,Retail,Insurance,RX-8652,EMP023,8.17,Yes
S03666,7/15/2022,P00209,60,22.25,1335,Online,Cash,,EMP015,4.82,No
S03667,3/26/2022,P01650,47,79.95,3757.65,Clinic,Cash,,EMP022,0,No
S03668,3/19/2022,P00082,28,190.5,5334,Online,Credit Card,,EMP008,0,No
S03669,2/20/2022,P01421,92,41.06,3777.52,Clinic,Cash,,EMP010,10.82,No
S03670,4/7/2023,P00309,27,27.09,731.43,Online,Insurance,,EMP005,0.31,Yes
S03671,5/19/2022,P00752,53,101.79,5394.87,Online,Credit Card,,EMP041,0,No
S03672,6/14/2022,P01882,77,26.71,2056.67,Online,Debit Card,,EMP015,0,No
S03673,7/16/2022,P01239,53,222.24,11778.72,Wholesale,Insurance,,EMP014,0,Yes
S03674,7/2/2023,P00187,96,185.09,17768.64,Hospital,Cash,,EMP045,0,No
S03675,1/5/2022,P00767,12,13.06,156.72,Online,Insurance,,EMP007,0,Yes
S03676,6/6/2023,P00726,6,4.17,25.02,Wholesale,Insurance,,EMP002,0,Yes
S03677,10/15/2023,P00252,4,7.12,28.48,Online,Debit Card,,EMP039,0,No
S03678,1/3/2022,P00043,89,127.26,11326.14,Retail,Credit Card,,EMP009,0,No
S03679,4/18/2022,P01711,46,160.5,7383,Retail,Debit Card,RX-8387,EMP047,5.03,No
S03680,5/14/2022,P00684,92,68.22,6276.24,Hospital,Debit Card,,EMP039,0,No
S03681,10/11/2023,P00543,93,89.81,8352.33,Clinic,Credit Card,,EMP005,0,No
S03682,6/19/2022,P01743,23,86.43,1987.89,Hospital,Debit Card,,EMP022,0,No
S03683,8/30/2022,P01614,21,27.6,579.6,Clinic,Insurance,,EMP045,0,Yes
S03684,3/10/2022,P00467,90,100.36,9032.4,Online,Insurance,,EMP032,12.32,Yes
S03685,6/19/2022,P01047,45,76.68,3450.6,Online,Credit Card,,EMP035,0,No
S03686,8/11/2022,P00516,55,201.66,11091.3,Retail,Credit Card,,EMP031,9.1,No
S03687,1/29/2022,P01216,75,88.91,6668.25,Wholesale,Credit Card,,EMP013,0,No
S03688,11/1/2022,P01862,53,70.5,3736.5,Wholesale,Insurance,,EMP002,0,Yes
S03689,10/5/2022,P01951,31,89.4,2771.4,Hospital,Credit Card,,EMP026,18.24,No
S03690,6/10/2023,P00779,36,151.03,5437.08,Online,Insurance,,EMP027,4.36,Yes
S03691,2/21/2023,P00735,89,68.81,6124.09,Hospital,Credit Card,,EMP012,0,No
S03692,9/1/2022,P00065,26,135.3,3517.8,Online,Insurance,,EMP041,0,Yes
S03693,9/10/2022,P01739,85,134.95,11470.75,Hospital,Credit Card,,EMP029,0,No
S03694,6/7/2023,P01006,17,68.16,1158.72,Hospital,Credit Card,,EMP019,14.3,No
S03695,9/22/2022,P01960,28,17.88,500.64,Clinic,Debit Card,,EMP005,0,No
S03696,1/14/2022,P01892,74,152.58,11290.92,Hospital,Insurance,,EMP003,0,Yes
S03697,8/20/2022,P00723,78,58.56,4567.68,Wholesale,Debit Card,,EMP002,7.14,No
S03698,6/17/2023,P01673,31,39.27,1217.37,Clinic,Insurance,,EMP045,0,Yes
S03699,7/2/2022,P01569,76,44.4,3374.4,Clinic,Debit Card,,EMP008,0,No
S03700,10/22/2023,P00935,70,71.5,5005,Retail,Cash,,EMP038,0,No
S03701,5/26/2022,P00305,22,102.94,2264.68,Clinic,Debit Card,,EMP002,0,No
S03702,8/26/2022,P00494,36,37.22,1339.92,Online,Insurance,,EMP025,7.29,Yes
S03703,9/19/2022,P00331,49,227.35,11140.15,Online,Credit Card,,EMP048,3.77,No
S03704,10/25/2022,P01065,11,27.58,303.38,Hospital,Debit Card,,EMP017,19.25,No
S03705,5/4/2023,P00465,48,18.52,888.96,Clinic,Credit Card,,EMP023,0,No
S03706,6/5/2023,P00445,54,213.9,11550.6,Hospital,Insurance,,EMP035,0,Yes
S03707,4/27/2023,P00572,70,81.88,5731.6,Wholesale,Insurance,,EMP025,0,Yes
S03708,9/12/2023,P00780,31,37.81,1172.11,Online,Cash,,EMP021,0,No
S03709,9/28/2022,P01267,13,104.43,1357.59,Online,Cash,,EMP020,0,No
S03710,6/8/2023,P00568,68,25.72,1748.96,Wholesale,Credit Card,,EMP028,15.05,No
S03711,3/11/2023,P00143,41,33.2,1361.2,Retail,Insurance,,EMP023,0,Yes
S03712,9/17/2023,P01275,49,16.73,819.77,Clinic,Insurance,,EMP025,0,Yes
S03713,4/24/2022,P00393,57,110.8,6315.6,Online,Debit Card,,EMP040,0,No
S03714,11/8/2023,P00539,92,146.43,13471.56,Retail,Insurance,RX-8396,EMP018,0,Yes
S03715,5/20/2022,P01333,59,120.81,7127.79,Clinic,Debit Card,,EMP026,0,No
S03716,2/19/2023,P01471,36,158.03,5689.08,Retail,Debit Card,RX-7359,EMP037,0,No
S03717,8/2/2023,P01086,2,59.4,118.8,Hospital,Credit Card,,EMP016,0,No
S03718,5/14/2023,P01016,63,111.06,6996.78,Hospital,Credit Card,,EMP029,0,No
S03719,6/17/2022,P00567,19,127.5,2422.5,Retail,Insurance,RX-3816,EMP030,13.49,Yes
S03720,8/20/2023,P00686,55,20.03,1101.65,Online,Insurance,,EMP048,0.63,Yes
S03721,1/16/2022,P01210,89,157.53,14020.17,Wholesale,Credit Card,,EMP018,0,No
S03722,12/7/2022,P00835,91,65.1,5924.1,Online,Credit Card,,EMP007,0,No
S03723,1/14/2022,P01895,92,121.31,11160.52,Retail,Insurance,RX-3983,EMP047,0,Yes
S03724,5/18/2022,P00292,87,85.33,7423.71,Clinic,Credit Card,,EMP032,0,No
S03725,11/12/2022,P00223,4,103.7,414.8,Retail,Credit Card,,EMP002,0,No
S03726,12/22/2022,P01714,2,144.64,289.28,Hospital,Cash,,EMP019,0,No
S03727,11/10/2023,P00561,65,159.81,10387.65,Wholesale,Debit Card,,EMP034,0,No
S03728,4/25/2022,P00756,77,100.43,7733.11,Clinic,Credit Card,,EMP001,0,No
S03729,4/1/2022,P01710,58,140.13,8127.54,Hospital,Insurance,,EMP004,0,Yes
S03730,5/8/2022,P00128,46,67.29,3095.34,Retail,Cash,,EMP031,0,No
S03731,8/17/2023,P00598,72,41.78,3008.16,Hospital,Credit Card,,EMP005,0,No
S03732,7/2/2023,P00938,21,141.17,2964.57,Online,Debit Card,,EMP043,0,No
S03733,4/27/2022,P00305,29,102.94,2985.26,Hospital,Debit Card,,EMP045,0,No
S03734,9/28/2023,P01076,48,197.42,9476.16,Retail,Cash,RX-7801,EMP008,0,No
S03735,3/24/2023,P00177,61,113.39,6916.79,Wholesale,Cash,,EMP014,4.97,No
S03736,6/19/2022,P01249,98,105,10290,Wholesale,Insurance,,EMP021,7.93,Yes
S03737,1/10/2022,P00421,40,44.12,1764.8,Wholesale,Debit Card,,EMP019,0,No
S03738,12/3/2022,P00987,67,93.05,6234.35,Wholesale,Cash,,EMP035,0,No
S03739,6/16/2023,P00167,77,148.86,11462.22,Wholesale,Debit Card,,EMP027,0,No
S03740,2/1/2023,P00484,58,199.34,11561.72,Wholesale,Insurance,,EMP004,0,Yes
S03741,10/18/2023,P01744,84,196.38,16495.92,Wholesale,Credit Card,,EMP010,0,No
S03742,9/13/2022,P01567,17,31.37,533.29,Online,Debit Card,,EMP016,0,No
S03743,7/4/2023,P00570,8,96.73,773.84,Hospital,Credit Card,,EMP001,0,No
S03744,10/29/2023,P01593,71,42.3,3003.3,Online,Cash,,EMP015,15.34,No
S03745,1/29/2023,P01504,11,153.23,1685.53,Clinic,Debit Card,,EMP038,0,No
S03746,7/3/2022,P00210,69,97.3,6713.7,Clinic,Insurance,,EMP035,0,Yes
S03747,10/6/2023,P00121,29,97.82,2836.78,Wholesale,Credit Card,,EMP042,15.24,No
S03748,7/15/2023,P00674,5,102.63,513.15,Clinic,Insurance,,EMP029,0,Yes
S03749,8/2/2023,P01120,28,56.61,1585.08,Clinic,Credit Card,,EMP010,7.85,No
S03750,4/21/2023,P01847,65,61.27,3982.55,Online,Debit Card,,EMP031,12.52,No
S03751,5/21/2023,P01774,82,70.87,5811.34,Hospital,Insurance,,EMP013,0,Yes
S03752,2/21/2023,P00529,18,95.24,1714.32,Retail,Debit Card,,EMP037,0,No
S03753,4/9/2022,P00107,92,48.96,4504.32,Retail,Debit Card,RX-1238,EMP040,0,No
S03754,12/10/2022,P00414,94,113.92,10708.48,Clinic,Credit Card,,EMP009,0,No
S03755,2/19/2022,P00187,93,185.09,17213.37,Clinic,Credit Card,,EMP020,0,No
S03756,7/12/2022,P01924,5,86.56,432.8,Hospital,Debit Card,,EMP001,0,No
S03757,1/7/2022,P00727,67,63.78,4273.26,Clinic,Credit Card,,EMP031,0,No
S03758,6/18/2022,P00933,33,194.93,6432.69,Retail,Cash,RX-3422,EMP037,0,No
S03759,12/13/2022,P00567,78,127.5,9945,Online,Credit Card,,EMP023,0,No
S03760,2/18/2022,P01373,90,102.07,9186.3,Online,Cash,,EMP015,0.61,No
S03761,9/10/2022,P00611,2,176.35,352.7,Clinic,Cash,,EMP028,4.85,No
S03762,11/7/2023,P00660,89,143.3,12753.7,Retail,Insurance,RX-7653,EMP019,0,Yes
S03763,10/13/2023,P01557,59,97.33,5742.47,Retail,Cash,RX-8399,EMP039,5.86,No
S03764,4/29/2023,P01336,5,27.52,137.6,Online,Cash,,EMP047,12.36,No
S03765,8/7/2023,P00413,51,230.55,11758.05,Hospital,Debit Card,,EMP024,0,No
S03766,5/1/2023,P00862,72,52.19,3757.68,Hospital,Credit Card,,EMP020,0,No
S03767,5/30/2022,P01001,53,131.55,6972.15,Clinic,Debit Card,,EMP011,0,No
S03768,2/1/2023,P00351,95,137.27,13040.65,Hospital,Insurance,,EMP014,0,Yes
S03769,6/19/2023,P00767,70,13.06,914.2,Clinic,Insurance,,EMP040,1.64,Yes
S03770,4/17/2023,P00039,13,45.91,596.83,Wholesale,Cash,,EMP016,0,No
S03771,5/8/2023,P00219,29,111.05,3220.45,Wholesale,Credit Card,,EMP042,0,No
S03772,8/19/2022,P00375,97,153.78,14916.66,Retail,Credit Card,RX-4952,EMP027,0,No
S03773,7/19/2023,P01229,53,86.72,4596.16,Retail,Cash,RX-4480,EMP004,0,No
S03774,5/7/2022,P00075,9,140.25,1262.25,Online,Credit Card,,EMP037,0,No
S03775,2/19/2022,P01252,94,147.93,13905.42,Online,Credit Card,,EMP026,0,No
S03776,9/30/2023,P01185,97,15.15,1469.55,Hospital,Credit Card,,EMP025,0,No
S03777,11/2/2022,P00348,85,36.87,3133.95,Online,Cash,,EMP039,0,No
S03778,4/7/2023,P01594,39,102.68,4004.52,Wholesale,Insurance,,EMP024,0,Yes
S03779,3/20/2023,P01189,74,12.1,895.4,Wholesale,Cash,,EMP025,18.37,No
S03780,8/16/2022,P00393,61,110.8,6758.8,Online,Credit Card,,EMP018,0,No
S03781,12/11/2022,P00331,29,227.35,6593.15,Retail,Credit Card,RX-2213,EMP046,0,No
S03782,3/8/2023,P01333,68,120.81,8215.08,Wholesale,Cash,,EMP043,4.17,No
S03783,3/16/2022,P00923,56,20.11,1126.16,Online,Credit Card,,EMP045,0,No
S03784,9/27/2022,P00577,65,72,4680,Retail,Credit Card,,EMP012,0,No
S03785,4/21/2022,P00692,62,23.55,1460.1,Hospital,Credit Card,,EMP017,0,No
S03786,12/2/2022,P00607,58,159.45,9248.1,Online,Credit Card,,EMP023,0,No
S03787,6/30/2023,P01340,89,135.78,12084.42,Clinic,Debit Card,,EMP009,0,No
S03788,12/6/2023,P01641,91,205.22,18675.02,Wholesale,Credit Card,,EMP039,6.09,No
S03789,1/14/2022,P01509,79,106.98,8451.42,Clinic,Debit Card,,EMP026,0,No
S03790,4/19/2022,P01350,99,91.57,9065.43,Retail,Insurance,,EMP024,0,Yes
S03791,9/9/2022,P00065,86,135.3,11635.8,Wholesale,Cash,,EMP046,17.54,No
S03792,7/5/2022,P01846,16,141.32,2261.12,Hospital,Debit Card,,EMP011,16.1,No
S03793,1/7/2023,P00734,55,85.58,4706.9,Clinic,Debit Card,,EMP001,0,No
S03794,11/14/2022,P01679,60,44.54,2672.4,Wholesale,Cash,,EMP032,0,No
S03795,2/14/2022,P01207,6,40.86,245.16,Retail,Cash,,EMP009,0,No
S03796,6/14/2023,P01446,60,117.22,7033.2,Clinic,Insurance,,EMP021,0,Yes
S03797,3/4/2022,P00959,6,113.34,680.04,Retail,Insurance,RX-4394,EMP018,1.66,Yes
S03798,4/29/2023,P00508,92,79.87,7348.04,Retail,Credit Card,RX-7462,EMP003,7.06,No
S03799,7/3/2022,P00630,84,41.82,3512.88,Online,Cash,,EMP041,0,No
S03800,10/15/2022,P00097,47,3.67,172.49,Online,Credit Card,,EMP020,0,No
S03801,10/10/2023,P01039,21,96.06,2017.26,Online,Cash,,EMP002,0,No
S03802,6/30/2022,P01374,13,4.84,62.92,Hospital,Credit Card,,EMP039,0,No
S03803,3/12/2023,P01702,38,132.01,5016.38,Online,Insurance,,EMP010,0,Yes
S03804,2/19/2023,P01335,99,26.99,2672.01,Hospital,Cash,,EMP008,1.8,No
S03805,12/31/2023,P01566,21,86.62,1819.02,Hospital,Cash,,EMP033,0,No
S03806,4/2/2023,P01982,86,141.57,12175.02,Online,Cash,,EMP037,13.33,No
S03807,3/23/2023,P00097,42,3.67,154.14,Clinic,Debit Card,,EMP019,0,No
S03808,12/11/2022,P01248,56,18.99,1063.44,Wholesale,Credit Card,,EMP024,0,No
S03809,1/8/2022,P00265,84,80.01,6720.84,Retail,Debit Card,,EMP043,0,No
S03810,12/2/2022,P01848,43,48.03,2065.29,Retail,Cash,RX-8925,EMP014,11.83,No
S03811,3/19/2023,P01010,98,59.36,5817.28,Wholesale,Credit Card,,EMP010,0,No
S03812,3/23/2022,P00723,99,58.56,5797.44,Hospital,Credit Card,,EMP009,0,No
S03813,2/14/2023,P01419,77,47.73,3675.21,Retail,Debit Card,RX-2479,EMP004,15.97,No
S03814,1/31/2022,P00079,34,37.62,1279.08,Online,Credit Card,,EMP040,0,No
S03815,12/4/2023,P00591,30,77.33,2319.9,Hospital,Insurance,,EMP001,0,Yes
S03816,3/20/2023,P00373,29,117.83,3417.07,Retail,Debit Card,RX-2743,EMP007,1.93,No
S03817,8/5/2022,P00065,52,135.3,7035.6,Retail,Insurance,,EMP008,18.75,Yes
S03818,4/2/2022,P01017,2,60.27,120.54,Clinic,Insurance,,EMP006,0,Yes
S03819,3/22/2022,P00713,76,63.16,4800.16,Online,Insurance,,EMP002,0,Yes
S03820,3/10/2023,P01771,92,38.78,3567.76,Retail,Cash,,EMP031,14.7,No
S03821,7/21/2022,P00104,99,15.66,1550.34,Clinic,Debit Card,,EMP021,0,No
S03822,10/5/2023,P01457,43,214.36,9217.48,Wholesale,Insurance,,EMP042,0,Yes
S03823,5/9/2022,P00332,96,56.1,5385.6,Wholesale,Debit Card,,EMP016,10.17,No
S03824,3/9/2023,P00632,19,61.47,1167.93,Retail,Insurance,,EMP022,0,Yes
S03825,3/13/2022,P00312,20,27.82,556.4,Clinic,Debit Card,,EMP040,0,No
S03826,4/17/2022,P01903,81,57.06,4621.86,Hospital,Credit Card,,EMP022,0,No
S03827,5/14/2022,P00314,24,80.18,1924.32,Online,Insurance,,EMP027,3.12,Yes
S03828,1/6/2023,P01467,77,4.53,348.81,Clinic,Insurance,,EMP047,5.81,Yes
S03829,5/5/2023,P01511,25,19.16,479,Clinic,Debit Card,,EMP004,16.8,No
S03830,7/25/2022,P01334,61,84.08,5128.88,Online,Insurance,,EMP023,0,Yes
S03831,5/20/2023,P01742,56,160.79,9004.24,Clinic,Credit Card,,EMP010,0,No
S03832,5/27/2022,P00832,70,180.91,12663.7,Clinic,Debit Card,,EMP021,14.47,No
S03833,11/19/2022,P01566,89,86.62,7709.18,Wholesale,Credit Card,,EMP009,10.07,No
S03834,5/24/2023,P00733,24,75.12,1802.88,Retail,Debit Card,,EMP003,0,No
S03835,10/20/2023,P00351,33,137.27,4529.91,Wholesale,Debit Card,,EMP038,0,No
S03836,5/6/2023,P01430,58,144.42,8376.36,Online,Credit Card,,EMP015,0,No
S03837,6/10/2022,P01556,1,71.2,71.2,Clinic,Debit Card,,EMP018,0,No
S03838,9/1/2022,P01813,93,9.96,926.28,Retail,Cash,,EMP047,8.96,No
S03839,2/4/2023,P01514,33,129.67,4279.11,Retail,Debit Card,RX-7874,EMP004,0,No
S03840,1/13/2023,P01474,15,69.26,1038.9,Wholesale,Debit Card,,EMP013,16.48,No
S03841,12/7/2023,P00861,39,56.73,2212.47,Hospital,Cash,,EMP029,6.68,No
S03842,12/10/2023,P00615,42,218.47,9175.74,Retail,Insurance,RX-8208,EMP045,0,Yes
S03843,10/21/2022,P01614,23,27.6,634.8,Retail,Credit Card,RX-2970,EMP036,0,No
S03844,4/12/2022,P00572,76,81.88,6222.88,Wholesale,Insurance,,EMP015,0,Yes
S03845,11/19/2023,P01676,84,102.63,8620.92,Wholesale,Credit Card,,EMP005,0,No
S03846,12/9/2022,P00677,10,76.46,764.6,Retail,Credit Card,RX-5083,EMP038,9.9,No
S03847,9/13/2023,P01022,11,28.66,315.26,Online,Debit Card,,EMP018,0,No
S03848,5/19/2022,P00979,67,57.1,3825.7,Hospital,Credit Card,,EMP049,0,No
S03849,2/9/2022,P01736,55,27.02,1486.1,Clinic,Debit Card,,EMP029,2.54,No
S03850,2/20/2022,P00243,65,180.28,11718.2,Wholesale,Credit Card,,EMP024,0,No
S03851,11/18/2022,P01461,54,7.71,416.34,Clinic,Cash,,EMP012,0,No
S03852,9/3/2022,P00158,15,207.27,3109.05,Retail,Credit Card,RX-8246,EMP006,0,No
S03853,6/8/2022,P01365,65,154.97,10073.05,Hospital,Debit Card,,EMP029,10.13,No
S03854,5/19/2023,P01667,79,89.66,7083.14,Online,Cash,,EMP014,0,No
S03855,7/27/2022,P01127,2,103.38,206.76,Clinic,Insurance,,EMP011,11.48,Yes
S03856,11/7/2022,P00133,48,12.04,577.92,Hospital,Credit Card,,EMP019,0,No
S03857,12/12/2023,P00588,75,42.82,3211.5,Online,Credit Card,,EMP040,0,No
S03858,3/31/2023,P01316,46,51.13,2351.98,Clinic,Debit Card,,EMP004,11.72,No
S03859,2/4/2022,P01515,51,106.49,5430.99,Clinic,Credit Card,,EMP008,0,No
S03860,4/21/2023,P01419,56,47.73,2672.88,Clinic,Debit Card,,EMP003,18.79,No
S03861,6/5/2022,P01278,4,178.86,715.44,Retail,Credit Card,RX-9732,EMP027,0,No
S03862,2/4/2023,P01147,18,104.95,1889.1,Hospital,Insurance,,EMP010,0,Yes
S03863,3/12/2022,P01518,29,190.02,5510.58,Hospital,Credit Card,,EMP002,0,No
S03864,2/3/2023,P01721,28,117.08,3278.24,Wholesale,Cash,,EMP022,4.59,No
S03865,5/18/2023,P02000,36,47.91,1724.76,Wholesale,Debit Card,,EMP018,17.89,No
S03866,3/20/2023,P01531,73,112.27,8195.71,Clinic,Debit Card,,EMP029,0,No
S03867,10/1/2022,P01349,37,174.6,6460.2,Clinic,Insurance,,EMP022,0.07,Yes
S03868,7/7/2023,P01500,4,96.27,385.08,Hospital,Credit Card,,EMP003,10.93,No
S03869,11/17/2022,P00257,17,97.68,1660.56,Online,Credit Card,,EMP044,0,No
S03870,3/17/2023,P01006,75,68.16,5112,Retail,Credit Card,RX-3161,EMP013,18.99,No
S03871,1/4/2023,P01533,47,80.69,3792.43,Online,Cash,,EMP041,0,No
S03872,9/4/2022,P01775,34,4.24,144.16,Wholesale,Credit Card,,EMP018,6.85,No
S03873,7/1/2023,P01319,72,180.4,12988.8,Retail,Cash,RX-9222,EMP007,0,No
S03874,8/21/2022,P01927,51,171.82,8762.82,Wholesale,Credit Card,,EMP025,0,No
S03875,5/26/2023,P01395,87,97.49,8481.63,Clinic,Debit Card,,EMP014,0,No
S03876,6/20/2022,P01435,34,160.46,5455.64,Wholesale,Insurance,,EMP017,13.89,Yes
S03877,6/20/2022,P01033,70,73.84,5168.8,Clinic,Credit Card,,EMP017,4.05,No
S03878,11/22/2022,P00372,2,148.47,296.94,Online,Debit Card,,EMP048,0,No
S03879,6/7/2022,P00415,81,163.45,13239.45,Hospital,Insurance,,EMP019,0,Yes
S03880,6/20/2023,P00355,48,87.11,4181.28,Clinic,Debit Card,,EMP040,15.87,No
S03881,7/25/2023,P00727,99,63.78,6314.22,Hospital,Credit Card,,EMP048,3.22,No
S03882,1/7/2023,P01426,47,24.69,1160.43,Online,Credit Card,,EMP014,0,No
S03883,6/19/2023,P01487,46,24.77,1139.42,Online,Cash,,EMP035,0,No
S03884,1/17/2023,P00334,98,86.86,8512.28,Clinic,Insurance,,EMP035,0,Yes
S03885,7/4/2023,P01909,73,190.54,13909.42,Hospital,Credit Card,,EMP028,0,No
S03886,3/9/2023,P00920,46,214.11,9849.06,Hospital,Cash,,EMP015,0,No
S03887,1/28/2022,P00933,77,194.93,15009.61,Online,Insurance,,EMP035,0,Yes
S03888,11/12/2023,P00851,7,129.62,907.34,Wholesale,Cash,,EMP028,12.97,No
S03889,12/13/2023,P01822,44,55.79,2454.76,Wholesale,Debit Card,,EMP019,0,No
S03890,5/29/2023,P01573,35,60.23,2108.05,Wholesale,Credit Card,,EMP045,10.19,No
S03891,2/1/2023,P00791,33,35.17,1160.61,Wholesale,Credit Card,,EMP026,0,No
S03892,6/5/2023,P00221,95,6.83,648.85,Wholesale,Debit Card,,EMP049,0,No
S03893,5/31/2023,P00734,18,85.58,1540.44,Retail,Credit Card,RX-9316,EMP043,0,No
S03894,3/23/2022,P01284,61,6.73,410.53,Retail,Credit Card,RX-3965,EMP023,12.59,No
S03895,11/29/2023,P00460,40,98.62,3944.8,Hospital,Credit Card,,EMP028,11.46,No
S03896,8/25/2022,P01838,8,57.24,457.92,Retail,Credit Card,,EMP048,0,No
S03897,7/25/2022,P00630,11,41.82,460.02,Hospital,Insurance,,EMP012,0,Yes
S03898,4/2/2023,P01965,15,55.04,825.6,Clinic,Insurance,,EMP032,12.25,Yes
S03899,9/18/2023,P00276,47,31.13,1463.11,Online,Insurance,,EMP048,0,Yes
S03900,4/25/2022,P00797,88,106.56,9377.28,Retail,Credit Card,,EMP027,0,No
S03901,7/7/2023,P01800,65,164.87,10716.55,Online,Insurance,,EMP020,18.86,Yes
S03902,12/17/2022,P01549,16,39.46,631.36,Clinic,Credit Card,,EMP035,0,No
S03903,11/16/2023,P00104,74,15.66,1158.84,Clinic,Debit Card,,EMP044,13.84,No
S03904,4/28/2022,P01365,58,154.97,8988.26,Clinic,Cash,,EMP012,18.67,No
S03905,7/2/2022,P01798,69,112.82,7784.58,Hospital,Credit Card,,EMP018,0,No
S03906,12/23/2023,P01381,40,56.06,2242.4,Online,Debit Card,,EMP029,0,No
S03907,7/20/2023,P01860,40,120.21,4808.4,Clinic,Cash,,EMP039,4.82,No
S03908,5/1/2023,P01641,55,205.22,11287.1,Hospital,Credit Card,,EMP011,0,No
S03909,7/9/2022,P00345,41,121.08,4964.28,Wholesale,Debit Card,,EMP045,0,No
S03910,3/21/2023,P00394,94,50.26,4724.44,Hospital,Cash,,EMP045,15.05,No
S03911,11/23/2023,P01200,74,78.54,5811.96,Wholesale,Credit Card,,EMP020,8.84,No
S03912,4/19/2023,P01793,90,215.15,19363.5,Retail,Insurance,RX-9237,EMP035,1.11,Yes
S03913,10/22/2023,P01566,37,86.62,3204.94,Wholesale,Cash,,EMP036,0.23,No
S03914,4/22/2022,P00973,31,162.65,5042.15,Retail,Credit Card,RX-1527,EMP036,13.85,No
S03915,10/26/2023,P00118,44,91.68,4033.92,Clinic,Debit Card,,EMP044,10.4,No
S03916,2/1/2022,P00497,61,47.46,2895.06,Wholesale,Cash,,EMP011,0,No
S03917,5/22/2023,P00388,87,21.6,1879.2,Hospital,Insurance,,EMP044,1.81,Yes
S03918,2/22/2022,P00857,9,87.86,790.74,Online,Debit Card,,EMP020,0,No
S03919,7/20/2023,P00592,4,16.29,65.16,Online,Credit Card,,EMP032,0,No
S03920,8/7/2022,P01024,7,104.31,730.17,Clinic,Insurance,,EMP008,15.03,Yes
S03921,4/24/2022,P00658,28,48.94,1370.32,Clinic,Credit Card,,EMP036,0,No
S03922,10/17/2023,P00642,82,43.6,3575.2,Hospital,Debit Card,,EMP035,11.69,No
S03923,1/28/2022,P00329,14,80.24,1123.36,Wholesale,Debit Card,,EMP002,0,No
S03924,10/2/2023,P01220,3,144.35,433.05,Hospital,Debit Card,,EMP044,0,No
S03925,9/12/2023,P01900,95,81.8,7771,Retail,Credit Card,,EMP040,0,No
S03926,11/28/2022,P01433,43,102.1,4390.3,Hospital,Credit Card,,EMP019,7.22,No
S03927,5/29/2022,P01148,95,83.59,7941.05,Retail,Cash,RX-4489,EMP004,0,No
S03928,9/13/2022,P01384,38,54.41,2067.58,Wholesale,Cash,,EMP047,3.52,No
S03929,2/2/2023,P00175,3,69.34,208.02,Online,Cash,,EMP035,0,No
S03930,9/5/2022,P01069,77,69.71,5367.67,Online,Insurance,,EMP003,0,Yes
S03931,3/14/2023,P01437,82,18.99,1557.18,Retail,Credit Card,RX-8934,EMP001,0,No
S03932,6/6/2022,P00023,71,83.93,5959.03,Retail,Credit Card,,EMP021,5.39,No
S03933,6/18/2023,P01669,7,34.2,239.4,Retail,Cash,,EMP003,0,No
S03934,7/15/2022,P00425,59,53.79,3173.61,Hospital,Debit Card,,EMP025,0,No
S03935,1/8/2023,P00837,21,12.74,267.54,Clinic,Debit Card,,EMP030,0,No
S03936,4/3/2022,P00595,95,134.78,12804.1,Wholesale,Debit Card,,EMP035,18.48,No
S03937,9/3/2023,P00676,73,157.01,11461.73,Wholesale,Credit Card,,EMP007,0,No
S03938,12/23/2023,P01506,82,71.29,5845.78,Retail,Debit Card,RX-1505,EMP045,0,No
S03939,10/15/2023,P01497,69,53.61,3699.09,Online,Insurance,,EMP020,0,Yes
S03940,2/18/2022,P00801,42,134.03,5629.26,Clinic,Credit Card,,EMP044,0,No
S03941,8/27/2022,P01160,45,14.56,655.2,Hospital,Debit Card,,EMP032,0,No
S03942,11/20/2022,P01028,38,174.57,6633.66,Online,Credit Card,,EMP049,0,No
S03943,7/14/2022,P01785,97,92.35,8957.95,Online,Cash,,EMP021,0,No
S03944,7/11/2022,P00715,62,146.72,9096.64,Retail,Credit Card,,EMP025,0,No
S03945,8/7/2022,P01845,5,41.18,205.9,Hospital,Cash,,EMP035,0,No
S03946,5/13/2023,P01386,3,40.93,122.79,Wholesale,Insurance,,EMP001,0.31,Yes
S03947,8/4/2022,P00115,56,135.98,7614.88,Online,Insurance,,EMP009,0,Yes
S03948,8/15/2022,P01739,34,134.95,4588.3,Hospital,Debit Card,,EMP037,0,No
S03949,1/21/2022,P01509,38,106.98,4065.24,Online,Credit Card,,EMP009,0,No
S03950,12/3/2023,P00814,1,25.87,25.87,Retail,Debit Card,,EMP016,0,No
S03951,4/9/2023,P01539,90,108.49,9764.1,Retail,Insurance,,EMP022,0,Yes
S03952,4/10/2022,P00236,10,96.72,967.2,Clinic,Debit Card,,EMP031,0,No
S03953,8/12/2023,P00386,68,124.33,8454.44,Wholesale,Insurance,,EMP022,0,Yes
S03954,10/1/2023,P00770,75,37.03,2777.25,Clinic,Debit Card,,EMP019,0,No
S03955,10/31/2022,P01295,17,218.75,3718.75,Wholesale,Debit Card,,EMP002,0,No
S03956,12/15/2023,P00170,36,215.87,7771.32,Hospital,Insurance,,EMP003,2.99,Yes
S03957,10/16/2023,P01859,9,49.48,445.32,Clinic,Credit Card,,EMP036,0,No
S03958,10/19/2023,P00266,74,52.91,3915.34,Clinic,Debit Card,,EMP043,0,No
S03959,7/17/2023,P00621,67,87.5,5862.5,Retail,Credit Card,RX-8665,EMP006,0,No
S03960,11/4/2022,P01366,2,148.97,297.94,Online,Credit Card,,EMP038,0,No
S03961,9/18/2023,P00446,96,151.37,14531.52,Hospital,Insurance,,EMP049,0,Yes
S03962,10/2/2023,P00100,8,161.65,1293.2,Clinic,Debit Card,,EMP025,15.75,No
S03963,1/23/2023,P01823,40,178.14,7125.6,Online,Insurance,,EMP036,0,Yes
S03964,1/13/2023,P01417,20,107.89,2157.8,Wholesale,Credit Card,,EMP026,0,No
S03965,10/9/2023,P01435,29,160.46,4653.34,Clinic,Cash,,EMP018,18.73,No
S03966,1/20/2022,P01036,34,58.62,1993.08,Wholesale,Debit Card,,EMP029,0,No
S03967,4/20/2023,P01941,63,46.86,2952.18,Retail,Insurance,RX-2881,EMP037,0,Yes
S03968,1/18/2022,P00498,13,148.63,1932.19,Hospital,Credit Card,,EMP042,0,No
S03969,8/21/2022,P00377,53,22.09,1170.77,Online,Credit Card,,EMP014,0,No
S03970,7/21/2023,P01278,17,178.86,3040.62,Hospital,Credit Card,,EMP037,9.53,No
S03971,4/15/2023,P00977,2,67.33,134.66,Online,Debit Card,,EMP029,0,No
S03972,10/8/2022,P00749,93,27.87,2591.91,Retail,Credit Card,,EMP017,0,No
S03973,11/30/2022,P00528,37,95.51,3533.87,Retail,Credit Card,RX-1495,EMP046,0,No
S03974,12/26/2022,P01781,15,143.25,2148.75,Hospital,Insurance,,EMP038,7.06,Yes
S03975,11/22/2022,P00720,53,102.25,5419.25,Hospital,Debit Card,,EMP023,0,No
S03976,8/21/2023,P00277,48,90.88,4362.24,Wholesale,Cash,,EMP035,0,No
S03977,4/16/2022,P00167,11,148.86,1637.46,Hospital,Cash,,EMP004,0,No
S03978,9/19/2022,P01185,24,15.15,363.6,Wholesale,Cash,,EMP035,2.73,No
S03979,5/26/2022,P01412,89,122.77,10926.53,Hospital,Debit Card,,EMP028,6.15,No
S03980,12/12/2022,P01559,14,165.65,2319.1,Online,Credit Card,,EMP037,11.79,No
S03981,3/11/2023,P01077,10,189.28,1892.8,Hospital,Cash,,EMP013,14.99,No
S03982,9/8/2022,P00663,78,78.38,6113.64,Wholesale,Debit Card,,EMP034,0,No
S03983,10/25/2023,P00012,47,14.24,669.28,Hospital,Insurance,,EMP026,0,Yes
S03984,3/21/2022,P00872,99,105.3,10424.7,Clinic,Cash,,EMP038,0,No
S03985,1/12/2022,P00785,38,67.59,2568.42,Hospital,Credit Card,,EMP017,0,No
S03986,2/6/2022,P00157,97,26.47,2567.59,Hospital,Credit Card,,EMP038,0,No
S03987,9/7/2023,P00059,1,70.29,70.29,Online,Credit Card,,EMP017,0,No
S03988,3/7/2023,P00407,65,26.2,1703,Retail,Cash,,EMP044,0,No
S03989,3/27/2022,P01810,44,14.63,643.72,Hospital,Credit Card,,EMP046,0,No
S03990,1/30/2023,P00294,57,197.76,11272.32,Online,Debit Card,,EMP031,0,No
S03991,4/5/2023,P00341,12,66.55,798.6,Online,Debit Card,,EMP031,0,No
S03992,11/9/2023,P01932,8,79.07,632.56,Clinic,Credit Card,,EMP032,0,No
S03993,6/3/2023,P01810,86,14.63,1258.18,Hospital,Cash,,EMP040,12.12,No
S03994,7/4/2023,P00783,49,169.78,8319.22,Clinic,Credit Card,,EMP018,12.29,No
S03995,2/21/2023,P00711,9,213.93,1925.37,Hospital,Debit Card,,EMP032,0,No
S03996,5/20/2023,P00467,85,100.36,8530.6,Clinic,Credit Card,,EMP029,0,No
S03997,10/2/2023,P01646,6,42.03,252.18,Wholesale,Credit Card,,EMP026,0,No
S03998,8/13/2022,P00787,68,5.76,391.68,Online,Debit Card,,EMP049,0,No
S03999,5/7/2022,P00628,80,79.5,6360,Hospital,Debit Card,,EMP016,1.3,No
S04000,10/15/2023,P00360,32,75.46,2414.72,Hospital,Debit Card,,EMP023,13.58,No
S04001,6/3/2022,P01020,46,58.27,2680.42,Online,Cash,,EMP035,0,No
S04002,9/30/2022,P01738,1,81.65,81.65,Clinic,Cash,,EMP004,0,No
S04003,11/24/2022,P01115,55,148.78,8182.9,Hospital,Insurance,,EMP009,0,Yes
S04004,7/30/2022,P01539,37,108.49,4014.13,Wholesale,Insurance,,EMP018,0,Yes
S04005,8/22/2022,P00917,86,41.17,3540.62,Retail,Insurance,,EMP037,0,Yes
S04006,1/11/2023,P01830,45,87.07,3918.15,Hospital,Insurance,,EMP032,8.96,Yes
S04007,11/23/2023,P00589,75,100.97,7572.75,Online,Insurance,,EMP043,7.13,Yes
S04008,12/16/2023,P00642,44,43.6,1918.4,Retail,Insurance,,EMP038,8.53,Yes
S04009,6/29/2022,P00182,97,22.98,2229.06,Clinic,Cash,,EMP032,0.17,No
S04010,8/12/2023,P00603,65,58.65,3812.25,Wholesale,Cash,,EMP042,10.57,No
S04011,8/25/2022,P00398,41,168.13,6893.33,Clinic,Insurance,,EMP003,0,Yes
S04012,2/1/2022,P00426,43,158.87,6831.41,Online,Cash,,EMP023,0,No
S04013,12/2/2022,P00261,9,137,1233,Online,Credit Card,,EMP012,0,No
S04014,11/19/2023,P00719,50,123.59,6179.5,Hospital,Credit Card,,EMP048,0,No
S04015,6/22/2022,P01134,28,82.66,2314.48,Online,Cash,,EMP043,0,No
S04016,3/11/2022,P01511,64,19.16,1226.24,Clinic,Debit Card,,EMP008,11.68,No
S04017,11/10/2022,P01821,72,55.28,3980.16,Online,Credit Card,,EMP024,0,No
S04018,2/20/2023,P00321,88,36.45,3207.6,Retail,Credit Card,RX-9526,EMP035,0,No
S04019,8/9/2022,P01151,70,89.88,6291.6,Online,Insurance,,EMP033,0,Yes
S04020,6/28/2023,P00996,17,32.8,557.6,Wholesale,Cash,,EMP027,0,No
S04021,2/2/2023,P01767,12,51.68,620.16,Retail,Cash,RX-6061,EMP039,0,No
S04022,10/29/2022,P00208,34,30.88,1049.92,Wholesale,Cash,,EMP048,0,No
S04023,5/23/2022,P01745,29,7.64,221.56,Online,Debit Card,,EMP010,0,No
S04024,10/10/2023,P00554,90,99.16,8924.4,Retail,Debit Card,RX-8574,EMP029,7.08,No
S04025,6/22/2023,P00440,26,174.92,4547.92,Hospital,Insurance,,EMP012,0,Yes
S04026,4/21/2023,P01859,35,49.48,1731.8,Wholesale,Credit Card,,EMP040,0,No
S04027,6/26/2022,P00024,66,74.12,4891.92,Online,Credit Card,,EMP044,15.45,No
S04028,8/10/2023,P00254,44,20.26,891.44,Wholesale,Debit Card,,EMP033,0,No
S04029,4/9/2023,P01290,81,69.67,5643.27,Online,Credit Card,,EMP009,0,No
S04030,3/31/2022,P00567,41,127.5,5227.5,Hospital,Debit Card,,EMP009,0,No
S04031,11/21/2023,P00616,10,114.28,1142.8,Hospital,Debit Card,,EMP038,3.52,No
S04032,9/20/2022,P00039,81,45.91,3718.71,Hospital,Insurance,,EMP003,0,Yes
S04033,4/17/2023,P01632,40,99.61,3984.4,Wholesale,Credit Card,,EMP032,0,No
S04034,8/19/2022,P01585,26,45.11,1172.86,Hospital,Cash,,EMP001,0,No
S04035,10/18/2022,P01906,63,73.53,4632.39,Retail,Cash,RX-1601,EMP019,0,No
S04036,12/4/2022,P00993,51,189.06,9642.06,Retail,Debit Card,RX-7290,EMP031,0,No
S04037,5/28/2023,P00406,91,132.07,12018.37,Online,Insurance,,EMP030,0,Yes
S04038,3/17/2023,P01049,6,75.36,452.16,Wholesale,Credit Card,,EMP006,0,No
S04039,6/27/2022,P01181,50,92.35,4617.5,Online,Insurance,,EMP030,0,Yes
S04040,10/9/2023,P00450,18,22.82,410.76,Wholesale,Debit Card,,EMP040,9.11,No
S04041,4/2/2022,P00196,61,97.32,5936.52,Online,Insurance,,EMP007,0,Yes
S04042,7/10/2022,P01827,36,140.04,5041.44,Clinic,Cash,,EMP033,0,No
S04043,8/15/2022,P00041,93,14.29,1328.97,Clinic,Debit Card,,EMP038,0,No
S04044,2/26/2023,P00586,11,141.56,1557.16,Clinic,Credit Card,,EMP017,0,No
S04045,4/8/2022,P01268,34,16.9,574.6,Online,Cash,,EMP027,0,No
S04046,10/23/2022,P00414,7,113.92,797.44,Hospital,Insurance,,EMP024,13.37,Yes
S04047,11/8/2023,P00557,88,155.83,13713.04,Hospital,Insurance,,EMP032,7.29,Yes
S04048,11/3/2022,P01158,26,14.72,382.72,Online,Insurance,,EMP031,0,Yes
S04049,12/26/2023,P00404,3,50.63,151.89,Clinic,Debit Card,,EMP021,0,No
S04050,10/24/2022,P01695,59,187.28,11049.52,Hospital,Debit Card,,EMP030,0,No
S04051,8/19/2023,P00392,11,113.47,1248.17,Retail,Insurance,,EMP044,0,Yes
S04052,3/8/2022,P00858,45,7.52,338.4,Clinic,Insurance,,EMP006,0,Yes
S04053,4/27/2023,P01057,35,63.47,2221.45,Retail,Credit Card,,EMP027,0,No
S04054,4/18/2023,P00506,40,44.47,1778.8,Hospital,Insurance,,EMP034,0,Yes
S04055,6/10/2023,P01251,93,174.95,16270.35,Retail,Insurance,,EMP032,0,Yes
S04056,12/15/2022,P00254,50,20.26,1013,Hospital,Credit Card,,EMP008,0,No
S04057,6/13/2023,P00610,67,31.93,2139.31,Hospital,Cash,,EMP034,0,No
S04058,1/15/2022,P00753,75,108.78,8158.5,Hospital,Cash,,EMP044,6.61,No
S04059,9/25/2023,P01667,23,89.66,2062.18,Retail,Debit Card,RX-4163,EMP030,0,No
S04060,3/17/2023,P01848,15,48.03,720.45,Hospital,Debit Card,,EMP042,6.81,No
S04061,9/30/2022,P00035,38,30.6,1162.8,Wholesale,Insurance,,EMP013,0,Yes
S04062,7/2/2023,P01364,63,123.71,7793.73,Wholesale,Insurance,,EMP038,0,Yes
S04063,1/3/2022,P00945,25,90.41,2260.25,Wholesale,Debit Card,,EMP034,3.15,No
S04064,9/29/2023,P00776,37,121.21,4484.77,Clinic,Cash,,EMP032,0,No
S04065,11/7/2023,P01386,46,40.93,1882.78,Clinic,Cash,,EMP021,1.58,No
S04066,7/25/2023,P00680,1,58.72,58.72,Clinic,Cash,,EMP028,0,No
S04067,10/26/2022,P01915,23,61.65,1417.95,Clinic,Debit Card,,EMP009,1.89,No
S04068,2/22/2022,P00050,11,55.57,611.27,Hospital,Insurance,,EMP040,0,Yes
S04069,7/1/2022,P01858,11,121.06,1331.66,Retail,Debit Card,,EMP016,3.24,No
S04070,11/9/2023,P01307,12,10.7,128.4,Hospital,Cash,,EMP008,0,No
S04071,4/14/2023,P01653,39,179.6,7004.4,Retail,Debit Card,RX-6612,EMP030,0,No
S04072,10/31/2023,P01929,38,89.05,3383.9,Retail,Credit Card,RX-3040,EMP019,0,No
S04073,8/26/2022,P01227,2,159.27,318.54,Wholesale,Cash,,EMP014,0,No
S04074,11/25/2022,P01792,70,44.71,3129.7,Hospital,Insurance,,EMP005,0,Yes
S04075,1/2/2023,P01929,56,89.05,4986.8,Clinic,Insurance,,EMP003,10.13,Yes
S04076,10/6/2022,P00160,99,108.9,10781.1,Wholesale,Insurance,,EMP032,13.1,Yes
S04077,6/9/2022,P01013,72,220.38,15867.36,Wholesale,Insurance,,EMP048,0,Yes
S04078,8/15/2022,P01057,97,63.47,6156.59,Clinic,Credit Card,,EMP025,0,No
S04079,3/2/2022,P01149,67,127.23,8524.41,Clinic,Credit Card,,EMP025,0,No
S04080,2/7/2023,P00184,48,57.83,2775.84,Wholesale,Credit Card,,EMP037,0,No
S04081,3/31/2023,P00547,35,72.37,2532.95,Wholesale,Insurance,,EMP043,0,Yes
S04082,8/1/2023,P01492,63,109.5,6898.5,Retail,Debit Card,RX-9947,EMP046,13.78,No
S04083,10/22/2022,P01829,85,50.98,4333.3,Wholesale,Insurance,,EMP009,0,Yes
S04084,10/22/2022,P00506,83,44.47,3691.01,Online,Debit Card,,EMP028,0,No
S04085,10/30/2022,P01973,26,52.89,1375.14,Clinic,Insurance,,EMP014,0,Yes
S04086,12/29/2023,P01250,77,68.43,5269.11,Wholesale,Credit Card,,EMP049,0,No
S04087,10/4/2023,P00883,50,90.17,4508.5,Wholesale,Debit Card,,EMP014,0,No
S04088,12/9/2022,P01907,75,139.04,10428,Wholesale,Insurance,,EMP012,0,Yes
S04089,10/6/2022,P00553,90,133.99,12059.1,Online,Credit Card,,EMP005,0,No
S04090,4/15/2022,P00629,26,117.24,3048.24,Online,Insurance,,EMP004,0,Yes
S04091,11/23/2022,P00853,65,231.36,15038.4,Wholesale,Debit Card,,EMP005,0,No
S04092,6/18/2022,P00932,14,60.27,843.78,Online,Insurance,,EMP039,0,Yes
S04093,9/1/2022,P00781,64,67.18,4299.52,Hospital,Debit Card,,EMP030,0,No
S04094,2/8/2023,P00489,75,3.74,280.5,Retail,Cash,,EMP038,0,No
S04095,11/17/2022,P00763,39,126.74,4942.86,Retail,Credit Card,,EMP003,0,No
S04096,9/18/2023,P00249,71,159.98,11358.58,Wholesale,Debit Card,,EMP010,5.74,No
S04097,9/3/2023,P01921,64,141.59,9061.76,Online,Debit Card,,EMP047,0,No
S04098,11/1/2023,P01686,85,7.97,677.45,Retail,Cash,,EMP019,16.52,No
S04099,8/7/2023,P01837,80,49.77,3981.6,Online,Credit Card,,EMP008,0,No
S04100,2/15/2022,P00692,4,23.55,94.2,Clinic,Insurance,,EMP009,9.79,Yes
S04101,5/20/2023,P00843,60,99.23,5953.8,Hospital,Cash,,EMP002,0,No
S04102,6/21/2022,P00773,95,110.75,10521.25,Retail,Credit Card,RX-6357,EMP008,0,No
S04103,11/2/2022,P00890,56,12.27,687.12,Wholesale,Debit Card,,EMP026,0,No
S04104,6/9/2023,P00425,59,53.79,3173.61,Retail,Cash,,EMP036,12.11,No
S04105,10/14/2022,P00222,45,132.23,5950.35,Wholesale,Credit Card,,EMP033,0,No
S04106,8/19/2022,P00260,59,61.06,3602.54,Clinic,Credit Card,,EMP016,19.35,No
S04107,3/23/2022,P01221,5,43.72,218.6,Wholesale,Cash,,EMP016,0,No
S04108,5/26/2022,P00537,11,181.11,1992.21,Online,Cash,,EMP037,0,No
S04109,5/10/2022,P00694,84,94.46,7934.64,Retail,Insurance,,EMP011,0,Yes
S04110,4/26/2022,P00726,30,4.17,125.1,Hospital,Insurance,,EMP009,0,Yes
S04111,3/26/2022,P01134,38,82.66,3141.08,Wholesale,Insurance,,EMP004,0,Yes
S04112,11/20/2022,P01740,60,7.16,429.6,Hospital,Credit Card,,EMP027,16.26,No
S04113,11/9/2023,P01083,50,54.39,2719.5,Retail,Credit Card,RX-3318,EMP027,0,No
S04114,12/6/2022,P00381,36,103.75,3735,Clinic,Credit Card,,EMP025,0,No
S04115,5/16/2023,P00884,54,71.08,3838.32,Clinic,Debit Card,,EMP018,0,No
S04116,11/30/2022,P01787,3,18.34,55.02,Clinic,Cash,,EMP026,0,No
S04117,9/22/2023,P01732,27,109.7,2961.9,Retail,Insurance,,EMP042,0,Yes
S04118,10/15/2023,P00380,56,37.42,2095.52,Online,Debit Card,,EMP013,0,No
S04119,8/8/2022,P00566,64,15.5,992,Hospital,Insurance,,EMP016,0,Yes
S04120,2/11/2023,P00383,25,51.18,1279.5,Hospital,Credit Card,,EMP007,0,No
S04121,4/8/2023,P00318,58,95.46,5536.68,Online,Debit Card,,EMP023,0,No
S04122,5/12/2022,P00497,18,47.46,854.28,Online,Debit Card,,EMP039,0,No
S04123,6/4/2023,P01207,22,40.86,898.92,Online,Credit Card,,EMP013,0,No
S04124,10/11/2022,P00948,81,53.01,4293.81,Online,Insurance,,EMP004,0,Yes
S04125,2/27/2022,P01911,8,116.47,931.76,Clinic,Insurance,,EMP026,9.26,Yes
S04126,9/27/2022,P01988,87,62.75,5459.25,Wholesale,Cash,,EMP009,0,No
S04127,9/29/2022,P00615,29,218.47,6335.63,Hospital,Insurance,,EMP018,0,Yes
S04128,9/13/2023,P00798,76,33.19,2522.44,Clinic,Credit Card,,EMP033,6.73,No
S04129,10/3/2022,P00982,8,166.79,1334.32,Hospital,Cash,,EMP026,0,No
S04130,10/16/2022,P00364,84,74.29,6240.36,Clinic,Credit Card,,EMP029,16.65,No
S04131,5/2/2022,P01777,30,5.68,170.4,Hospital,Insurance,,EMP018,0,Yes
S04132,9/13/2022,P01173,28,177.78,4977.84,Wholesale,Debit Card,,EMP021,7.76,No
S04133,1/23/2022,P00849,7,38.67,270.69,Wholesale,Credit Card,,EMP030,8.73,No
S04134,9/8/2023,P00456,87,112.68,9803.16,Clinic,Debit Card,,EMP011,19.55,No
S04135,3/26/2022,P01376,60,100.82,6049.2,Retail,Debit Card,RX-7677,EMP042,0,No
S04136,12/14/2022,P01775,88,4.24,373.12,Clinic,Insurance,,EMP014,0,Yes
S04137,5/24/2022,P01158,88,14.72,1295.36,Retail,Insurance,RX-6495,EMP006,17.32,Yes
S04138,2/14/2023,P01090,47,132.75,6239.25,Online,Debit Card,,EMP036,0,No
S04139,3/27/2022,P00753,51,108.78,5547.78,Clinic,Credit Card,,EMP023,0,No
S04140,5/23/2022,P01297,24,94.81,2275.44,Wholesale,Debit Card,,EMP049,12.18,No
S04141,7/31/2023,P00215,73,76.34,5572.82,Wholesale,Debit Card,,EMP049,0,No
S04142,6/29/2022,P01617,53,8.87,470.11,Online,Cash,,EMP026,10.96,No
S04143,4/25/2023,P01796,60,60.84,3650.4,Clinic,Credit Card,,EMP028,0,No
S04144,5/29/2022,P00599,21,11.43,240.03,Retail,Credit Card,RX-4337,EMP038,0,No
S04145,9/22/2022,P00686,39,20.03,781.17,Hospital,Debit Card,,EMP007,0,No
S04146,12/29/2022,P00701,13,71.05,923.65,Hospital,Cash,,EMP044,16.31,No
S04147,7/31/2022,P00137,14,148.26,2075.64,Wholesale,Credit Card,,EMP032,0,No
S04148,5/19/2023,P00043,48,127.26,6108.48,Hospital,Cash,,EMP018,0,No
S04149,7/31/2022,P00663,81,78.38,6348.78,Retail,Insurance,RX-1710,EMP016,0,Yes
S04150,7/30/2023,P00645,76,221.7,16849.2,Wholesale,Debit Card,,EMP010,15.86,No
S04151,1/10/2022,P00102,75,87.35,6551.25,Retail,Credit Card,RX-5191,EMP026,0,No
S04152,3/2/2023,P01413,82,18.79,1540.78,Clinic,Debit Card,,EMP013,12.22,No
S04153,1/20/2022,P00493,15,166.53,2497.95,Retail,Insurance,,EMP012,7.01,Yes
S04154,12/12/2023,P01828,16,41.21,659.36,Wholesale,Debit Card,,EMP026,0,No
S04155,6/24/2023,P00045,62,201.02,12463.24,Hospital,Cash,,EMP047,0,No
S04156,9/9/2023,P00639,1,142.43,142.43,Wholesale,Cash,,EMP040,0,No
S04157,1/19/2022,P01010,28,59.36,1662.08,Clinic,Cash,,EMP038,0,No
S04158,1/12/2022,P00670,38,47.63,1809.94,Retail,Credit Card,,EMP007,0,No
S04159,12/22/2023,P00733,23,75.12,1727.76,Clinic,Credit Card,,EMP001,0,No
S04160,9/26/2023,P01256,37,19.41,718.17,Wholesale,Debit Card,,EMP044,0,No
S04161,6/9/2022,P01730,32,7.47,239.04,Clinic,Debit Card,,EMP048,0,No
S04162,7/3/2022,P00499,16,62.81,1004.96,Clinic,Insurance,,EMP013,0,Yes
S04163,3/19/2023,P00677,56,76.46,4281.76,Retail,Insurance,RX-7070,EMP046,0,Yes
S04164,12/30/2023,P01633,45,70.41,3168.45,Clinic,Cash,,EMP034,0,No
S04165,6/28/2023,P00777,12,24.92,299.04,Wholesale,Debit Card,,EMP033,2.97,No
S04166,9/13/2022,P01613,35,22.42,784.7,Online,Cash,,EMP016,0,No
S04167,8/9/2023,P01221,45,43.72,1967.4,Online,Insurance,,EMP034,4.11,Yes
S04168,9/29/2023,P01535,49,59.13,2897.37,Retail,Insurance,RX-8193,EMP042,0,Yes
S04169,7/16/2023,P01477,57,202.22,11526.54,Clinic,Debit Card,,EMP019,0,No
S04170,4/12/2022,P01882,65,26.71,1736.15,Wholesale,Debit Card,,EMP047,8.7,No
S04171,12/8/2023,P01127,64,103.38,6616.32,Wholesale,Credit Card,,EMP047,0,No
S04172,4/20/2022,P00338,28,93.52,2618.56,Hospital,Insurance,,EMP016,7.93,Yes
S04173,9/19/2022,P01364,66,123.71,8164.86,Online,Insurance,,EMP018,13.39,Yes
S04174,9/5/2023,P01723,43,102.92,4425.56,Hospital,Debit Card,,EMP048,0,No
S04175,12/27/2023,P00848,41,4.56,186.96,Retail,Insurance,,EMP001,0,Yes
S04176,11/9/2023,P00535,33,36.91,1218.03,Hospital,Insurance,,EMP010,2.94,Yes
S04177,10/1/2022,P00611,31,176.35,5466.85,Online,Debit Card,,EMP006,0,No
S04178,4/9/2022,P00573,76,179.3,13626.8,Hospital,Credit Card,,EMP035,0,No
S04179,3/2/2022,P01585,5,45.11,225.55,Wholesale,Credit Card,,EMP032,0,No
S04180,1/21/2023,P00788,22,55.84,1228.48,Retail,Credit Card,RX-8231,EMP012,0,No
S04181,6/25/2022,P01377,2,62.35,124.7,Wholesale,Cash,,EMP013,11,No
S04182,7/19/2022,P00416,61,14.42,879.62,Hospital,Cash,,EMP015,0,No
S04183,10/11/2023,P01543,58,79.04,4584.32,Clinic,Debit Card,,EMP029,0,No
S04184,10/17/2023,P00636,99,98.41,9742.59,Clinic,Credit Card,,EMP004,0,No
S04185,4/4/2023,P01213,38,34.97,1328.86,Hospital,Cash,,EMP025,0,No
S04186,3/29/2022,P00900,18,224.83,4046.94,Clinic,Insurance,,EMP034,5.23,Yes
S04187,3/18/2022,P00314,90,80.18,7216.2,Hospital,Credit Card,,EMP049,0,No
S04188,3/19/2022,P00434,18,95.52,1719.36,Clinic,Debit Card,,EMP030,14.44,No
S04189,10/17/2022,P00770,42,37.03,1555.26,Clinic,Debit Card,,EMP014,0,No
S04190,10/3/2022,P01328,95,10.03,952.85,Retail,Insurance,RX-8290,EMP043,0,Yes
S04191,9/2/2023,P01955,64,80.88,5176.32,Retail,Insurance,RX-6370,EMP001,15.7,Yes
S04192,5/22/2022,P00355,28,87.11,2439.08,Online,Debit Card,,EMP025,11.01,No
S04193,6/28/2023,P00306,33,69.16,2282.28,Clinic,Insurance,,EMP017,0,Yes
S04194,4/13/2022,P00813,29,213.86,6201.94,Hospital,Debit Card,,EMP004,0,No
S04195,3/4/2022,P01273,78,3.74,291.72,Clinic,Credit Card,,EMP021,0,No
S04196,4/22/2023,P01298,38,112.86,4288.68,Online,Cash,,EMP046,0,No
S04197,4/25/2023,P01956,41,17.17,703.97,Wholesale,Credit Card,,EMP040,0,No
S04198,5/7/2022,P00744,13,59.16,769.08,Hospital,Debit Card,,EMP015,0,No
S04199,9/20/2023,P01135,23,9.94,228.62,Wholesale,Insurance,,EMP023,0,Yes
S04200,3/8/2022,P01645,44,66.46,2924.24,Hospital,Credit Card,,EMP010,0,No
S04201,8/28/2022,P00889,66,31.13,2054.58,Hospital,Debit Card,,EMP015,0,No
S04202,4/26/2023,P00891,99,16.2,1603.8,Retail,Cash,,EMP032,0,No
S04203,7/18/2023,P01283,62,26.74,1657.88,Online,Credit Card,,EMP036,0,No
S04204,10/31/2023,P00810,5,146.49,732.45,Online,Insurance,,EMP029,14.19,Yes
S04205,1/12/2023,P01638,92,154.22,14188.24,Wholesale,Cash,,EMP019,11.12,No
S04206,4/14/2023,P01990,77,84.14,6478.78,Clinic,Cash,,EMP011,0,No
S04207,1/3/2023,P00587,97,46.01,4462.97,Retail,Credit Card,,EMP023,1.16,No
S04208,3/31/2023,P00520,27,80.7,2178.9,Online,Cash,,EMP034,6.01,No
S04209,12/6/2023,P01622,83,59.49,4937.67,Retail,Insurance,,EMP042,18.96,Yes
S04210,1/19/2022,P01102,81,94.61,7663.41,Wholesale,Cash,,EMP029,0,No
S04211,4/17/2023,P00812,42,74.37,3123.54,Clinic,Debit Card,,EMP009,13.78,No
S04212,12/7/2022,P00423,87,88.57,7705.59,Wholesale,Debit Card,,EMP025,4.63,No
S04213,7/17/2023,P01954,69,162.49,11211.81,Retail,Cash,RX-4121,EMP005,0,No
S04214,4/12/2022,P00255,95,157.21,14934.95,Online,Credit Card,,EMP012,17.41,No
S04215,11/25/2022,P01826,10,117.42,1174.2,Wholesale,Insurance,,EMP034,1.76,Yes
S04216,3/31/2023,P01707,2,125.83,251.66,Clinic,Debit Card,,EMP031,0,No
S04217,8/4/2022,P01698,51,52.87,2696.37,Wholesale,Debit Card,,EMP029,0,No
S04218,5/20/2023,P01052,9,88.8,799.2,Online,Insurance,,EMP034,6.48,Yes
S04219,4/1/2022,P00150,32,169.28,5416.96,Hospital,Credit Card,,EMP041,0,No
S04220,8/13/2023,P01608,26,95.54,2484.04,Hospital,Cash,,EMP034,11.49,No
S04221,2/7/2023,P01202,89,94.3,8392.7,Retail,Debit Card,,EMP011,10.69,No
S04222,11/20/2022,P00731,72,100.39,7228.08,Clinic,Debit Card,,EMP043,0,No
S04223,1/8/2023,P01032,53,123.02,6520.06,Clinic,Credit Card,,EMP032,1.38,No
S04224,3/8/2022,P00813,23,213.86,4918.78,Hospital,Cash,,EMP025,0,No
S04225,3/25/2022,P01538,27,115.64,3122.28,Wholesale,Cash,,EMP016,0,No
S04226,9/11/2023,P00724,19,98,1862,Online,Debit Card,,EMP036,5.18,No
S04227,6/16/2022,P00786,88,149,13112,Wholesale,Insurance,,EMP003,0,Yes
S04228,6/24/2023,P01783,53,128.03,6785.59,Hospital,Cash,,EMP013,5.26,No
S04229,7/22/2023,P00450,8,22.82,182.56,Hospital,Insurance,,EMP010,0,Yes
S04230,4/26/2022,P00056,92,103.23,9497.16,Online,Debit Card,,EMP022,0,No
S04231,3/4/2023,P01778,90,142.77,12849.3,Clinic,Insurance,,EMP041,0,Yes
S04232,8/20/2023,P00994,55,86.48,4756.4,Online,Cash,,EMP016,0,No
S04233,2/21/2023,P01666,10,85.16,851.6,Retail,Insurance,,EMP019,0,Yes
S04234,5/15/2023,P00213,88,152.87,13452.56,Retail,Credit Card,RX-8663,EMP003,0,No
S04235,12/5/2022,P01290,55,69.67,3831.85,Hospital,Debit Card,,EMP031,0,No
S04236,3/1/2022,P00650,55,105.65,5810.75,Online,Credit Card,,EMP019,0,No
S04237,9/1/2023,P01739,9,134.95,1214.55,Retail,Insurance,RX-1802,EMP009,0,Yes
S04238,4/23/2023,P00525,85,55.95,4755.75,Retail,Credit Card,RX-4304,EMP038,4.54,No
S04239,11/10/2022,P00289,39,239.58,9343.62,Retail,Cash,,EMP008,7.75,No
S04240,3/2/2022,P01963,34,19.56,665.04,Retail,Cash,,EMP001,0,No
S04241,5/16/2022,P00884,35,71.08,2487.8,Clinic,Insurance,,EMP002,0,Yes
S04242,5/22/2022,P01910,74,207.67,15367.58,Retail,Cash,,EMP017,0,No
S04243,4/30/2023,P01443,30,118.55,3556.5,Clinic,Credit Card,,EMP007,5.64,No
S04244,10/5/2022,P01336,53,27.52,1458.56,Wholesale,Credit Card,,EMP011,0,No
S04245,7/18/2022,P01405,2,18.2,36.4,Hospital,Credit Card,,EMP001,0,No
S04246,7/6/2023,P01156,74,64.71,4788.54,Retail,Insurance,,EMP049,0,Yes
S04247,8/21/2022,P00225,95,145.97,13867.15,Clinic,Credit Card,,EMP026,0,No
S04248,3/6/2023,P00592,33,16.29,537.57,Hospital,Cash,,EMP046,0,No
S04249,9/11/2022,P01263,54,123.45,6666.3,Wholesale,Cash,,EMP039,0,No
S04250,12/27/2022,P00696,7,38.76,271.32,Clinic,Debit Card,,EMP018,0,No
S04251,6/5/2022,P01599,92,27.48,2528.16,Online,Debit Card,,EMP005,18.25,No
S04252,6/26/2022,P00693,62,13.05,809.1,Clinic,Credit Card,,EMP010,0,No
S04253,10/5/2022,P00473,63,88.06,5547.78,Hospital,Insurance,,EMP030,0,Yes
S04254,5/11/2023,P01075,55,67.16,3693.8,Retail,Credit Card,RX-5034,EMP049,0,No
S04255,1/3/2022,P01610,27,16.36,441.72,Hospital,Cash,,EMP034,8.13,No
S04256,1/14/2023,P00984,45,69.12,3110.4,Clinic,Cash,,EMP041,0,No
S04257,9/19/2022,P01380,46,125.79,5786.34,Online,Cash,,EMP039,13.1,No
S04258,2/26/2023,P00206,9,23,207,Wholesale,Insurance,,EMP015,0,Yes
S04259,4/19/2022,P01724,79,175.45,13860.55,Hospital,Insurance,,EMP046,1.61,Yes
S04260,8/26/2022,P01394,32,52.93,1693.76,Hospital,Debit Card,,EMP045,13.27,No
S04261,2/16/2023,P01729,37,71.64,2650.68,Wholesale,Debit Card,,EMP046,0.21,No
S04262,3/16/2022,P01189,5,12.1,60.5,Clinic,Credit Card,,EMP008,0,No
S04263,11/16/2023,P00363,73,147.82,10790.86,Retail,Debit Card,RX-9032,EMP034,0,No
S04264,8/14/2023,P00912,11,90.11,991.21,Hospital,Insurance,,EMP048,0,Yes
S04265,8/16/2023,P00198,81,165.05,13369.05,Clinic,Debit Card,,EMP005,8.74,No
S04266,5/21/2022,P00835,69,65.1,4491.9,Clinic,Debit Card,,EMP002,0,No
S04267,10/28/2022,P00477,91,143.9,13094.9,Clinic,Credit Card,,EMP007,17.69,No
S04268,5/4/2023,P01413,14,18.79,263.06,Online,Cash,,EMP023,9.56,No
S04269,8/24/2023,P01487,56,24.77,1387.12,Wholesale,Cash,,EMP028,0,No
S04270,10/27/2023,P00431,21,67.54,1418.34,Retail,Insurance,RX-2341,EMP037,0,Yes
S04271,8/30/2022,P00373,38,117.83,4477.54,Wholesale,Cash,,EMP019,0,No
S04272,12/21/2022,P00084,44,116.03,5105.32,Wholesale,Debit Card,,EMP002,0,No
S04273,9/17/2023,P00027,80,214.51,17160.8,Hospital,Insurance,,EMP008,8.93,Yes
S04274,12/14/2023,P01654,58,23.6,1368.8,Online,Cash,,EMP046,0,No
S04275,11/20/2022,P00185,73,35.12,2563.76,Retail,Debit Card,,EMP038,1.26,No
S04276,5/5/2023,P01522,63,61.42,3869.46,Retail,Debit Card,RX-4433,EMP005,19.3,No
S04277,5/15/2022,P01247,3,37.96,113.88,Online,Credit Card,,EMP027,0,No
S04278,7/23/2022,P01394,14,52.93,741.02,Retail,Cash,,EMP042,0,No
S04279,1/23/2023,P01938,96,133.27,12793.92,Wholesale,Credit Card,,EMP025,0,No
S04280,9/18/2023,P01085,23,187.78,4318.94,Hospital,Cash,,EMP001,0,No
S04281,4/16/2023,P00514,97,82.27,7980.19,Retail,Credit Card,RX-6869,EMP018,0,No
S04282,12/8/2022,P00609,33,61.63,2033.79,Clinic,Insurance,,EMP038,0,Yes
S04283,1/8/2022,P01040,27,39.14,1056.78,Clinic,Credit Card,,EMP020,0,No
S04284,11/14/2022,P00494,53,37.22,1972.66,Wholesale,Insurance,,EMP009,3.86,Yes
S04285,4/24/2023,P01606,63,33.38,2102.94,Online,Credit Card,,EMP033,0,No
S04286,6/22/2023,P01032,12,123.02,1476.24,Retail,Insurance,RX-9163,EMP017,0,Yes
S04287,7/25/2022,P00137,15,148.26,2223.9,Online,Debit Card,,EMP007,1.1,No
S04288,2/16/2023,P01612,76,107.68,8183.68,Clinic,Debit Card,,EMP049,0,No
S04289,1/26/2023,P01524,30,89.66,2689.8,Clinic,Credit Card,,EMP031,0,No
S04290,8/1/2022,P00926,25,217.4,5435,Hospital,Insurance,,EMP010,0,Yes
S04291,7/2/2023,P01682,43,192.82,8291.26,Online,Cash,,EMP008,11.11,No
S04292,2/28/2023,P00862,95,52.19,4958.05,Retail,Cash,RX-4586,EMP019,15.06,No
S04293,6/6/2023,P01509,22,106.98,2353.56,Retail,Debit Card,RX-4223,EMP037,0,No
S04294,5/9/2023,P01652,14,119.86,1678.04,Clinic,Insurance,,EMP031,0.38,Yes
S04295,2/27/2022,P00773,61,110.75,6755.75,Wholesale,Insurance,,EMP011,0,Yes
S04296,4/26/2022,P00942,63,39.87,2511.81,Hospital,Insurance,,EMP049,19.76,Yes
S04297,1/27/2022,P00984,14,69.12,967.68,Online,Insurance,,EMP017,0,Yes
S04298,9/3/2022,P01123,38,22.92,870.96,Online,Cash,,EMP048,0,No
S04299,9/23/2022,P00022,70,108.29,7580.3,Clinic,Debit Card,,EMP029,0.77,No
S04300,8/27/2023,P00484,52,199.34,10365.68,Clinic,Insurance,,EMP046,0,Yes
S04301,11/11/2023,P01309,41,48.05,1970.05,Clinic,Insurance,,EMP047,0,Yes
S04302,6/25/2023,P01428,1,78.09,78.09,Hospital,Debit Card,,EMP026,0,No
S04303,6/30/2023,P00660,59,143.3,8454.7,Online,Insurance,,EMP010,7.04,Yes
S04304,6/28/2023,P00830,98,114.45,11216.1,Clinic,Debit Card,,EMP008,0,No
S04305,12/30/2023,P00597,97,16.85,1634.45,Wholesale,Insurance,,EMP015,0,Yes
S04306,5/27/2022,P01818,52,121.56,6321.12,Hospital,Credit Card,,EMP011,13.83,No
S04307,3/18/2022,P01018,16,108.75,1740,Clinic,Credit Card,,EMP040,0,No
S04308,12/21/2022,P00804,59,99.85,5891.15,Wholesale,Insurance,,EMP003,0,Yes
S04309,5/17/2023,P01301,83,72.01,5976.83,Wholesale,Insurance,,EMP019,13.86,Yes
S04310,6/12/2022,P01722,73,151.35,11048.55,Retail,Cash,,EMP017,0,No
S04311,3/28/2022,P01542,45,107.04,4816.8,Hospital,Debit Card,,EMP011,18.57,No
S04312,5/17/2022,P01696,16,90.79,1452.64,Hospital,Cash,,EMP030,19.74,No
S04313,1/29/2022,P00323,79,88.31,6976.49,Clinic,Debit Card,,EMP008,12.67,No
S04314,9/4/2022,P01014,42,71.04,2983.68,Clinic,Cash,,EMP046,14.33,No
S04315,12/24/2023,P00959,83,113.34,9407.22,Clinic,Credit Card,,EMP008,17.46,No
S04316,12/10/2022,P01271,96,33.58,3223.68,Clinic,Credit Card,,EMP004,4.49,No
S04317,7/4/2023,P00714,88,38.88,3421.44,Hospital,Insurance,,EMP009,14.91,Yes
S04318,5/15/2023,P00624,75,227.95,17096.25,Wholesale,Cash,,EMP003,0,No
S04319,4/18/2022,P01992,4,141.04,564.16,Clinic,Cash,,EMP021,0,No
S04320,11/21/2022,P00805,56,60.19,3370.64,Hospital,Credit Card,,EMP019,8.05,No
S04321,1/31/2023,P00132,70,96.52,6756.4,Hospital,Insurance,,EMP029,0,Yes
S04322,10/1/2023,P01450,61,53.88,3286.68,Hospital,Credit Card,,EMP039,0,No
S04323,12/14/2022,P00678,9,102.78,925.02,Hospital,Credit Card,,EMP024,0,No
S04324,7/17/2023,P00395,5,73.66,368.3,Retail,Credit Card,RX-9824,EMP039,2.51,No
S04325,8/28/2022,P00629,56,117.24,6565.44,Retail,Cash,,EMP015,9.31,No
S04326,8/14/2023,P00348,52,36.87,1917.24,Clinic,Cash,,EMP011,0,No
S04327,5/25/2022,P01300,32,23.55,753.6,Wholesale,Debit Card,,EMP018,8.01,No
S04328,4/24/2023,P01070,68,186.02,12649.36,Wholesale,Debit Card,,EMP019,0,No
S04329,10/6/2023,P00225,34,145.97,4962.98,Hospital,Insurance,,EMP030,1.14,Yes
S04330,3/20/2022,P00767,3,13.06,39.18,Clinic,Credit Card,,EMP010,0,No
S04331,1/1/2023,P01498,9,135.49,1219.41,Retail,Credit Card,RX-4871,EMP014,0,No
S04332,12/15/2022,P00255,73,157.21,11476.33,Wholesale,Insurance,,EMP024,0,Yes
S04333,2/18/2023,P00865,51,82.84,4224.84,Hospital,Insurance,,EMP047,10.3,Yes
S04334,12/5/2022,P01599,8,27.48,219.84,Retail,Insurance,,EMP011,0,Yes
S04335,3/15/2022,P01924,16,86.56,1384.96,Retail,Cash,RX-1435,EMP001,13.8,No
S04336,7/5/2023,P01373,55,102.07,5613.85,Wholesale,Credit Card,,EMP001,0,No
S04337,8/27/2023,P00563,88,22.27,1959.76,Wholesale,Cash,,EMP013,3.91,No
S04338,6/13/2022,P01860,85,120.21,10217.85,Retail,Debit Card,RX-5327,EMP013,0,No
S04339,4/4/2022,P00790,18,15.93,286.74,Hospital,Credit Card,,EMP023,0,No
S04340,1/21/2022,P00172,75,191.19,14339.25,Retail,Debit Card,RX-1001,EMP038,0,No
S04341,10/9/2023,P01572,10,53.94,539.4,Hospital,Credit Card,,EMP011,0,No
S04342,12/27/2023,P01436,83,119.84,9946.72,Clinic,Cash,,EMP023,11.33,No
S04343,12/3/2023,P00189,29,104.48,3029.92,Hospital,Insurance,,EMP041,0,Yes
S04344,8/26/2023,P01573,74,60.23,4457.02,Hospital,Cash,,EMP013,14.4,No
S04345,2/11/2022,P01852,66,103.48,6829.68,Retail,Debit Card,,EMP003,0,No
S04346,4/29/2022,P01817,57,42.57,2426.49,Retail,Cash,,EMP046,0,No
S04347,12/2/2023,P01425,65,132.4,8606,Clinic,Credit Card,,EMP023,0,No
S04348,8/10/2023,P00397,64,5.05,323.2,Retail,Credit Card,RX-5969,EMP008,0,No
S04349,2/20/2022,P01476,85,129.54,11010.9,Clinic,Credit Card,,EMP012,0,No
S04350,7/17/2022,P00734,66,85.58,5648.28,Clinic,Cash,,EMP037,5.86,No
S04351,9/21/2023,P01361,83,80.38,6671.54,Clinic,Credit Card,,EMP043,0,No
S04352,6/7/2023,P01380,75,125.79,9434.25,Retail,Insurance,RX-8172,EMP033,9.98,Yes
S04353,1/16/2023,P00568,79,25.72,2031.88,Wholesale,Cash,,EMP049,0,No
S04354,8/8/2023,P00671,61,43.03,2624.83,Hospital,Debit Card,,EMP015,0,No
S04355,8/30/2023,P00596,48,65.65,3151.2,Wholesale,Debit Card,,EMP018,2.99,No
S04356,8/30/2022,P01244,22,61.15,1345.3,Retail,Insurance,RX-2345,EMP031,0,Yes
S04357,9/23/2022,P00941,62,156.79,9720.98,Wholesale,Cash,,EMP048,0,No
S04358,7/5/2023,P00765,18,79.06,1423.08,Online,Credit Card,,EMP015,0,No
S04359,3/18/2022,P01098,49,43.78,2145.22,Hospital,Credit Card,,EMP014,0,No
S04360,12/2/2023,P00586,47,141.56,6653.32,Clinic,Insurance,,EMP013,0,Yes
S04361,5/22/2022,P00386,60,124.33,7459.8,Wholesale,Cash,,EMP039,0,No
S04362,3/15/2023,P01117,21,59.09,1240.89,Retail,Credit Card,,EMP007,0,No
S04363,2/20/2022,P01169,93,52.18,4852.74,Clinic,Cash,,EMP015,0,No
S04364,8/24/2023,P00130,30,16.02,480.6,Wholesale,Credit Card,,EMP013,0,No
S04365,12/22/2023,P01093,4,146.92,587.68,Online,Debit Card,,EMP036,6.48,No
S04366,12/22/2022,P00631,33,14.15,466.95,Wholesale,Insurance,,EMP013,0,Yes
S04367,2/15/2022,P00996,83,32.8,2722.4,Clinic,Cash,,EMP005,0,No
S04368,8/19/2023,P01700,36,90.33,3251.88,Retail,Credit Card,RX-1016,EMP009,0,No
S04369,9/9/2023,P00917,99,41.17,4075.83,Retail,Debit Card,RX-7082,EMP004,0,No
S04370,1/18/2022,P01905,77,155.79,11995.83,Wholesale,Credit Card,,EMP043,0,No
S04371,2/5/2023,P01143,33,104.61,3452.13,Wholesale,Cash,,EMP009,0,No
S04372,5/19/2023,P01138,27,198.92,5370.84,Clinic,Credit Card,,EMP024,0,No
S04373,5/28/2023,P00188,76,22.42,1703.92,Retail,Insurance,RX-7522,EMP026,1.94,Yes
S04374,2/10/2022,P00558,24,22.83,547.92,Clinic,Cash,,EMP018,1.87,No
S04375,11/30/2023,P01763,57,18.27,1041.39,Clinic,Credit Card,,EMP039,0,No
S04376,8/8/2023,P00709,3,89.82,269.46,Wholesale,Insurance,,EMP025,4.42,Yes
S04377,10/30/2022,P00684,24,68.22,1637.28,Clinic,Debit Card,,EMP022,5.52,No
S04378,1/18/2023,P00883,89,90.17,8025.13,Online,Cash,,EMP048,0.35,No
S04379,6/2/2022,P01915,86,61.65,5301.9,Wholesale,Credit Card,,EMP047,0,No
S04380,6/19/2023,P01491,27,41.8,1128.6,Online,Credit Card,,EMP021,0,No
S04381,8/2/2022,P01877,12,65.61,787.32,Retail,Debit Card,RX-9133,EMP047,0,No
S04382,7/19/2022,P00484,59,199.34,11761.06,Retail,Credit Card,RX-1945,EMP024,0,No
S04383,12/8/2023,P01738,12,81.65,979.8,Wholesale,Cash,,EMP021,11.66,No
S04384,11/30/2023,P00351,32,137.27,4392.64,Hospital,Debit Card,,EMP029,0,No
S04385,1/19/2023,P01498,74,135.49,10026.26,Retail,Insurance,,EMP038,14.31,Yes
S04386,5/22/2023,P01091,36,53.87,1939.32,Retail,Insurance,RX-3859,EMP025,0,Yes
S04387,2/13/2023,P00024,65,74.12,4817.8,Retail,Insurance,RX-4224,EMP013,0,Yes
S04388,4/7/2023,P01336,79,27.52,2174.08,Retail,Cash,,EMP018,11.24,No
S04389,10/28/2022,P00075,94,140.25,13183.5,Hospital,Debit Card,,EMP029,0.25,No
S04390,5/20/2023,P01373,13,102.07,1326.91,Hospital,Credit Card,,EMP047,0,No
S04391,8/22/2023,P00242,88,51.95,4571.6,Hospital,Insurance,,EMP007,0,Yes
S04392,8/7/2023,P01723,23,102.92,2367.16,Hospital,Cash,,EMP024,0,No
S04393,12/23/2023,P01730,29,7.47,216.63,Hospital,Cash,,EMP046,17.22,No
S04394,11/17/2022,P01097,27,25.75,695.25,Hospital,Credit Card,,EMP044,0,No
S04395,8/24/2022,P00833,22,118.48,2606.56,Retail,Debit Card,,EMP039,0,No
S04396,11/1/2023,P01925,93,10.88,1011.84,Wholesale,Debit Card,,EMP047,0,No
S04397,9/3/2023,P00710,61,52.35,3193.35,Online,Debit Card,,EMP014,0,No
S04398,2/27/2023,P01731,64,115.38,7384.32,Hospital,Insurance,,EMP006,0,Yes
S04399,1/24/2023,P01264,39,111.55,4350.45,Hospital,Cash,,EMP014,7.92,No
S04400,1/24/2022,P01137,18,21.13,380.34,Hospital,Debit Card,,EMP021,0,No
S04401,10/17/2023,P01149,27,127.23,3435.21,Clinic,Debit Card,,EMP036,0,No
S04402,8/22/2023,P01756,22,131.58,2894.76,Hospital,Cash,,EMP016,0,No
S04403,5/29/2022,P00980,74,165.51,12247.74,Wholesale,Debit Card,,EMP048,0,No
S04404,8/28/2022,P01711,3,160.5,481.5,Wholesale,Credit Card,,EMP034,6.72,No
S04405,2/28/2022,P01539,91,108.49,9872.59,Retail,Credit Card,RX-9725,EMP049,0,No
S04406,2/20/2022,P01842,34,51.53,1752.02,Clinic,Insurance,,EMP044,0,Yes
S04407,5/8/2023,P00086,47,30.6,1438.2,Online,Credit Card,,EMP030,0,No
S04408,2/16/2023,P00867,51,135.3,6900.3,Retail,Cash,,EMP044,0,No
S04409,7/5/2023,P00108,70,70.51,4935.7,Retail,Credit Card,,EMP018,0,No
S04410,5/11/2022,P00162,77,74.33,5723.41,Online,Credit Card,,EMP039,9.76,No
S04411,4/12/2022,P01293,10,25.22,252.2,Wholesale,Insurance,,EMP014,7.67,Yes
S04412,6/23/2022,P01272,88,97.93,8617.84,Retail,Cash,RX-2269,EMP021,0,No
S04413,1/30/2023,P00813,4,213.86,855.44,Clinic,Insurance,,EMP012,0,Yes
S04414,4/9/2023,P00905,83,119.31,9902.73,Online,Cash,,EMP038,6.69,No
S04415,12/19/2022,P01646,52,42.03,2185.56,Retail,Credit Card,RX-1704,EMP046,0,No
S04416,10/28/2022,P01812,22,61.84,1360.48,Clinic,Insurance,,EMP029,0,Yes
S04417,6/10/2023,P00149,39,38.56,1503.84,Hospital,Cash,,EMP047,18.55,No
S04418,10/12/2022,P00063,43,114.26,4913.18,Clinic,Debit Card,,EMP038,17.62,No
S04419,8/30/2023,P01209,69,31.25,2156.25,Retail,Debit Card,RX-1435,EMP029,0,No
S04420,12/27/2023,P01639,79,10.24,808.96,Retail,Debit Card,RX-4628,EMP025,0,No
S04421,8/9/2023,P00371,15,81.11,1216.65,Hospital,Cash,,EMP025,0,No
S04422,8/23/2023,P00100,30,161.65,4849.5,Clinic,Cash,,EMP022,6.82,No
S04423,8/25/2023,P00076,74,202.05,14951.7,Wholesale,Cash,,EMP004,0,No
S04424,8/20/2022,P01584,98,9.44,925.12,Retail,Debit Card,RX-7129,EMP033,6.24,No
S04425,12/12/2023,P01953,39,208.42,8128.38,Hospital,Cash,,EMP005,0,No
S04426,2/12/2023,P00696,34,38.76,1317.84,Wholesale,Debit Card,,EMP010,0,No
S04427,9/2/2023,P00190,38,153.09,5817.42,Online,Insurance,,EMP031,13.75,Yes
S04428,2/14/2022,P00657,97,223.71,21699.87,Retail,Cash,,EMP041,0,No
S04429,10/30/2022,P01999,90,91.85,8266.5,Online,Insurance,,EMP007,0,Yes
S04430,3/20/2022,P01644,34,110.02,3740.68,Retail,Credit Card,RX-1412,EMP022,0,No
S04431,3/25/2022,P00422,20,112.55,2251,Wholesale,Cash,,EMP006,0,No
S04432,5/28/2022,P01799,97,100.14,9713.58,Wholesale,Credit Card,,EMP035,0,No
S04433,9/11/2023,P01281,38,92.22,3504.36,Online,Cash,,EMP020,6.57,No
S04434,8/13/2022,P00887,19,20.08,381.52,Wholesale,Credit Card,,EMP010,12.2,No
S04435,10/7/2022,P01520,54,10.44,563.76,Retail,Debit Card,RX-1680,EMP011,0,No
S04436,11/10/2022,P00630,84,41.82,3512.88,Hospital,Credit Card,,EMP035,0,No
S04437,3/7/2022,P00959,29,113.34,3286.86,Clinic,Insurance,,EMP003,10.09,Yes
S04438,7/2/2022,P00616,93,114.28,10628.04,Online,Cash,,EMP002,0,No
S04439,11/13/2023,P01671,4,97.83,391.32,Retail,Cash,RX-8463,EMP007,2.83,No
S04440,1/16/2023,P00187,98,185.09,18138.82,Hospital,Insurance,,EMP048,0,Yes
S04441,1/18/2022,P01174,57,91.36,5207.52,Clinic,Credit Card,,EMP046,0,No
S04442,9/11/2022,P00534,87,101.01,8787.87,Hospital,Insurance,,EMP005,0,Yes
S04443,2/13/2023,P00636,13,98.41,1279.33,Clinic,Credit Card,,EMP025,0,No
S04444,10/25/2023,P01123,79,22.92,1810.68,Retail,Insurance,RX-4822,EMP038,0,Yes
S04445,3/2/2022,P01433,39,102.1,3981.9,Hospital,Insurance,,EMP031,13.24,Yes
S04446,9/28/2023,P01277,76,60.46,4594.96,Clinic,Credit Card,,EMP016,0,No
S04447,7/26/2023,P01737,78,9.45,737.1,Wholesale,Cash,,EMP017,0,No
S04448,8/7/2023,P01686,84,7.97,669.48,Hospital,Cash,,EMP001,0,No
S04449,3/11/2023,P00262,95,208.94,19849.3,Online,Insurance,,EMP042,15.61,Yes
S04450,4/13/2022,P01071,6,88.46,530.76,Wholesale,Debit Card,,EMP021,0,No
S04451,11/28/2022,P00102,22,87.35,1921.7,Online,Credit Card,,EMP018,0,No
S04452,10/4/2023,P01146,70,82.81,5796.7,Retail,Credit Card,,EMP048,0,No
S04453,9/3/2023,P01887,84,34.8,2923.2,Wholesale,Cash,,EMP006,0,No
S04454,8/1/2022,P01298,67,112.86,7561.62,Clinic,Cash,,EMP014,0,No
S04455,9/14/2023,P00229,33,32.11,1059.63,Online,Insurance,,EMP035,0,Yes
S04456,7/18/2023,P01189,17,12.1,205.7,Retail,Debit Card,RX-4648,EMP012,0,No
S04457,5/16/2023,P01275,92,16.73,1539.16,Clinic,Debit Card,,EMP045,0.25,No
S04458,4/14/2022,P01139,99,153.78,15224.22,Hospital,Credit Card,,EMP031,13.33,No
S04459,3/13/2023,P00764,95,9.95,945.25,Hospital,Debit Card,,EMP043,0,No
S04460,5/9/2023,P01980,21,78.37,1645.77,Hospital,Insurance,,EMP046,0,Yes
S04461,10/17/2022,P01586,15,98.27,1474.05,Retail,Credit Card,RX-4437,EMP036,0,No
S04462,10/25/2022,P01435,59,160.46,9467.14,Online,Credit Card,,EMP047,0,No
S04463,11/4/2023,P01384,47,54.41,2557.27,Retail,Credit Card,RX-3717,EMP042,0,No
S04464,7/7/2023,P00469,67,83.64,5603.88,Clinic,Insurance,,EMP013,0,Yes
S04465,3/9/2023,P00221,24,6.83,163.92,Wholesale,Insurance,,EMP017,16.26,Yes
S04466,12/17/2022,P01616,36,5.06,182.16,Online,Credit Card,,EMP029,0,No
S04467,10/2/2022,P01097,65,25.75,1673.75,Online,Debit Card,,EMP037,12.17,No
S04468,10/7/2023,P01287,82,72.2,5920.4,Wholesale,Credit Card,,EMP049,0,No
S04469,7/19/2023,P01400,69,18.29,1262.01,Hospital,Insurance,,EMP040,0,Yes
S04470,10/9/2023,P01938,79,133.27,10528.33,Retail,Insurance,RX-8529,EMP032,12.38,Yes
S04471,4/28/2023,P00320,23,10.63,244.49,Retail,Debit Card,,EMP012,7,No
S04472,4/8/2023,P00840,26,145.47,3782.22,Retail,Credit Card,,EMP033,0,No
S04473,2/21/2023,P01630,18,17.3,311.4,Wholesale,Cash,,EMP022,0,No
S04474,1/31/2022,P00456,31,112.68,3493.08,Hospital,Insurance,,EMP008,16.54,Yes
S04475,12/24/2022,P01085,3,187.78,563.34,Online,Debit Card,,EMP035,0,No
S04476,7/20/2023,P00511,14,166.77,2334.78,Retail,Credit Card,RX-9862,EMP006,0,No
S04477,9/24/2022,P00913,67,90.51,6064.17,Hospital,Debit Card,,EMP045,0,No
S04478,11/3/2023,P00726,47,4.17,195.99,Clinic,Cash,,EMP018,0,No
S04479,8/25/2022,P00859,13,55.16,717.08,Retail,Debit Card,RX-8448,EMP013,5.31,No
S04480,1/17/2022,P00959,8,113.34,906.72,Retail,Credit Card,RX-7102,EMP020,0,No
S04481,6/21/2023,P00736,24,181.57,4357.68,Retail,Debit Card,,EMP042,0,No
S04482,11/14/2023,P00231,44,94.46,4156.24,Hospital,Cash,,EMP047,0,No
S04483,3/26/2022,P00608,53,116.46,6172.38,Hospital,Insurance,,EMP041,0,Yes
S04484,4/26/2023,P01038,99,106.45,10538.55,Retail,Credit Card,RX-1758,EMP044,0.6,No
S04485,5/21/2023,P01560,56,99.33,5562.48,Wholesale,Cash,,EMP048,0,No
S04486,8/13/2022,P01662,99,88.77,8788.23,Online,Credit Card,,EMP021,3.35,No
S04487,6/3/2022,P00049,37,20.85,771.45,Online,Credit Card,,EMP028,0,No
S04488,6/20/2022,P00631,1,14.15,14.15,Online,Cash,,EMP008,0,No
S04489,4/13/2023,P01564,68,114.36,7776.48,Retail,Debit Card,RX-9852,EMP033,0.48,No
S04490,9/19/2023,P00402,50,186.16,9308,Clinic,Insurance,,EMP038,0,Yes
S04491,5/21/2022,P00028,55,29.29,1610.95,Retail,Insurance,,EMP038,14.18,Yes
S04492,4/3/2023,P01384,94,54.41,5114.54,Online,Cash,,EMP006,0,No
S04493,6/3/2022,P01666,67,85.16,5705.72,Clinic,Insurance,,EMP029,0,Yes
S04494,4/1/2022,P00611,82,176.35,14460.7,Online,Credit Card,,EMP015,0,No
S04495,8/16/2022,P00873,62,224.3,13906.6,Retail,Insurance,RX-2691,EMP041,0,Yes
S04496,11/29/2023,P01501,58,71.7,4158.6,Clinic,Cash,,EMP002,14.7,No
S04497,10/25/2023,P00966,41,213.34,8746.94,Clinic,Insurance,,EMP019,18.11,Yes
S04498,9/21/2022,P01414,97,32.27,3130.19,Retail,Cash,,EMP034,0,No
S04499,4/7/2022,P01045,96,30.83,2959.68,Online,Insurance,,EMP035,0,Yes
S04500,4/22/2023,P01947,39,44.86,1749.54,Online,Insurance,,EMP006,0,Yes
S04501,8/9/2023,P00499,97,62.81,6092.57,Hospital,Credit Card,,EMP040,0,No
S04502,5/3/2023,P01413,3,18.79,56.37,Wholesale,Credit Card,,EMP041,0,No
S04503,11/24/2023,P01987,87,92.34,8033.58,Clinic,Cash,,EMP040,0,No
S04504,10/26/2022,P00112,74,9.79,724.46,Hospital,Debit Card,,EMP046,0,No
S04505,11/12/2023,P01565,78,161.78,12618.84,Retail,Debit Card,,EMP020,0,No
S04506,1/21/2022,P01300,90,23.55,2119.5,Online,Insurance,,EMP045,0,Yes
S04507,3/24/2023,P01969,56,125.45,7025.2,Hospital,Insurance,,EMP002,0,Yes
S04508,8/13/2023,P00155,72,91.72,6603.84,Hospital,Cash,,EMP001,0,No
S04509,1/24/2023,P01019,66,109.82,7248.12,Hospital,Credit Card,,EMP026,0,No
S04510,9/9/2022,P00871,4,105.62,422.48,Wholesale,Debit Card,,EMP044,12.94,No
S04511,4/28/2022,P01278,67,178.86,11983.62,Retail,Credit Card,,EMP035,16.52,No
S04512,1/9/2023,P01511,73,19.16,1398.68,Online,Credit Card,,EMP034,3.54,No
S04513,10/24/2022,P00033,55,101.36,5574.8,Wholesale,Insurance,,EMP006,0,Yes
S04514,8/31/2023,P00454,17,98.74,1678.58,Clinic,Insurance,,EMP005,17.64,Yes
S04515,1/14/2022,P00140,32,89.42,2861.44,Wholesale,Debit Card,,EMP007,8.6,No
S04516,8/21/2023,P01960,2,17.88,35.76,Wholesale,Debit Card,,EMP043,10.43,No
S04517,3/30/2022,P00788,54,55.84,3015.36,Hospital,Insurance,,EMP038,0,Yes
S04518,8/5/2022,P00844,25,95.28,2382,Hospital,Insurance,,EMP044,15.39,Yes
S04519,1/18/2022,P00292,95,85.33,8106.35,Hospital,Insurance,,EMP033,0,Yes
S04520,10/16/2022,P01570,36,51.9,1868.4,Online,Cash,,EMP016,0,No
S04521,5/19/2022,P01804,60,32.71,1962.6,Online,Insurance,,EMP026,0,Yes
S04522,9/29/2022,P01398,35,39.69,1389.15,Online,Cash,,EMP024,9.16,No
S04523,9/27/2023,P00689,54,23.19,1252.26,Clinic,Debit Card,,EMP039,0,No
S04524,11/15/2022,P00696,67,38.76,2596.92,Wholesale,Debit Card,,EMP032,0,No
S04525,6/4/2023,P00884,11,71.08,781.88,Online,Credit Card,,EMP021,0,No
S04526,3/28/2022,P00031,64,3.1,198.4,Clinic,Cash,,EMP006,8.13,No
S04527,7/27/2023,P00952,66,75.64,4992.24,Online,Insurance,,EMP005,0,Yes
S04528,2/25/2023,P01422,37,142.28,5264.36,Hospital,Credit Card,,EMP010,0,No
S04529,9/14/2022,P01808,50,38.21,1910.5,Clinic,Debit Card,,EMP025,12.73,No
S04530,12/10/2022,P00510,58,69.11,4008.38,Retail,Insurance,RX-2108,EMP035,9.01,Yes
S04531,6/21/2023,P00881,37,19.88,735.56,Clinic,Credit Card,,EMP028,0,No
S04532,10/6/2022,P01936,64,113.72,7278.08,Retail,Cash,RX-8290,EMP028,0,No
S04533,12/9/2023,P01163,78,5.63,439.14,Clinic,Credit Card,,EMP044,0,No
S04534,4/26/2022,P00136,62,106.48,6601.76,Clinic,Insurance,,EMP008,0.08,Yes
S04535,10/12/2023,P00463,25,44,1100,Retail,Debit Card,RX-6367,EMP038,0,No
S04536,7/14/2022,P01772,51,41.88,2135.88,Online,Debit Card,,EMP010,14.74,No
S04537,6/25/2022,P01377,93,62.35,5798.55,Hospital,Cash,,EMP002,0,No
S04538,6/15/2022,P00938,73,141.17,10305.41,Online,Credit Card,,EMP003,0,No
S04539,11/13/2023,P01286,11,109.64,1206.04,Wholesale,Credit Card,,EMP029,0,No
S04540,5/4/2022,P00585,24,69.68,1672.32,Retail,Cash,RX-7443,EMP042,3.48,No
S04541,7/10/2023,P00866,99,70.19,6948.81,Online,Cash,,EMP038,0,No
S04542,3/31/2022,P00659,33,130.17,4295.61,Online,Debit Card,,EMP048,0,No
S04543,5/10/2022,P01486,21,131.66,2764.86,Online,Credit Card,,EMP032,0,No
S04544,4/5/2023,P00225,78,145.97,11385.66,Hospital,Credit Card,,EMP004,8.44,No
S04545,3/3/2023,P00828,7,70.11,490.77,Retail,Cash,RX-7451,EMP031,0,No
S04546,8/29/2023,P01963,14,19.56,273.84,Online,Insurance,,EMP017,0,Yes
S04547,7/1/2022,P00607,60,159.45,9567,Clinic,Cash,,EMP003,0,No
S04548,9/3/2023,P01526,57,172.38,9825.66,Retail,Insurance,RX-2825,EMP023,0,Yes
S04549,4/9/2023,P01467,9,4.53,40.77,Retail,Cash,RX-3015,EMP007,0,No
S04550,5/9/2022,P00939,91,137.58,12519.78,Online,Insurance,,EMP007,0,Yes
S04551,3/24/2023,P00627,25,59.07,1476.75,Wholesale,Insurance,,EMP023,5.33,Yes
S04552,4/3/2022,P01445,84,10.83,909.72,Clinic,Cash,,EMP031,0,No
S04553,4/25/2023,P01715,94,35.17,3305.98,Wholesale,Credit Card,,EMP010,0,No
S04554,9/7/2022,P00835,84,65.1,5468.4,Retail,Debit Card,RX-9406,EMP010,0,No
S04555,9/3/2023,P01413,20,18.79,375.8,Wholesale,Debit Card,,EMP012,0.65,No
S04556,12/20/2023,P00841,7,232.19,1625.33,Clinic,Cash,,EMP020,0,No
S04557,5/27/2022,P01825,62,37.67,2335.54,Retail,Debit Card,RX-9614,EMP002,19.18,No
S04558,6/7/2022,P00230,37,78.25,2895.25,Clinic,Cash,,EMP005,0,No
S04559,4/14/2022,P01950,74,122.1,9035.4,Retail,Cash,,EMP016,4.92,No
S04560,4/14/2023,P00316,78,148.99,11621.22,Hospital,Insurance,,EMP001,8.88,Yes
S04561,11/11/2023,P01756,33,131.58,4342.14,Retail,Credit Card,,EMP018,0,No
S04562,2/19/2023,P01754,28,22.28,623.84,Hospital,Cash,,EMP011,16.44,No
S04563,9/11/2023,P00143,84,33.2,2788.8,Online,Cash,,EMP024,15.77,No
S04564,4/11/2023,P00232,2,87.16,174.32,Online,Insurance,,EMP037,0,Yes
S04565,3/20/2022,P00847,68,78.12,5312.16,Online,Insurance,,EMP019,16.75,Yes
S04566,8/18/2023,P00761,98,78,7644,Online,Debit Card,,EMP012,0,No
S04567,10/1/2022,P01245,86,149.64,12869.04,Retail,Insurance,,EMP026,9.87,Yes
S04568,5/25/2023,P01090,18,132.75,2389.5,Wholesale,Debit Card,,EMP001,1.06,No
S04569,1/13/2023,P01672,89,93.06,8282.34,Clinic,Insurance,,EMP010,0,Yes
S04570,9/3/2023,P01154,55,93.23,5127.65,Hospital,Cash,,EMP018,0,No
S04571,1/24/2022,P00363,70,147.82,10347.4,Hospital,Cash,,EMP028,0,No
S04572,3/29/2022,P01152,53,8.24,436.72,Clinic,Debit Card,,EMP036,0.96,No
S04573,2/2/2023,P01212,57,61.6,3511.2,Hospital,Cash,,EMP018,3.84,No
S04574,2/27/2022,P01801,57,106.78,6086.46,Hospital,Cash,,EMP017,0,No
S04575,7/29/2022,P01954,73,162.49,11861.77,Wholesale,Insurance,,EMP037,0,Yes
S04576,3/18/2023,P01416,71,59.15,4199.65,Hospital,Cash,,EMP025,9.41,No
S04577,11/17/2022,P00111,27,138.85,3748.95,Hospital,Insurance,,EMP019,0,Yes
S04578,12/10/2023,P00422,62,112.55,6978.1,Wholesale,Cash,,EMP011,8.38,No
S04579,2/21/2022,P00365,58,169.15,9810.7,Wholesale,Insurance,,EMP021,1.45,Yes
S04580,10/26/2023,P00708,45,117.11,5269.95,Retail,Credit Card,,EMP029,20,No
S04581,7/2/2023,P00698,86,43.84,3770.24,Retail,Credit Card,RX-4302,EMP001,0,No
S04582,9/9/2023,P00480,65,35.28,2293.2,Retail,Cash,,EMP016,8.21,No
S04583,11/6/2022,P01720,61,112,6832,Hospital,Cash,,EMP035,0,No
S04584,4/13/2022,P00807,59,6.37,375.83,Wholesale,Credit Card,,EMP025,0,No
S04585,11/26/2022,P01654,67,23.6,1581.2,Retail,Credit Card,,EMP002,0,No
S04586,9/5/2022,P01295,10,218.75,2187.5,Wholesale,Cash,,EMP033,0,No
S04587,9/18/2022,P01314,50,98.76,4938,Hospital,Insurance,,EMP015,0,Yes
S04588,9/15/2023,P01411,26,179.73,4672.98,Online,Insurance,,EMP019,2.78,Yes
S04589,3/8/2023,P00366,14,32.35,452.9,Hospital,Credit Card,,EMP014,10.68,No
S04590,11/20/2023,P01640,36,160.59,5781.24,Clinic,Insurance,,EMP029,0,Yes
S04591,11/13/2022,P00098,48,44.56,2138.88,Online,Debit Card,,EMP003,0,No
S04592,9/4/2022,P01453,31,29.33,909.23,Hospital,Credit Card,,EMP036,0,No
S04593,2/6/2022,P00638,64,24.83,1589.12,Hospital,Debit Card,,EMP024,0,No
S04594,12/29/2022,P01264,49,111.55,5465.95,Online,Insurance,,EMP032,0,Yes
S04595,7/6/2022,P01160,83,14.56,1208.48,Hospital,Cash,,EMP025,0.23,No
S04596,4/26/2023,P01479,8,18.38,147.04,Clinic,Credit Card,,EMP016,0,No
S04597,12/17/2023,P00072,7,104.29,730.03,Online,Cash,,EMP003,15.84,No
S04598,9/20/2022,P01901,59,79.63,4698.17,Hospital,Cash,,EMP005,4.28,No
S04599,12/23/2022,P01174,97,91.36,8861.92,Retail,Credit Card,RX-1734,EMP023,0,No
S04600,11/12/2023,P01592,71,83.63,5937.73,Hospital,Cash,,EMP035,0,No
S04601,11/5/2023,P01998,80,93.45,7476,Wholesale,Debit Card,,EMP047,0,No
S04602,5/15/2023,P00358,22,39.91,878.02,Retail,Cash,,EMP047,13.17,No
S04603,10/15/2022,P00833,32,118.48,3791.36,Online,Credit Card,,EMP019,19.73,No
S04604,2/23/2022,P00612,28,51.04,1429.12,Retail,Insurance,RX-7179,EMP040,0,Yes
S04605,8/16/2023,P01929,6,89.05,534.3,Wholesale,Cash,,EMP029,15.86,No
S04606,5/6/2022,P00933,15,194.93,2923.95,Wholesale,Credit Card,,EMP030,2.71,No
S04607,7/15/2022,P00079,19,37.62,714.78,Clinic,Cash,,EMP026,8.42,No
S04608,5/24/2022,P01844,53,74.6,3953.8,Retail,Cash,,EMP030,0,No
S04609,8/27/2023,P01373,11,102.07,1122.77,Hospital,Credit Card,,EMP023,15.48,No
S04610,12/28/2023,P00365,16,169.15,2706.4,Wholesale,Insurance,,EMP046,2.57,Yes
S04611,10/17/2022,P00123,57,70.2,4001.4,Online,Cash,,EMP006,3.15,No
S04612,6/6/2023,P01218,21,209.08,4390.68,Wholesale,Insurance,,EMP017,2.1,Yes
S04613,1/13/2022,P01256,13,19.41,252.33,Hospital,Debit Card,,EMP022,0,No
S04614,8/20/2022,P01927,65,171.82,11168.3,Hospital,Insurance,,EMP027,0,Yes
S04615,2/22/2022,P01789,43,111.15,4779.45,Wholesale,Insurance,,EMP033,0,Yes
S04616,11/17/2023,P01738,7,81.65,571.55,Retail,Credit Card,RX-3398,EMP005,0,No
S04617,6/3/2022,P00724,93,98,9114,Online,Insurance,,EMP016,0,Yes
S04618,12/7/2023,P01299,65,125.96,8187.4,Online,Insurance,,EMP020,0,Yes
S04619,1/2/2022,P01518,48,190.02,9120.96,Online,Debit Card,,EMP032,15.84,No
S04620,1/12/2023,P01180,92,197.21,18143.32,Online,Cash,,EMP004,0,No
S04621,8/24/2022,P00252,93,7.12,662.16,Clinic,Credit Card,,EMP026,0,No
S04622,6/25/2023,P00569,69,93.44,6447.36,Wholesale,Credit Card,,EMP004,0,No
S04623,11/12/2022,P01054,89,134.74,11991.86,Retail,Debit Card,RX-5736,EMP013,14.27,No
S04624,12/17/2023,P01393,24,33.65,807.6,Hospital,Debit Card,,EMP011,17.12,No
S04625,11/26/2023,P01264,14,111.55,1561.7,Clinic,Debit Card,,EMP004,13.05,No
S04626,7/22/2023,P01820,91,48.47,4410.77,Clinic,Insurance,,EMP028,0,Yes
S04627,6/1/2023,P01663,11,5.9,64.9,Clinic,Cash,,EMP013,13.37,No
S04628,7/30/2023,P00669,21,84.23,1768.83,Clinic,Credit Card,,EMP044,0,No
S04629,7/19/2023,P01575,70,193.76,13563.2,Wholesale,Credit Card,,EMP021,0,No
S04630,12/21/2022,P01726,92,8.04,739.68,Hospital,Debit Card,,EMP029,17.45,No
S04631,9/20/2023,P01841,31,100.4,3112.4,Wholesale,Insurance,,EMP002,0,Yes
S04632,9/26/2022,P01317,74,146.16,10815.84,Online,Insurance,,EMP018,14.47,Yes
S04633,10/27/2022,P01137,82,21.13,1732.66,Hospital,Credit Card,,EMP019,9.11,No
S04634,8/2/2022,P00372,21,148.47,3117.87,Wholesale,Credit Card,,EMP024,0,No
S04635,3/23/2022,P01245,3,149.64,448.92,Clinic,Debit Card,,EMP040,0,No
S04636,1/12/2023,P00304,69,108.29,7472.01,Wholesale,Cash,,EMP013,0,No
S04637,8/16/2023,P00587,20,46.01,920.2,Hospital,Credit Card,,EMP046,16.25,No
S04638,4/22/2022,P01322,19,90.4,1717.6,Wholesale,Cash,,EMP047,0,No
S04639,2/19/2023,P01789,49,111.15,5446.35,Wholesale,Credit Card,,EMP023,10.41,No
S04640,6/14/2022,P00535,35,36.91,1291.85,Wholesale,Debit Card,,EMP008,0,No
S04641,6/6/2023,P00691,94,183.27,17227.38,Online,Insurance,,EMP018,5.56,Yes
S04642,6/3/2022,P01829,40,50.98,2039.2,Hospital,Insurance,,EMP021,0,Yes
S04643,7/24/2023,P00033,92,101.36,9325.12,Wholesale,Debit Card,,EMP010,4.11,No
S04644,8/31/2023,P01964,73,31.78,2319.94,Hospital,Debit Card,,EMP048,18.2,No
S04645,10/16/2023,P00203,24,80.73,1937.52,Online,Cash,,EMP041,1.42,No
S04646,2/21/2022,P00092,7,19.77,138.39,Wholesale,Credit Card,,EMP027,17.49,No
S04647,7/28/2023,P00663,14,78.38,1097.32,Clinic,Debit Card,,EMP018,0,No
S04648,4/21/2022,P01175,91,47.7,4340.7,Online,Credit Card,,EMP039,0,No
S04649,3/17/2022,P00296,58,124.82,7239.56,Hospital,Debit Card,,EMP039,0,No
S04650,9/10/2022,P00370,66,25.19,1662.54,Retail,Insurance,,EMP006,0,Yes
S04651,2/10/2022,P01246,2,93.75,187.5,Clinic,Insurance,,EMP012,2.59,Yes
S04652,12/17/2023,P01758,12,165.1,1981.2,Online,Cash,,EMP047,0,No
S04653,9/17/2023,P01362,33,181.53,5990.49,Wholesale,Credit Card,,EMP031,0,No
S04654,2/22/2023,P01936,72,113.72,8187.84,Wholesale,Credit Card,,EMP046,0,No
S04655,6/16/2022,P01353,10,130.54,1305.4,Clinic,Debit Card,,EMP013,0,No
S04656,10/18/2022,P01936,59,113.72,6709.48,Wholesale,Insurance,,EMP001,0,Yes
S04657,5/27/2023,P01020,24,58.27,1398.48,Online,Insurance,,EMP013,0,Yes
S04658,6/29/2023,P01544,47,76.15,3579.05,Clinic,Cash,,EMP048,0,No
S04659,3/15/2023,P00232,54,87.16,4706.64,Wholesale,Cash,,EMP004,0,No
S04660,10/30/2022,P00492,87,57.1,4967.7,Online,Cash,,EMP033,0,No
S04661,3/10/2022,P00505,31,38.7,1199.7,Hospital,Cash,,EMP019,11.79,No
S04662,8/18/2023,P01689,50,144.18,7209,Wholesale,Insurance,,EMP048,8.07,Yes
S04663,3/15/2022,P01740,8,7.16,57.28,Hospital,Credit Card,,EMP033,0,No
S04664,8/27/2023,P00274,62,108.1,6702.2,Clinic,Credit Card,,EMP034,0,No
S04665,2/3/2022,P01554,7,3.9,27.3,Clinic,Credit Card,,EMP034,11.29,No
S04666,9/27/2023,P01800,4,164.87,659.48,Online,Cash,,EMP035,0,No
S04667,7/27/2023,P00804,26,99.85,2596.1,Retail,Cash,RX-4528,EMP024,0,No
S04668,7/11/2022,P01911,44,116.47,5124.68,Wholesale,Credit Card,,EMP021,0,No
S04669,1/28/2023,P01288,10,131.47,1314.7,Online,Insurance,,EMP049,0,Yes
S04670,5/30/2023,P00658,34,48.94,1663.96,Hospital,Debit Card,,EMP020,0,No
S04671,11/25/2022,P00937,77,77.76,5987.52,Retail,Cash,RX-4606,EMP038,19.29,No
S04672,10/2/2022,P00281,92,80.64,7418.88,Retail,Insurance,,EMP032,0,Yes
S04673,11/3/2022,P01185,29,15.15,439.35,Clinic,Debit Card,,EMP029,0,No
S04674,4/18/2023,P00736,71,181.57,12891.47,Hospital,Debit Card,,EMP034,6.93,No
S04675,12/3/2023,P00726,45,4.17,187.65,Wholesale,Credit Card,,EMP041,0,No
S04676,7/8/2023,P01327,48,5.76,276.48,Online,Insurance,,EMP007,0,Yes
S04677,3/8/2022,P00977,7,67.33,471.31,Wholesale,Credit Card,,EMP018,5.22,No
S04678,3/9/2022,P00626,66,151.98,10030.68,Hospital,Debit Card,,EMP016,0,No
S04679,3/22/2023,P01051,86,96.17,8270.62,Online,Credit Card,,EMP019,14,No
S04680,8/12/2022,P00800,71,113.61,8066.31,Hospital,Credit Card,,EMP049,0,No
S04681,9/29/2023,P01175,89,47.7,4245.3,Retail,Debit Card,RX-9706,EMP016,10.7,No
S04682,12/14/2023,P01568,39,55.69,2171.91,Hospital,Credit Card,,EMP005,0,No
S04683,4/8/2022,P00974,95,72,6840,Hospital,Debit Card,,EMP024,0,No
S04684,11/9/2023,P00256,4,148.85,595.4,Online,Credit Card,,EMP045,13.97,No
S04685,10/22/2022,P00283,96,104.05,9988.8,Wholesale,Insurance,,EMP004,0,Yes
S04686,11/9/2022,P01800,62,164.87,10221.94,Hospital,Cash,,EMP049,14.64,No
S04687,8/3/2023,P00008,98,187.83,18407.34,Retail,Credit Card,,EMP025,0,No
S04688,9/28/2023,P00774,4,146.12,584.48,Wholesale,Insurance,,EMP035,0,Yes
S04689,9/26/2022,P00878,29,102.66,2977.14,Clinic,Debit Card,,EMP014,0,No
S04690,6/18/2023,P00434,51,95.52,4871.52,Hospital,Credit Card,,EMP004,0,No
S04691,5/28/2023,P00850,81,26.08,2112.48,Wholesale,Cash,,EMP030,0,No
S04692,12/22/2022,P00172,21,191.19,4014.99,Online,Credit Card,,EMP005,0,No
S04693,6/11/2022,P00341,88,66.55,5856.4,Retail,Insurance,RX-2055,EMP042,13.91,Yes
S04694,9/6/2022,P01577,23,210.15,4833.45,Clinic,Debit Card,,EMP033,9.93,No
S04695,10/20/2023,P01372,69,146.25,10091.25,Clinic,Debit Card,,EMP008,0,No
S04696,4/2/2023,P00523,67,138.88,9304.96,Hospital,Insurance,,EMP001,8.27,Yes
S04697,12/24/2023,P00194,32,138.04,4417.28,Online,Credit Card,,EMP046,0,No
S04698,2/28/2023,P01750,33,81.85,2701.05,Wholesale,Insurance,,EMP022,16.37,Yes
S04699,8/15/2023,P00634,2,94.81,189.62,Online,Credit Card,,EMP030,0,No
S04700,5/4/2023,P00769,21,47.7,1001.7,Hospital,Credit Card,,EMP015,0,No
S04701,5/4/2023,P00015,83,5.23,434.09,Online,Insurance,,EMP023,0.85,Yes
S04702,2/9/2023,P00303,78,31.58,2463.24,Clinic,Debit Card,,EMP031,0,No
S04703,2/18/2022,P01874,53,160.86,8525.58,Online,Debit Card,,EMP038,0,No
S04704,9/3/2022,P01139,98,153.78,15070.44,Clinic,Cash,,EMP003,0,No
S04705,9/27/2023,P00699,53,179.3,9502.9,Online,Insurance,,EMP038,0,Yes
S04706,7/20/2023,P00023,9,83.93,755.37,Retail,Cash,,EMP018,0,No
S04707,2/18/2022,P00119,20,222.49,4449.8,Clinic,Insurance,,EMP002,0,Yes
S04708,9/21/2022,P01669,95,34.2,3249,Clinic,Credit Card,,EMP046,0,No
S04709,12/22/2022,P00778,17,14.67,249.39,Retail,Credit Card,RX-2232,EMP020,0,No
S04710,8/12/2023,P01580,10,30.16,301.6,Wholesale,Cash,,EMP039,1.8,No
S04711,12/9/2023,P00365,47,169.15,7950.05,Retail,Credit Card,,EMP032,19.93,No
S04712,4/6/2023,P00572,39,81.88,3193.32,Wholesale,Insurance,,EMP039,0,Yes
S04713,4/9/2023,P01750,10,81.85,818.5,Online,Cash,,EMP039,0,No
S04714,5/13/2022,P01598,1,119.31,119.31,Hospital,Cash,,EMP016,0,No
S04715,7/30/2022,P01502,92,203.2,18694.4,Retail,Debit Card,RX-6466,EMP021,0,No
S04716,11/7/2023,P00833,55,118.48,6516.4,Hospital,Debit Card,,EMP038,0,No
S04717,12/25/2022,P00868,53,76.63,4061.39,Clinic,Credit Card,,EMP010,0,No
S04718,12/21/2022,P01106,44,7.52,330.88,Retail,Cash,,EMP042,0,No
S04719,11/18/2022,P01207,39,40.86,1593.54,Retail,Credit Card,,EMP021,1.16,No
S04720,2/9/2023,P01065,10,27.58,275.8,Wholesale,Debit Card,,EMP041,0,No
S04721,8/27/2023,P00128,78,67.29,5248.62,Retail,Credit Card,RX-9256,EMP013,0,No
S04722,10/15/2022,P01269,34,64.9,2206.6,Hospital,Debit Card,,EMP009,8.52,No
S04723,1/16/2022,P00224,30,142.94,4288.2,Clinic,Cash,,EMP012,0,No
S04724,1/26/2022,P00928,59,122.47,7225.73,Wholesale,Cash,,EMP001,0,No
S04725,10/10/2022,P01645,45,66.46,2990.7,Retail,Credit Card,RX-6402,EMP022,0,No
S04726,10/24/2022,P01030,91,62.5,5687.5,Wholesale,Credit Card,,EMP008,0,No
S04727,8/1/2023,P00140,48,89.42,4292.16,Hospital,Debit Card,,EMP027,0,No
S04728,12/17/2023,P01648,76,97.12,7381.12,Wholesale,Credit Card,,EMP009,13.71,No
S04729,10/30/2023,P00773,30,110.75,3322.5,Wholesale,Credit Card,,EMP009,0,No
S04730,6/14/2023,P01990,83,84.14,6983.62,Hospital,Credit Card,,EMP016,2.62,No
S04731,6/25/2022,P00526,87,97.95,8521.65,Wholesale,Debit Card,,EMP037,13.91,No
S04732,9/16/2023,P00199,25,98.58,2464.5,Clinic,Credit Card,,EMP048,11.81,No
S04733,6/19/2022,P00965,61,85.52,5216.72,Clinic,Insurance,,EMP047,0,Yes
S04734,7/23/2022,P00381,84,103.75,8715,Online,Insurance,,EMP017,0,Yes
S04735,7/6/2023,P00983,21,93.73,1968.33,Hospital,Debit Card,,EMP019,17.3,No
S04736,2/18/2023,P01501,21,71.7,1505.7,Wholesale,Insurance,,EMP036,0,Yes
S04737,4/16/2022,P00469,67,83.64,5603.88,Retail,Insurance,RX-9169,EMP033,9.18,Yes
S04738,8/25/2023,P01893,43,30.5,1311.5,Retail,Debit Card,,EMP045,0,No
S04739,6/14/2023,P01984,65,57.54,3740.1,Clinic,Insurance,,EMP024,0,Yes
S04740,4/23/2023,P00287,2,148.66,297.32,Clinic,Debit Card,,EMP008,0,No
S04741,6/2/2022,P00235,57,156.65,8929.05,Hospital,Credit Card,,EMP044,0,No
S04742,3/21/2022,P01330,8,131,1048,Wholesale,Insurance,,EMP011,0,Yes
S04743,5/17/2022,P00827,76,149.45,11358.2,Retail,Debit Card,,EMP030,0,No
S04744,1/20/2022,P00124,48,86.25,4140,Clinic,Insurance,,EMP039,0,Yes
S04745,2/14/2022,P01364,32,123.71,3958.72,Online,Debit Card,,EMP011,14.48,No
S04746,10/20/2023,P01681,68,93.29,6343.72,Clinic,Cash,,EMP047,0,No
S04747,6/30/2022,P00566,64,15.5,992,Hospital,Credit Card,,EMP029,0,No
S04748,11/1/2023,P00963,58,135.31,7847.98,Hospital,Credit Card,,EMP025,0,No
S04749,11/21/2023,P00089,57,38.16,2175.12,Retail,Insurance,RX-1360,EMP038,0,Yes
S04750,2/11/2022,P01265,35,125.93,4407.55,Hospital,Debit Card,,EMP049,9.89,No
S04751,7/31/2022,P00887,2,20.08,40.16,Hospital,Credit Card,,EMP044,8.2,No
S04752,6/30/2023,P00913,89,90.51,8055.39,Online,Debit Card,,EMP024,1.65,No
S04753,4/3/2022,P01910,71,207.67,14744.57,Clinic,Credit Card,,EMP032,0,No
S04754,9/30/2023,P01256,44,19.41,854.04,Hospital,Credit Card,,EMP017,0,No
S04755,11/2/2022,P00508,77,79.87,6149.99,Online,Insurance,,EMP032,0,Yes
S04756,8/11/2023,P01987,17,92.34,1569.78,Clinic,Insurance,,EMP025,0,Yes
S04757,9/2/2023,P01894,5,132.08,660.4,Clinic,Credit Card,,EMP013,0,No
S04758,8/21/2023,P00039,60,45.91,2754.6,Online,Credit Card,,EMP023,0,No
S04759,8/5/2022,P00081,77,103.27,7951.79,Hospital,Debit Card,,EMP042,11.65,No
S04760,10/7/2023,P01043,16,110.54,1768.64,Retail,Insurance,RX-7119,EMP014,0,Yes
S04761,11/3/2023,P01146,74,82.81,6127.94,Wholesale,Insurance,,EMP007,0,Yes
S04762,6/6/2023,P00943,40,226.14,9045.6,Hospital,Debit Card,,EMP048,0,No
S04763,2/9/2023,P00008,89,187.83,16716.87,Clinic,Credit Card,,EMP009,19.54,No
S04764,3/10/2022,P01244,81,61.15,4953.15,Hospital,Insurance,,EMP018,0,Yes
S04765,8/15/2023,P01084,74,21.59,1597.66,Hospital,Cash,,EMP021,0,No
S04766,2/4/2023,P01449,77,118.74,9142.98,Clinic,Insurance,,EMP025,0,Yes
S04767,6/18/2023,P00237,75,108.64,8148,Hospital,Cash,,EMP011,0,No
S04768,12/20/2023,P01785,83,92.35,7665.05,Clinic,Cash,,EMP017,19.19,No
S04769,5/29/2022,P00425,75,53.79,4034.25,Hospital,Insurance,,EMP027,0,Yes
S04770,6/17/2022,P01094,22,29.11,640.42,Clinic,Insurance,,EMP013,11.82,Yes
S04771,12/13/2023,P00757,48,81.19,3897.12,Online,Insurance,,EMP018,2.54,Yes
S04772,12/1/2022,P00846,15,32.5,487.5,Wholesale,Debit Card,,EMP001,0,No
S04773,12/5/2023,P00408,23,76.45,1758.35,Wholesale,Insurance,,EMP005,0,Yes
S04774,7/16/2022,P00713,65,63.16,4105.4,Clinic,Insurance,,EMP029,0,Yes
S04775,3/15/2023,P00381,44,103.75,4565,Retail,Cash,RX-9775,EMP016,0,No
S04776,5/22/2022,P00996,53,32.8,1738.4,Clinic,Cash,,EMP044,0,No
S04777,7/18/2022,P01717,46,159.19,7322.74,Hospital,Debit Card,,EMP038,12.78,No
S04778,8/4/2022,P01230,36,57.13,2056.68,Hospital,Insurance,,EMP006,0,Yes
S04779,3/25/2022,P01199,17,79.45,1350.65,Online,Cash,,EMP014,0,No
S04780,11/28/2022,P01053,67,147.93,9911.31,Hospital,Insurance,,EMP014,3.17,Yes
S04781,5/18/2022,P01107,29,81.3,2357.7,Online,Credit Card,,EMP001,0,No
S04782,12/30/2022,P01623,43,85.31,3668.33,Hospital,Insurance,,EMP021,0,Yes
S04783,3/13/2022,P00645,48,221.7,10641.6,Wholesale,Cash,,EMP038,0,No
S04784,11/24/2023,P01552,4,124.04,496.16,Wholesale,Debit Card,,EMP012,0,No
S04785,4/20/2023,P01432,47,111.4,5235.8,Hospital,Debit Card,,EMP028,0,No
S04786,5/9/2023,P01028,95,174.57,16584.15,Retail,Cash,RX-8291,EMP016,11.35,No
S04787,11/14/2022,P00184,55,57.83,3180.65,Hospital,Debit Card,,EMP038,19.34,No
S04788,7/7/2023,P01083,66,54.39,3589.74,Wholesale,Credit Card,,EMP020,0,No
S04789,8/2/2022,P00219,47,111.05,5219.35,Wholesale,Credit Card,,EMP017,0,No
S04790,11/28/2022,P00440,91,174.92,15917.72,Clinic,Cash,,EMP042,0,No
S04791,12/27/2022,P00955,88,200.04,17603.52,Retail,Insurance,,EMP048,0,Yes
S04792,7/17/2022,P00217,30,153.66,4609.8,Online,Cash,,EMP032,0,No
S04793,3/13/2023,P00371,83,81.11,6732.13,Online,Debit Card,,EMP032,0,No
S04794,5/22/2022,P01595,70,103.44,7240.8,Wholesale,Insurance,,EMP025,0,Yes
S04795,8/10/2022,P00161,73,182.61,13330.53,Retail,Cash,RX-9016,EMP018,14.68,No
S04796,12/22/2023,P00716,26,107.33,2790.58,Hospital,Insurance,,EMP040,0,Yes
S04797,11/14/2022,P01885,91,60.15,5473.65,Online,Cash,,EMP047,0,No
S04798,12/7/2023,P01843,12,123.34,1480.08,Clinic,Debit Card,,EMP033,0,No
S04799,6/8/2022,P00630,78,41.82,3261.96,Retail,Insurance,RX-4253,EMP039,0,Yes
S04800,11/23/2023,P01029,65,232.67,15123.55,Hospital,Debit Card,,EMP011,0,No
S04801,7/21/2022,P00688,36,235.46,8476.56,Clinic,Debit Card,,EMP027,0,No
S04802,11/9/2022,P01724,58,175.45,10176.1,Hospital,Cash,,EMP036,10.62,No
S04803,6/25/2022,P01363,83,104.08,8638.64,Wholesale,Debit Card,,EMP024,0,No
S04804,5/3/2022,P01037,8,100.38,803.04,Clinic,Debit Card,,EMP017,17.51,No
S04805,7/2/2022,P00227,50,101.92,5096,Retail,Credit Card,RX-9737,EMP042,0,No
S04806,7/23/2023,P01197,43,51.83,2228.69,Online,Cash,,EMP008,0,No
S04807,1/28/2023,P00040,55,187.27,10299.85,Wholesale,Debit Card,,EMP006,0,No
S04808,5/14/2023,P01738,15,81.65,1224.75,Hospital,Credit Card,,EMP017,0,No
S04809,6/30/2022,P01382,49,150.79,7388.71,Online,Insurance,,EMP013,0,Yes
S04810,6/24/2023,P01833,69,66.94,4618.86,Hospital,Cash,,EMP003,11.98,No
S04811,6/17/2023,P00699,35,179.3,6275.5,Clinic,Cash,,EMP009,3.77,No
S04812,7/13/2022,P00892,5,71.65,358.25,Wholesale,Cash,,EMP043,0,No
S04813,10/18/2022,P01671,34,97.83,3326.22,Retail,Insurance,RX-9742,EMP039,0,Yes
S04814,3/17/2022,P01263,18,123.45,2222.1,Wholesale,Credit Card,,EMP036,16.66,No
S04815,7/23/2022,P01081,71,97.67,6934.57,Wholesale,Cash,,EMP001,0,No
S04816,3/24/2022,P01262,26,7,182,Clinic,Credit Card,,EMP004,0,No
S04817,4/16/2022,P01703,96,101.08,9703.68,Retail,Cash,RX-8033,EMP018,0,No
S04818,12/27/2022,P00046,77,33.93,2612.61,Retail,Debit Card,RX-9129,EMP026,0,No
S04819,10/11/2023,P01919,44,54.23,2386.12,Online,Cash,,EMP030,15.03,No
S04820,5/29/2023,P01121,60,2.5,150,Retail,Cash,RX-6898,EMP047,0,No
S04821,10/3/2022,P01897,62,15.7,973.4,Hospital,Credit Card,,EMP029,0,No
S04822,4/12/2023,P01053,99,147.93,14645.07,Wholesale,Credit Card,,EMP043,13.54,No
S04823,5/14/2022,P00413,32,230.55,7377.6,Retail,Insurance,,EMP001,0.97,Yes
S04824,2/2/2023,P00569,20,93.44,1868.8,Hospital,Insurance,,EMP007,0,Yes
S04825,7/11/2022,P01744,21,196.38,4123.98,Retail,Insurance,RX-3359,EMP042,0,Yes
S04826,3/15/2023,P01676,36,102.63,3694.68,Clinic,Debit Card,,EMP005,0,No
S04827,8/15/2023,P01628,52,18.06,939.12,Wholesale,Insurance,,EMP003,0,Yes
S04828,2/6/2023,P00384,79,3.57,282.03,Hospital,Debit Card,,EMP018,0,No
S04829,8/30/2022,P01939,99,3.63,359.37,Retail,Credit Card,,EMP008,0,No
S04830,9/7/2023,P00813,97,213.86,20744.42,Wholesale,Insurance,,EMP046,0,Yes
S04831,8/21/2023,P00599,2,11.43,22.86,Clinic,Insurance,,EMP040,1.68,Yes
S04832,12/13/2022,P01196,98,137.27,13452.46,Wholesale,Insurance,,EMP036,0,Yes
S04833,11/26/2023,P00136,52,106.48,5536.96,Retail,Credit Card,RX-5237,EMP019,12.8,No
S04834,10/20/2023,P01325,95,46.72,4438.4,Wholesale,Credit Card,,EMP006,18.87,No
S04835,4/19/2022,P00784,69,83.75,5778.75,Wholesale,Insurance,,EMP049,0,Yes
S04836,4/14/2022,P00224,88,142.94,12578.72,Online,Credit Card,,EMP023,0,No
S04837,7/3/2023,P00367,88,115.62,10174.56,Retail,Insurance,RX-8323,EMP001,0,Yes
S04838,4/14/2022,P00059,65,70.29,4568.85,Wholesale,Cash,,EMP032,17.39,No
S04839,8/11/2023,P00653,16,42.92,686.72,Online,Cash,,EMP016,0,No
S04840,2/15/2023,P01730,36,7.47,268.92,Clinic,Cash,,EMP031,0,No
S04841,7/7/2022,P00041,88,14.29,1257.52,Retail,Cash,RX-8284,EMP030,0,No
S04842,5/10/2022,P00317,56,72.22,4044.32,Retail,Credit Card,RX-5439,EMP017,0,No
S04843,1/25/2023,P00575,81,60.33,4886.73,Clinic,Debit Card,,EMP043,0,No
S04844,5/8/2022,P00021,84,36.83,3093.72,Retail,Insurance,,EMP044,0,Yes
S04845,1/2/2023,P01624,34,85.73,2914.82,Online,Credit Card,,EMP032,14.46,No
S04846,7/30/2022,P00394,94,50.26,4724.44,Clinic,Insurance,,EMP003,1.38,Yes
S04847,9/4/2022,P01197,95,51.83,4923.85,Clinic,Credit Card,,EMP002,0,No
S04848,9/29/2022,P01174,66,91.36,6029.76,Hospital,Credit Card,,EMP014,0.08,No
S04849,4/3/2022,P00818,39,63.65,2482.35,Clinic,Cash,,EMP017,0,No
S04850,1/25/2023,P00332,96,56.1,5385.6,Wholesale,Cash,,EMP003,6.92,No
S04851,11/14/2022,P00625,78,187.72,14642.16,Wholesale,Debit Card,,EMP003,4.24,No
S04852,1/21/2022,P00219,49,111.05,5441.45,Clinic,Credit Card,,EMP025,0,No
S04853,3/20/2023,P00757,88,81.19,7144.72,Clinic,Debit Card,,EMP021,0,No
S04854,7/29/2023,P01441,29,65.69,1905.01,Wholesale,Insurance,,EMP023,0,Yes
S04855,2/2/2023,P01663,28,5.9,165.2,Retail,Debit Card,RX-5677,EMP008,0,No
S04856,3/29/2023,P00145,42,97.6,4099.2,Clinic,Credit Card,,EMP033,0,No
S04857,12/17/2023,P01175,6,47.7,286.2,Retail,Debit Card,RX-9392,EMP005,0,No
S04858,9/24/2023,P01098,43,43.78,1882.54,Hospital,Cash,,EMP006,0,No
S04859,7/30/2023,P01369,30,42.17,1265.1,Wholesale,Cash,,EMP021,0,No
S04860,1/19/2023,P01680,11,140.05,1540.55,Online,Cash,,EMP043,0,No
S04861,7/25/2023,P01252,69,147.93,10207.17,Clinic,Cash,,EMP004,5.66,No
S04862,1/14/2022,P01684,28,64.35,1801.8,Clinic,Cash,,EMP028,0,No
S04863,12/5/2023,P00281,55,80.64,4435.2,Clinic,Credit Card,,EMP007,0,No
S04864,6/5/2023,P00887,69,20.08,1385.52,Online,Debit Card,,EMP011,0,No
S04865,12/26/2023,P01399,27,36.73,991.71,Retail,Credit Card,RX-4983,EMP046,0,No
S04866,3/4/2022,P01760,39,29.16,1137.24,Hospital,Cash,,EMP017,0,No
S04867,2/28/2022,P00582,52,24.29,1263.08,Online,Debit Card,,EMP006,0,No
S04868,11/3/2022,P01486,91,131.66,11981.06,Online,Credit Card,,EMP009,0,No
S04869,3/1/2023,P01036,47,58.62,2755.14,Hospital,Insurance,,EMP038,16.11,Yes
S04870,12/15/2022,P00679,7,181.72,1272.04,Retail,Credit Card,RX-5706,EMP033,19.94,No
S04871,4/24/2022,P01872,41,43.11,1767.51,Clinic,Insurance,,EMP022,0,Yes
S04872,2/4/2022,P01942,24,99.36,2384.64,Hospital,Credit Card,,EMP004,0,No
S04873,6/28/2023,P00496,75,146.23,10967.25,Retail,Cash,,EMP019,0,No
S04874,3/8/2022,P01830,66,87.07,5746.62,Clinic,Insurance,,EMP025,0,Yes
S04875,11/21/2023,P00461,22,185.84,4088.48,Clinic,Insurance,,EMP008,5.84,Yes
S04876,1/2/2023,P00726,29,4.17,120.93,Retail,Credit Card,,EMP040,0,No
S04877,12/5/2023,P01389,96,6.18,593.28,Clinic,Cash,,EMP046,7.01,No
S04878,11/30/2022,P00359,28,66.28,1855.84,Wholesale,Cash,,EMP033,0,No
S04879,9/28/2023,P00372,13,148.47,1930.11,Online,Debit Card,,EMP036,0,No
S04880,3/7/2023,P00804,77,99.85,7688.45,Retail,Debit Card,RX-4746,EMP020,15.59,No
S04881,2/15/2022,P01750,74,81.85,6056.9,Wholesale,Insurance,,EMP033,0,Yes
S04882,7/11/2022,P01226,9,26.21,235.89,Wholesale,Credit Card,,EMP019,19.68,No
S04883,5/7/2023,P01943,5,79.55,397.75,Online,Credit Card,,EMP035,0,No
S04884,7/8/2023,P00215,46,76.34,3511.64,Retail,Credit Card,,EMP036,0,No
S04885,2/20/2022,P00003,31,56.87,1762.97,Online,Credit Card,,EMP020,0,No
S04886,7/27/2022,P01818,28,121.56,3403.68,Clinic,Cash,,EMP027,0,No
S04887,4/5/2023,P00333,9,65.18,586.62,Retail,Cash,RX-9740,EMP030,0,No
S04888,5/23/2023,P00549,81,237.28,19219.68,Retail,Insurance,RX-7668,EMP024,16.51,Yes
S04889,11/16/2023,P00657,23,223.71,5145.33,Hospital,Insurance,,EMP039,12.92,Yes
S04890,11/16/2022,P00047,11,61.68,678.48,Wholesale,Credit Card,,EMP020,5.52,No
S04891,9/21/2023,P00380,37,37.42,1384.54,Online,Credit Card,,EMP016,0,No
S04892,8/20/2023,P01424,65,34.36,2233.4,Online,Cash,,EMP015,0,No
S04893,7/17/2023,P01900,8,81.8,654.4,Clinic,Cash,,EMP032,0,No
S04894,9/3/2022,P01318,27,124.11,3350.97,Retail,Debit Card,,EMP013,0,No
S04895,7/1/2023,P01084,19,21.59,410.21,Clinic,Insurance,,EMP026,0,Yes
S04896,8/26/2023,P01684,2,64.35,128.7,Retail,Insurance,RX-1376,EMP046,16.91,Yes
S04897,1/5/2022,P01880,68,38.34,2607.12,Retail,Credit Card,RX-9197,EMP024,14.26,No
S04898,6/2/2023,P01756,16,131.58,2105.28,Clinic,Insurance,,EMP045,0,Yes
S04899,1/2/2022,P00482,33,95.88,3164.04,Wholesale,Credit Card,,EMP040,0,No
S04900,5/1/2022,P01518,30,190.02,5700.6,Retail,Cash,,EMP007,0,No
S04901,9/15/2023,P00769,50,47.7,2385,Clinic,Credit Card,,EMP036,7.58,No
S04902,9/27/2022,P01584,94,9.44,887.36,Clinic,Insurance,,EMP008,0,Yes
S04903,1/19/2022,P01182,97,179.82,17442.54,Retail,Credit Card,RX-5811,EMP025,0,No
S04904,8/31/2022,P01327,74,5.76,426.24,Wholesale,Credit Card,,EMP017,0,No
S04905,8/22/2022,P01098,72,43.78,3152.16,Wholesale,Insurance,,EMP041,0,Yes
S04906,12/11/2022,P01594,1,102.68,102.68,Online,Insurance,,EMP038,0,Yes
S04907,10/18/2023,P01063,56,168.85,9455.6,Clinic,Cash,,EMP020,15.15,No
S04908,9/2/2023,P00662,80,129.76,10380.8,Online,Insurance,,EMP008,0,Yes
S04909,11/22/2023,P00548,60,113.18,6790.8,Clinic,Insurance,,EMP024,0,Yes
S04910,11/30/2022,P00583,28,41.68,1167.04,Retail,Cash,,EMP026,14.77,No
S04911,5/30/2023,P01157,10,88.59,885.9,Clinic,Cash,,EMP044,2.35,No
S04912,5/21/2023,P00544,9,43.93,395.37,Retail,Debit Card,RX-3440,EMP047,0,No
S04913,12/12/2023,P01466,16,134.77,2156.32,Wholesale,Credit Card,,EMP011,9.95,No
S04914,3/7/2023,P01039,84,96.06,8069.04,Clinic,Cash,,EMP012,0,No
S04915,8/21/2022,P00298,9,84.68,762.12,Retail,Credit Card,,EMP032,0,No
S04916,6/3/2023,P00440,10,174.92,1749.2,Hospital,Cash,,EMP020,0,No
S04917,7/12/2023,P00352,29,66.44,1926.76,Hospital,Insurance,,EMP042,0,Yes
S04918,8/9/2023,P00395,77,73.66,5671.82,Retail,Credit Card,,EMP045,0,No
S04919,12/5/2022,P00337,18,11.25,202.5,Online,Insurance,,EMP031,0,Yes
S04920,8/29/2022,P00457,58,61.82,3585.56,Clinic,Credit Card,,EMP033,0.49,No
S04921,5/4/2023,P01945,14,210.44,2946.16,Clinic,Credit Card,,EMP009,0,No
S04922,5/19/2023,P00108,46,70.51,3243.46,Clinic,Credit Card,,EMP016,0,No
S04923,11/4/2023,P00171,36,39.55,1423.8,Online,Cash,,EMP002,0,No
S04924,3/31/2023,P01692,38,45.34,1722.92,Online,Cash,,EMP049,0,No
S04925,12/14/2022,P01840,49,113.98,5585.02,Hospital,Debit Card,,EMP047,0,No
S04926,7/23/2022,P01128,49,10.78,528.22,Retail,Insurance,,EMP006,0,Yes
S04927,10/9/2023,P00939,67,137.58,9217.86,Clinic,Credit Card,,EMP012,0,No
S04928,11/29/2022,P00034,44,139.99,6159.56,Clinic,Credit Card,,EMP029,0,No
S04929,10/23/2023,P01207,14,40.86,572.04,Retail,Credit Card,RX-5611,EMP014,0,No
S04930,3/7/2022,P01588,60,63.41,3804.6,Hospital,Debit Card,,EMP007,0,No
S04931,7/27/2022,P01011,99,43.2,4276.8,Wholesale,Insurance,,EMP042,0,Yes
S04932,7/31/2022,P00589,76,100.97,7673.72,Clinic,Debit Card,,EMP005,2.64,No
S04933,10/22/2022,P00002,40,9.87,394.8,Clinic,Insurance,,EMP024,0.43,Yes
S04934,1/1/2023,P00132,88,96.52,8493.76,Wholesale,Cash,,EMP024,0,No
S04935,2/10/2023,P01509,75,106.98,8023.5,Wholesale,Credit Card,,EMP014,0,No
S04936,7/23/2022,P01068,37,100.45,3716.65,Online,Insurance,,EMP005,0,Yes
S04937,9/25/2022,P01340,99,135.78,13442.22,Clinic,Credit Card,,EMP033,0,No
S04938,12/26/2023,P01872,5,43.11,215.55,Hospital,Insurance,,EMP006,0,Yes
S04939,3/26/2022,P00468,96,80.59,7736.64,Hospital,Credit Card,,EMP006,10.28,No
S04940,10/21/2022,P01899,30,128.93,3867.9,Hospital,Credit Card,,EMP036,18.9,No
S04941,8/18/2023,P00741,39,198.32,7734.48,Wholesale,Debit Card,,EMP006,0,No
S04942,6/27/2023,P01858,37,121.06,4479.22,Clinic,Debit Card,,EMP016,0,No
S04943,10/25/2022,P00373,20,117.83,2356.6,Online,Cash,,EMP049,0,No
S04944,6/4/2023,P01497,45,53.61,2412.45,Retail,Credit Card,,EMP003,0,No
S04945,3/26/2022,P01063,63,168.85,10637.55,Clinic,Insurance,,EMP048,0,Yes
S04946,5/27/2023,P01965,61,55.04,3357.44,Clinic,Credit Card,,EMP014,0,No
S04947,2/16/2023,P01760,38,29.16,1108.08,Retail,Credit Card,,EMP005,0,No
S04948,1/25/2023,P01210,70,157.53,11027.1,Wholesale,Debit Card,,EMP039,0,No
S04949,12/7/2022,P01327,50,5.76,288,Clinic,Cash,,EMP009,0,No
S04950,6/7/2023,P01480,82,33.9,2779.8,Retail,Debit Card,,EMP006,0,No
S04951,10/10/2022,P01084,22,21.59,474.98,Retail,Cash,,EMP010,5.31,No
S04952,5/13/2023,P00241,98,46.58,4564.84,Clinic,Debit Card,,EMP034,0,No
S04953,8/9/2023,P00843,93,99.23,9228.39,Wholesale,Credit Card,,EMP030,0,No
S04954,10/12/2023,P01280,42,22.73,954.66,Hospital,Cash,,EMP003,0,No
S04955,4/13/2022,P01108,87,87.83,7641.21,Retail,Credit Card,RX-1627,EMP016,0,No
S04956,10/5/2023,P01455,56,117.71,6591.76,Online,Cash,,EMP022,7.28,No
S04957,4/23/2023,P00165,70,161.29,11290.3,Wholesale,Credit Card,,EMP026,0,No
S04958,8/1/2022,P01953,90,208.42,18757.8,Online,Debit Card,,EMP012,15.17,No
S04959,12/13/2023,P01128,97,10.78,1045.66,Hospital,Cash,,EMP007,5.69,No
S04960,6/15/2022,P00933,99,194.93,19298.07,Hospital,Debit Card,,EMP036,0,No
S04961,1/1/2022,P00108,59,70.51,4160.09,Wholesale,Insurance,,EMP033,0,Yes
S04962,3/14/2022,P01123,94,22.92,2154.48,Online,Insurance,,EMP010,11.14,Yes
S04963,5/31/2022,P00301,62,33.14,2054.68,Retail,Debit Card,,EMP018,14.37,No
S04964,7/17/2022,P01551,39,189.08,7374.12,Online,Debit Card,,EMP034,0,No
S04965,11/24/2022,P01402,2,123.72,247.44,Online,Insurance,,EMP010,0,Yes
S04966,11/12/2023,P00090,26,11.29,293.54,Retail,Credit Card,RX-1063,EMP043,2.08,No
S04967,10/24/2023,P01455,61,117.71,7180.31,Retail,Credit Card,RX-5468,EMP018,4.43,No
S04968,6/9/2022,P00424,85,78.75,6693.75,Clinic,Cash,,EMP027,0,No
S04969,11/22/2023,P00429,68,105.2,7153.6,Clinic,Debit Card,,EMP009,0,No
S04970,7/8/2023,P01058,7,69.6,487.2,Hospital,Debit Card,,EMP042,0,No
S04971,1/21/2023,P00130,53,16.02,849.06,Clinic,Debit Card,,EMP024,0,No
S04972,3/23/2022,P01475,43,97.14,4177.02,Wholesale,Debit Card,,EMP021,0,No
S04973,12/16/2023,P00564,61,128.81,7857.41,Wholesale,Debit Card,,EMP022,0,No
S04974,6/17/2023,P00303,97,31.58,3063.26,Retail,Cash,,EMP012,0,No
S04975,11/10/2022,P01544,95,76.15,7234.25,Hospital,Debit Card,,EMP007,0,No
S04976,12/15/2023,P00063,81,114.26,9255.06,Retail,Cash,,EMP049,0,No
S04977,5/17/2022,P01846,82,141.32,11588.24,Online,Credit Card,,EMP010,0,No
S04978,9/22/2023,P01734,41,58.65,2404.65,Online,Insurance,,EMP017,0,Yes
S04979,5/26/2023,P00170,97,215.87,20939.39,Wholesale,Credit Card,,EMP042,0,No
S04980,9/6/2022,P00767,51,13.06,666.06,Wholesale,Debit Card,,EMP023,0,No
S04981,11/24/2023,P01227,93,159.27,14812.11,Clinic,Debit Card,,EMP033,0,No
S04982,2/28/2023,P01553,77,15.55,1197.35,Wholesale,Debit Card,,EMP029,0,No
S04983,3/28/2023,P01984,45,57.54,2589.3,Clinic,Credit Card,,EMP016,0,No
S04984,5/26/2023,P01672,92,93.06,8561.52,Online,Insurance,,EMP004,0,Yes
S04985,2/18/2022,P01922,64,83.3,5331.2,Online,Credit Card,,EMP030,2.2,No
S04986,11/12/2023,P01754,26,22.28,579.28,Retail,Debit Card,,EMP030,0,No
S04987,6/27/2023,P01390,58,47.51,2755.58,Clinic,Insurance,,EMP024,0,Yes
S04988,4/12/2022,P01808,32,38.21,1222.72,Retail,Credit Card,RX-1829,EMP042,0,No
S04989,3/1/2022,P01528,6,91.5,549,Online,Credit Card,,EMP005,18.9,No
S04990,1/25/2023,P01046,17,37.03,629.51,Hospital,Insurance,,EMP018,0,Yes
S04991,2/15/2023,P00567,18,127.5,2295,Online,Debit Card,,EMP008,0,No
S04992,10/1/2022,P01925,96,10.88,1044.48,Retail,Cash,RX-8589,EMP001,14.54,No
S04993,7/21/2022,P01717,79,159.19,12576.01,Online,Debit Card,,EMP028,0,No
S04994,8/31/2023,P00145,31,97.6,3025.6,Clinic,Debit Card,,EMP018,0,No
S04995,5/22/2023,P01600,76,72.85,5536.6,Wholesale,Insurance,,EMP028,0,Yes
S04996,6/28/2023,P01435,99,160.46,15885.54,Online,Insurance,,EMP011,0,Yes
S04997,7/25/2023,P01812,93,61.84,5751.12,Wholesale,Debit Card,,EMP013,0,No
S04998,10/11/2023,P00404,51,50.63,2582.13,Wholesale,Cash,,EMP019,0,No
S04999,1/1/2022,P01973,43,52.89,2274.27,Online,Cash,,EMP044,14.1,No
S05000,11/1/2022,P00573,82,179.3,14702.6,Online,Credit Card,,EMP023,9.35,No
S05001,6/23/2022,P00717,1,151.85,151.85,Wholesale,Credit Card,,EMP049,10.65,No
S05002,10/8/2022,P00398,24,168.13,4035.12,Clinic,Insurance,,EMP041,0,Yes
S05003,2/3/2022,P01420,50,50.21,2510.5,Hospital,Insurance,,EMP040,0,Yes
S05004,11/2/2023,P00968,84,92.36,7758.24,Wholesale,Cash,,EMP044,0,No
S05005,10/5/2023,P01781,9,143.25,1289.25,Hospital,Credit Card,,EMP047,0,No
S05006,10/10/2023,P01173,75,177.78,13333.5,Clinic,Credit Card,,EMP036,0,No
S05007,3/29/2023,P01672,58,93.06,5397.48,Online,Cash,,EMP045,4.51,No
S05008,5/1/2023,P00464,14,171.47,2400.58,Wholesale,Cash,,EMP024,10.22,No
S05009,6/6/2023,P00738,58,50.73,2942.34,Clinic,Credit Card,,EMP035,0,No
S05010,2/27/2023,P00694,48,94.46,4534.08,Wholesale,Credit Card,,EMP038,0,No
S05011,5/24/2023,P00057,6,41.2,247.2,Wholesale,Insurance,,EMP032,0,Yes
S05012,3/15/2023,P01310,83,58.4,4847.2,Retail,Insurance,RX-7957,EMP012,0,Yes
S05013,4/7/2023,P00694,93,94.46,8784.78,Clinic,Debit Card,,EMP023,7.72,No
S05014,4/7/2022,P00991,36,57.34,2064.24,Clinic,Credit Card,,EMP030,16.02,No
S05015,12/22/2023,P00216,42,189.84,7973.28,Hospital,Insurance,,EMP028,0,Yes
S05016,1/11/2023,P00616,2,114.28,228.56,Hospital,Credit Card,,EMP042,6.63,No
S05017,8/7/2022,P00867,18,135.3,2435.4,Online,Debit Card,,EMP029,0,No
S05018,9/28/2022,P01358,9,40.8,367.2,Retail,Credit Card,,EMP001,2.69,No
S05019,7/9/2022,P00092,80,19.77,1581.6,Retail,Cash,RX-4696,EMP033,6.75,No
S05020,1/28/2023,P00750,54,99.42,5368.68,Retail,Debit Card,RX-6619,EMP001,0,No
S05021,11/21/2023,P01887,54,34.8,1879.2,Retail,Debit Card,RX-4187,EMP036,0,No
S05022,9/24/2022,P00597,47,16.85,791.95,Online,Cash,,EMP021,16.16,No
S05023,4/9/2022,P00088,91,100.5,9145.5,Online,Cash,,EMP010,0,No
S05024,1/12/2023,P01526,42,172.38,7239.96,Wholesale,Cash,,EMP032,3.96,No
S05025,2/16/2022,P01382,68,150.79,10253.72,Retail,Debit Card,,EMP001,0,No
S05026,7/18/2022,P00073,94,53.84,5060.96,Wholesale,Debit Card,,EMP034,0,No
S05027,1/7/2023,P01054,14,134.74,1886.36,Online,Debit Card,,EMP025,0,No
S05028,1/2/2023,P01571,13,157.27,2044.51,Hospital,Credit Card,,EMP034,0,No
S05029,9/8/2022,P00050,67,55.57,3723.19,Hospital,Debit Card,,EMP041,0,No
S05030,7/8/2023,P01370,73,87.97,6421.81,Clinic,Insurance,,EMP047,0,Yes
S05031,8/4/2022,P01988,15,62.75,941.25,Online,Debit Card,,EMP024,0,No
S05032,11/23/2023,P00148,93,100.11,9310.23,Retail,Credit Card,,EMP034,13.67,No
S05033,4/7/2022,P00052,22,170.85,3758.7,Wholesale,Credit Card,,EMP033,0,No
S05034,7/11/2022,P00581,99,148.56,14707.44,Retail,Credit Card,RX-5569,EMP004,9.34,No
S05035,10/14/2023,P00730,1,164.87,164.87,Hospital,Credit Card,,EMP006,0,No
S05036,6/17/2022,P00487,45,183.34,8250.3,Hospital,Cash,,EMP017,0,No
S05037,8/23/2022,P00450,69,22.82,1574.58,Hospital,Debit Card,,EMP023,0,No
S05038,3/16/2022,P00148,32,100.11,3203.52,Clinic,Cash,,EMP010,5.97,No
S05039,2/25/2023,P00804,73,99.85,7289.05,Retail,Cash,,EMP008,11.68,No
S05040,2/1/2023,P00085,33,47.35,1562.55,Retail,Cash,,EMP022,5.19,No
S05041,6/28/2022,P01763,46,18.27,840.42,Wholesale,Cash,,EMP034,0,No
S05042,10/30/2023,P01351,84,102,8568,Clinic,Insurance,,EMP037,0,Yes
S05043,5/14/2022,P01868,17,202.97,3450.49,Retail,Cash,,EMP044,9.71,No
S05044,4/11/2023,P00493,58,166.53,9658.74,Clinic,Cash,,EMP029,0,No
S05045,11/10/2022,P01845,93,41.18,3829.74,Hospital,Credit Card,,EMP020,0,No
S05046,6/17/2022,P01767,20,51.68,1033.6,Retail,Insurance,RX-1126,EMP022,18.53,Yes
S05047,6/18/2023,P01612,21,107.68,2261.28,Clinic,Insurance,,EMP049,0,Yes
S05048,10/3/2023,P00382,60,36.37,2182.2,Hospital,Cash,,EMP001,0,No
S05049,1/28/2022,P01197,59,51.83,3057.97,Hospital,Credit Card,,EMP026,5.72,No
S05050,7/30/2022,P00840,28,145.47,4073.16,Hospital,Credit Card,,EMP005,9.34,No
S05051,8/26/2022,P01492,11,109.5,1204.5,Retail,Insurance,,EMP023,0,Yes
S05052,12/12/2023,P00082,59,190.5,11239.5,Retail,Credit Card,RX-3857,EMP026,17.45,No
S05053,4/21/2023,P01738,97,81.65,7920.05,Clinic,Debit Card,,EMP003,0,No
S05054,7/26/2023,P00492,5,57.1,285.5,Hospital,Credit Card,,EMP048,14.5,No
S05055,7/20/2022,P00885,90,224.69,20222.1,Wholesale,Credit Card,,EMP004,0,No
S05056,12/20/2022,P01050,20,86.5,1730,Wholesale,Credit Card,,EMP049,9.35,No
S05057,4/10/2022,P01776,13,4.08,53.04,Hospital,Cash,,EMP046,0,No
S05058,6/22/2022,P00368,89,55.4,4930.6,Clinic,Credit Card,,EMP004,3.16,No
S05059,11/26/2022,P00710,97,52.35,5077.95,Clinic,Credit Card,,EMP048,0,No
S05060,8/27/2022,P01379,75,42.63,3197.25,Clinic,Insurance,,EMP025,0,Yes
S05061,5/9/2022,P00363,88,147.82,13008.16,Retail,Credit Card,,EMP006,0,No
S05062,1/1/2022,P00423,11,88.57,974.27,Hospital,Cash,,EMP039,0,No
S05063,4/2/2023,P00427,8,77.02,616.16,Wholesale,Credit Card,,EMP004,11.32,No
S05064,4/12/2023,P01661,17,43.48,739.16,Online,Debit Card,,EMP021,0,No
S05065,12/18/2022,P00763,25,126.74,3168.5,Wholesale,Cash,,EMP030,0,No
S05066,10/21/2023,P00123,23,70.2,1614.6,Hospital,Cash,,EMP027,0,No
S05067,9/9/2022,P00556,76,137.1,10419.6,Clinic,Debit Card,,EMP013,15.92,No
S05068,8/30/2023,P00892,12,71.65,859.8,Retail,Credit Card,,EMP010,0,No
S05069,6/6/2022,P00407,30,26.2,786,Retail,Insurance,RX-4324,EMP014,0,Yes
S05070,5/7/2022,P00590,60,23.31,1398.6,Clinic,Insurance,,EMP013,17.81,Yes
S05071,2/12/2022,P01621,3,82.58,247.74,Clinic,Insurance,,EMP029,0,Yes
S05072,12/13/2022,P00889,56,31.13,1743.28,Hospital,Insurance,,EMP041,6.54,Yes
S05073,10/13/2022,P00748,80,5.82,465.6,Hospital,Debit Card,,EMP014,0,No
S05074,4/20/2022,P00026,57,38.85,2214.45,Hospital,Cash,,EMP008,9.07,No
S05075,11/18/2023,P00211,47,99.81,4691.07,Clinic,Insurance,,EMP018,0,Yes
S05076,2/22/2023,P00921,83,88.6,7353.8,Online,Cash,,EMP027,3.62,No
S05077,6/9/2022,P01507,39,75.26,2935.14,Wholesale,Cash,,EMP001,10.31,No
S05078,6/4/2022,P01090,33,132.75,4380.75,Online,Insurance,,EMP042,0,Yes
S05079,11/27/2022,P00462,58,72.23,4189.34,Retail,Insurance,RX-1564,EMP049,11.35,Yes
S05080,10/9/2022,P01601,98,89.73,8793.54,Wholesale,Credit Card,,EMP030,0,No
S05081,7/19/2023,P00848,55,4.56,250.8,Clinic,Debit Card,,EMP006,0,No
S05082,6/22/2023,P01612,50,107.68,5384,Hospital,Insurance,,EMP029,0,Yes
S05083,11/25/2022,P00689,70,23.19,1623.3,Online,Insurance,,EMP045,0,Yes
S05084,4/24/2022,P01091,26,53.87,1400.62,Wholesale,Credit Card,,EMP024,0,No
S05085,9/6/2022,P00561,99,159.81,15821.19,Hospital,Cash,,EMP021,4.24,No
S05086,10/17/2023,P01831,48,61.5,2952,Wholesale,Debit Card,,EMP040,0,No
S05087,9/13/2023,P01825,45,37.67,1695.15,Hospital,Debit Card,,EMP023,18.13,No
S05088,7/14/2023,P01578,71,60.62,4304.02,Clinic,Debit Card,,EMP021,0,No
S05089,1/29/2022,P01680,70,140.05,9803.5,Wholesale,Debit Card,,EMP006,0,No
S05090,8/21/2023,P01663,50,5.9,295,Wholesale,Cash,,EMP031,8.94,No
S05091,6/23/2023,P00373,1,117.83,117.83,Retail,Insurance,RX-8072,EMP008,0,Yes
S05092,4/21/2022,P01533,32,80.69,2582.08,Hospital,Insurance,,EMP048,0,Yes
S05093,8/8/2022,P01299,55,125.96,6927.8,Wholesale,Debit Card,,EMP005,0,No
S05094,4/18/2023,P00490,45,18.32,824.4,Wholesale,Debit Card,,EMP018,0,No
S05095,10/8/2023,P00647,27,174.71,4717.17,Clinic,Debit Card,,EMP007,0,No
S05096,12/8/2023,P00244,5,59.75,298.75,Online,Cash,,EMP048,0,No
S05097,7/26/2022,P00096,29,82.37,2388.73,Online,Cash,,EMP046,0,No
S05098,8/4/2023,P00840,93,145.47,13528.71,Clinic,Credit Card,,EMP002,0,No
S05099,5/22/2022,P00052,93,170.85,15889.05,Clinic,Insurance,,EMP047,17,Yes
S05100,3/8/2022,P00549,73,237.28,17321.44,Retail,Cash,,EMP022,13.22,No
S05101,9/1/2022,P00270,55,39.89,2193.95,Hospital,Insurance,,EMP014,0,Yes
S05102,12/4/2023,P01083,62,54.39,3372.18,Online,Insurance,,EMP034,0,Yes
S05103,10/9/2022,P00190,74,153.09,11328.66,Hospital,Cash,,EMP020,0,No
S05104,11/26/2023,P00492,66,57.1,3768.6,Wholesale,Insurance,,EMP004,0,Yes
S05105,4/15/2022,P01561,54,91.14,4921.56,Wholesale,Debit Card,,EMP002,10.68,No
S05106,5/5/2023,P00902,47,26.47,1244.09,Hospital,Cash,,EMP045,0,No
S05107,6/6/2023,P01567,22,31.37,690.14,Wholesale,Cash,,EMP010,16.93,No
S05108,6/22/2023,P00537,44,181.11,7968.84,Clinic,Credit Card,,EMP023,0,No
S05109,2/5/2023,P00629,39,117.24,4572.36,Online,Credit Card,,EMP028,0,No
S05110,6/17/2023,P01057,40,63.47,2538.8,Hospital,Insurance,,EMP010,0,Yes
S05111,6/21/2023,P00908,36,153.04,5509.44,Hospital,Insurance,,EMP020,0,Yes
S05112,5/31/2023,P01031,86,179.32,15421.52,Retail,Cash,,EMP005,8.85,No
S05113,1/19/2023,P00838,33,67.41,2224.53,Clinic,Credit Card,,EMP005,18.5,No
S05114,6/5/2022,P00464,70,171.47,12002.9,Online,Insurance,,EMP012,0,Yes
S05115,7/11/2023,P00612,43,51.04,2194.72,Clinic,Insurance,,EMP007,8.57,Yes
S05116,12/8/2023,P01728,12,128.06,1536.72,Hospital,Debit Card,,EMP049,14.93,No
S05117,5/15/2023,P00969,28,42.86,1200.08,Wholesale,Credit Card,,EMP015,0,No
S05118,4/21/2023,P00083,55,137.93,7586.15,Clinic,Cash,,EMP047,0,No
S05119,1/5/2023,P01257,78,120.18,9374.04,Clinic,Insurance,,EMP044,0,Yes
S05120,11/30/2023,P00509,60,213.72,12823.2,Retail,Credit Card,,EMP023,0,No
S05121,1/8/2022,P01905,84,155.79,13086.36,Retail,Credit Card,,EMP034,0.78,No
S05122,4/16/2023,P00610,99,31.93,3161.07,Retail,Cash,,EMP015,0,No
S05123,6/17/2022,P00862,36,52.19,1878.84,Wholesale,Credit Card,,EMP002,0,No
S05124,4/12/2023,P01522,92,61.42,5650.64,Retail,Insurance,RX-8151,EMP028,19.77,Yes
S05125,6/22/2022,P01419,30,47.73,1431.9,Wholesale,Credit Card,,EMP018,0,No
S05126,8/6/2023,P00420,43,106.03,4559.29,Wholesale,Credit Card,,EMP030,0,No
S05127,12/20/2022,P00492,80,57.1,4568,Wholesale,Insurance,,EMP005,1.26,Yes
S05128,1/1/2022,P00929,72,108.63,7821.36,Wholesale,Debit Card,,EMP043,5.51,No
S05129,7/26/2023,P01821,38,55.28,2100.64,Clinic,Cash,,EMP018,0,No
S05130,4/19/2022,P01083,80,54.39,4351.2,Wholesale,Cash,,EMP034,0,No
S05131,4/11/2023,P01865,73,186.44,13610.12,Retail,Cash,RX-4779,EMP044,0,No
S05132,5/2/2023,P00865,20,82.84,1656.8,Clinic,Credit Card,,EMP042,0,No
S05133,2/5/2022,P01804,57,32.71,1864.47,Retail,Cash,RX-7018,EMP019,0,No
S05134,5/27/2022,P00668,33,36.78,1213.74,Clinic,Debit Card,,EMP015,0,No
S05135,7/11/2022,P01000,47,15.56,731.32,Online,Debit Card,,EMP036,0,No
S05136,1/21/2023,P01801,12,106.78,1281.36,Retail,Insurance,RX-7154,EMP017,0,Yes
S05137,2/12/2023,P00621,13,87.5,1137.5,Retail,Cash,RX-6734,EMP012,0,No
S05138,7/12/2023,P01297,18,94.81,1706.58,Online,Debit Card,,EMP046,0,No
S05139,9/27/2022,P01208,63,23.52,1481.76,Hospital,Credit Card,,EMP005,19.59,No
S05140,11/23/2022,P00034,15,139.99,2099.85,Online,Credit Card,,EMP026,0,No
S05141,6/12/2022,P00044,97,105.96,10278.12,Wholesale,Cash,,EMP048,0,No
S05142,8/28/2023,P01002,43,13.11,563.73,Hospital,Insurance,,EMP019,0,Yes
S05143,4/20/2023,P00096,97,82.37,7989.89,Hospital,Credit Card,,EMP039,0,No
S05144,1/4/2022,P00821,85,111.04,9438.4,Wholesale,Insurance,,EMP027,0,Yes
S05145,3/26/2022,P00892,43,71.65,3080.95,Hospital,Cash,,EMP023,0,No
S05146,10/23/2022,P01675,92,78.72,7242.24,Hospital,Insurance,,EMP007,7.87,Yes
S05147,2/2/2023,P00934,13,94.46,1227.98,Retail,Credit Card,RX-3915,EMP028,0,No
S05148,4/29/2023,P00127,95,85.77,8148.15,Online,Credit Card,,EMP004,16.97,No
S05149,10/5/2023,P00211,86,99.81,8583.66,Clinic,Cash,,EMP018,0,No
S05150,8/18/2022,P01634,99,3.64,360.36,Hospital,Credit Card,,EMP047,18.27,No
S05151,8/16/2023,P00719,77,123.59,9516.43,Wholesale,Insurance,,EMP017,19.79,Yes
S05152,8/12/2023,P01231,75,226.74,17005.5,Online,Credit Card,,EMP047,0,No
S05153,1/13/2023,P01026,62,174.79,10836.98,Hospital,Insurance,,EMP024,12.83,Yes
S05154,7/12/2022,P01836,56,28.99,1623.44,Online,Debit Card,,EMP017,0,No
S05155,2/22/2022,P00995,79,127.73,10090.67,Online,Debit Card,,EMP010,0,No
S05156,4/9/2022,P01902,97,79.89,7749.33,Clinic,Insurance,,EMP018,0,Yes
S05157,2/16/2022,P00618,78,21.08,1644.24,Hospital,Insurance,,EMP009,0,Yes
S05158,4/19/2023,P01206,22,48.13,1058.86,Wholesale,Debit Card,,EMP033,1.27,No
S05159,1/11/2022,P01993,10,97.17,971.7,Clinic,Insurance,,EMP012,0,Yes
S05160,5/8/2023,P01024,63,104.31,6571.53,Clinic,Insurance,,EMP045,0,Yes
S05161,4/1/2023,P01890,7,160.35,1122.45,Online,Credit Card,,EMP010,0,No
S05162,7/17/2022,P00097,55,3.67,201.85,Retail,Cash,,EMP047,0,No
S05163,9/20/2023,P01596,31,100.97,3130.07,Hospital,Credit Card,,EMP002,0,No
S05164,12/7/2022,P00504,35,14.48,506.8,Online,Credit Card,,EMP031,2.09,No
S05165,12/13/2022,P01067,88,137.17,12070.96,Wholesale,Debit Card,,EMP048,0,No
S05166,5/26/2022,P00613,63,164.82,10383.66,Hospital,Credit Card,,EMP011,0,No
S05167,4/20/2022,P00171,50,39.55,1977.5,Online,Insurance,,EMP013,0,Yes
S05168,9/1/2023,P00188,24,22.42,538.08,Retail,Debit Card,RX-4436,EMP006,0,No
S05169,6/29/2023,P00357,47,65.14,3061.58,Online,Debit Card,,EMP048,0,No
S05170,9/21/2022,P00543,50,89.81,4490.5,Hospital,Credit Card,,EMP022,0,No
S05171,8/8/2023,P00359,58,66.28,3844.24,Hospital,Debit Card,,EMP037,0,No
S05172,11/21/2022,P00406,15,132.07,1981.05,Retail,Cash,,EMP003,0,No
S05173,8/7/2023,P01072,94,134.15,12610.1,Online,Cash,,EMP007,0,No
S05174,11/3/2023,P00986,87,21.93,1907.91,Online,Insurance,,EMP021,0,Yes
S05175,5/21/2023,P00593,93,64.24,5974.32,Wholesale,Cash,,EMP020,0,No
S05176,2/2/2022,P01062,83,58.06,4818.98,Clinic,Debit Card,,EMP044,9.25,No
S05177,9/1/2023,P00261,47,137,6439,Retail,Insurance,RX-3871,EMP035,0,Yes
S05178,5/23/2023,P00341,67,66.55,4458.85,Online,Insurance,,EMP029,0,Yes
S05179,6/20/2023,P01893,56,30.5,1708,Clinic,Debit Card,,EMP001,0,No
S05180,10/4/2023,P01616,10,5.06,50.6,Wholesale,Credit Card,,EMP002,0,No
S05181,6/5/2023,P00903,61,159.48,9728.28,Wholesale,Cash,,EMP033,10.74,No
S05182,12/13/2022,P00867,12,135.3,1623.6,Clinic,Insurance,,EMP015,2.06,Yes
S05183,12/6/2022,P00277,24,90.88,2181.12,Clinic,Insurance,,EMP003,0,Yes
S05184,6/7/2022,P00891,6,16.2,97.2,Retail,Debit Card,RX-5060,EMP015,0,No
S05185,1/22/2023,P01375,53,141.36,7492.08,Retail,Credit Card,RX-5217,EMP024,3.8,No
S05186,2/26/2022,P00466,5,71.48,357.4,Online,Insurance,,EMP017,4.68,Yes
S05187,10/13/2023,P01410,4,46.2,184.8,Wholesale,Debit Card,,EMP022,0,No
S05188,1/3/2023,P01635,45,64.33,2894.85,Clinic,Insurance,,EMP041,0,Yes
S05189,5/7/2022,P00556,65,137.1,8911.5,Online,Cash,,EMP045,15.76,No
S05190,10/28/2022,P00954,28,9.13,255.64,Wholesale,Cash,,EMP048,0,No
S05191,2/28/2023,P00212,52,166.93,8680.36,Wholesale,Cash,,EMP022,13.93,No
S05192,4/13/2023,P00762,18,166.8,3002.4,Clinic,Insurance,,EMP020,0,Yes
S05193,7/24/2023,P01097,9,25.75,231.75,Online,Credit Card,,EMP013,0,No
S05194,5/18/2023,P00132,78,96.52,7528.56,Wholesale,Debit Card,,EMP047,0,No
S05195,6/27/2022,P01234,44,91.86,4041.84,Wholesale,Cash,,EMP040,4,No
S05196,10/6/2022,P01534,91,44.8,4076.8,Clinic,Cash,,EMP011,5.26,No
S05197,7/27/2023,P00800,10,113.61,1136.1,Online,Debit Card,,EMP005,0,No
S05198,1/9/2022,P01221,95,43.72,4153.4,Hospital,Cash,,EMP018,0,No
S05199,11/12/2022,P01822,98,55.79,5467.42,Clinic,Insurance,,EMP033,0,Yes
S05200,11/8/2023,P00047,64,61.68,3947.52,Online,Insurance,,EMP049,10.88,Yes
S05201,5/21/2023,P01316,90,51.13,4601.7,Wholesale,Credit Card,,EMP043,0,No
S05202,3/14/2023,P01864,6,16.32,97.92,Clinic,Credit Card,,EMP035,0,No
S05203,2/23/2022,P00289,56,239.58,13416.48,Retail,Credit Card,RX-1557,EMP022,1.39,No
S05204,10/5/2022,P00109,19,58.17,1105.23,Retail,Credit Card,,EMP045,8.38,No
S05205,8/3/2023,P01940,95,226.83,21548.85,Online,Debit Card,,EMP005,0,No
S05206,12/23/2022,P00945,1,90.41,90.41,Hospital,Cash,,EMP007,0,No
S05207,5/12/2022,P01393,19,33.65,639.35,Hospital,Insurance,,EMP023,0,Yes
S05208,4/3/2022,P01643,26,58.95,1532.7,Hospital,Credit Card,,EMP009,6.1,No
S05209,2/8/2022,P01233,99,139.63,13823.37,Retail,Insurance,RX-7043,EMP015,18.27,Yes
S05210,8/20/2023,P01904,82,95.03,7792.46,Online,Debit Card,,EMP007,0,No
S05211,5/25/2022,P00262,28,208.94,5850.32,Hospital,Credit Card,,EMP044,2.45,No
S05212,12/17/2023,P01101,77,131.06,10091.62,Retail,Credit Card,RX-6598,EMP048,0,No
S05213,6/3/2023,P00127,3,85.77,257.31,Hospital,Insurance,,EMP018,0,Yes
S05214,2/3/2023,P01518,64,190.02,12161.28,Hospital,Cash,,EMP040,0,No
S05215,5/1/2023,P01430,13,144.42,1877.46,Wholesale,Debit Card,,EMP033,2.52,No
S05216,8/3/2023,P01026,23,174.79,4020.17,Wholesale,Debit Card,,EMP017,17.12,No
S05217,11/15/2022,P00295,29,161.63,4687.27,Hospital,Debit Card,,EMP004,0,No
S05218,5/8/2022,P00546,12,119.87,1438.44,Wholesale,Insurance,,EMP008,0,Yes
S05219,8/22/2023,P00176,8,90.18,721.44,Online,Insurance,,EMP016,0,Yes
S05220,12/19/2022,P00333,64,65.18,4171.52,Clinic,Cash,,EMP040,0,No
S05221,3/3/2022,P01421,52,41.06,2135.12,Retail,Insurance,RX-8202,EMP005,0,Yes
S05222,4/10/2022,P00457,94,61.82,5811.08,Hospital,Insurance,,EMP026,11.51,Yes
S05223,2/5/2022,P01145,94,201.2,18912.8,Wholesale,Cash,,EMP039,0,No
S05224,4/20/2022,P01819,14,22.43,314.02,Hospital,Insurance,,EMP043,0,Yes
S05225,10/30/2022,P00751,35,14.43,505.05,Clinic,Insurance,,EMP017,0,Yes
S05226,4/23/2023,P01698,10,52.87,528.7,Clinic,Insurance,,EMP049,0,Yes
S05227,6/19/2023,P01843,97,123.34,11963.98,Wholesale,Credit Card,,EMP011,0,No
S05228,3/11/2022,P01062,42,58.06,2438.52,Online,Cash,,EMP029,0,No
S05229,9/21/2022,P00674,11,102.63,1128.93,Wholesale,Cash,,EMP032,0,No
S05230,6/28/2022,P00158,20,207.27,4145.4,Wholesale,Insurance,,EMP022,0,Yes
S05231,12/9/2022,P00528,81,95.51,7736.31,Online,Debit Card,,EMP002,6.74,No
S05232,6/12/2022,P01753,94,165.8,15585.2,Hospital,Insurance,,EMP004,0,Yes
S05233,2/9/2023,P01274,21,16.97,356.37,Retail,Credit Card,,EMP007,7.87,No
S05234,2/3/2022,P01507,64,75.26,4816.64,Hospital,Debit Card,,EMP007,0,No
S05235,1/21/2023,P01328,44,10.03,441.32,Retail,Insurance,RX-7920,EMP031,3.48,Yes
S05236,2/8/2023,P00141,51,106.42,5427.42,Hospital,Credit Card,,EMP048,0,No
S05237,7/31/2022,P01735,4,21.79,87.16,Wholesale,Cash,,EMP005,0,No
S05238,11/9/2022,P01375,71,141.36,10036.56,Clinic,Debit Card,,EMP038,0,No
S05239,3/28/2022,P00062,12,90.24,1082.88,Hospital,Insurance,,EMP031,0.28,Yes
S05240,6/2/2023,P01520,65,10.44,678.6,Clinic,Insurance,,EMP030,0,Yes
S05241,6/5/2022,P01086,98,59.4,5821.2,Hospital,Debit Card,,EMP011,15.82,No
S05242,9/27/2023,P01183,61,37.8,2305.8,Clinic,Cash,,EMP045,0,No
S05243,11/9/2022,P00749,83,27.87,2313.21,Hospital,Insurance,,EMP044,12.9,Yes
S05244,11/11/2022,P00493,27,166.53,4496.31,Wholesale,Debit Card,,EMP009,0,No
S05245,12/1/2023,P01044,5,87.35,436.75,Clinic,Insurance,,EMP009,5,Yes
S05246,7/30/2022,P00665,6,27.17,163.02,Retail,Credit Card,,EMP005,0,No
S05247,9/16/2023,P00445,72,213.9,15400.8,Hospital,Credit Card,,EMP012,0,No
S05248,3/10/2023,P00442,90,87.13,7841.7,Retail,Credit Card,RX-8896,EMP041,0,No
S05249,3/1/2023,P01474,41,69.26,2839.66,Online,Credit Card,,EMP041,10.57,No
S05250,12/23/2023,P01532,24,225.38,5409.12,Hospital,Credit Card,,EMP034,0,No
S05251,12/1/2023,P00703,48,128.28,6157.44,Clinic,Cash,,EMP013,0,No
S05252,12/9/2022,P00200,84,158.01,13272.84,Online,Debit Card,,EMP015,0,No
S05253,2/16/2023,P01672,83,93.06,7723.98,Retail,Insurance,RX-5353,EMP049,0,Yes
S05254,2/7/2022,P01982,25,141.57,3539.25,Hospital,Insurance,,EMP041,0,Yes
S05255,11/4/2022,P00813,84,213.86,17964.24,Clinic,Debit Card,,EMP041,17.87,No
S05256,9/22/2023,P00961,22,152.37,3352.14,Hospital,Credit Card,,EMP006,1.19,No
S05257,1/21/2022,P01064,14,58.8,823.2,Hospital,Insurance,,EMP003,7.62,Yes
S05258,9/11/2022,P01419,14,47.73,668.22,Online,Debit Card,,EMP001,0,No
S05259,8/16/2022,P00484,73,199.34,14551.82,Online,Debit Card,,EMP046,0,No
S05260,1/29/2023,P01447,94,116.25,10927.5,Clinic,Credit Card,,EMP020,0,No
S05261,12/31/2022,P01811,11,54.92,604.12,Hospital,Debit Card,,EMP020,0,No
S05262,4/16/2023,P00076,23,202.05,4647.15,Retail,Insurance,,EMP024,19.61,Yes
S05263,2/9/2023,P01400,74,18.29,1353.46,Online,Debit Card,,EMP049,0,No
S05264,9/7/2023,P01989,29,108.57,3148.53,Wholesale,Credit Card,,EMP021,0,No
S05265,11/21/2023,P00671,3,43.03,129.09,Clinic,Insurance,,EMP019,0,Yes
S05266,4/4/2023,P00698,15,43.84,657.6,Clinic,Cash,,EMP019,0,No
S05267,1/7/2023,P01047,19,76.68,1456.92,Hospital,Cash,,EMP009,10.41,No
S05268,2/24/2023,P01193,20,5.96,119.2,Retail,Insurance,RX-2952,EMP013,0,Yes
S05269,8/5/2023,P00507,45,133.09,5989.05,Hospital,Credit Card,,EMP030,0,No
S05270,2/4/2023,P01928,38,135.95,5166.1,Retail,Insurance,,EMP049,1.41,Yes
S05271,12/22/2023,P00678,23,102.78,2363.94,Retail,Insurance,,EMP019,0,Yes
S05272,3/10/2023,P01678,42,115.58,4854.36,Retail,Credit Card,RX-2038,EMP006,0,No
S05273,12/8/2023,P01590,70,66.4,4648,Wholesale,Cash,,EMP040,0,No
S05274,2/23/2023,P01644,30,110.02,3300.6,Wholesale,Insurance,,EMP011,0,Yes
S05275,7/28/2023,P00016,80,90.07,7205.6,Wholesale,Debit Card,,EMP004,0,No
S05276,2/7/2023,P00687,64,153.13,9800.32,Wholesale,Credit Card,,EMP009,0,No
S05277,12/13/2023,P00692,73,23.55,1719.15,Wholesale,Debit Card,,EMP007,0,No
S05278,3/10/2023,P01979,23,230.3,5296.9,Hospital,Cash,,EMP039,0,No
S05279,3/11/2022,P00326,75,29.89,2241.75,Wholesale,Debit Card,,EMP026,19.94,No
S05280,8/19/2023,P01217,48,205.24,9851.52,Online,Cash,,EMP047,0,No
S05281,7/11/2023,P00472,85,192.48,16360.8,Wholesale,Debit Card,,EMP043,0,No
S05282,1/30/2023,P00118,4,91.68,366.72,Online,Insurance,,EMP021,0,Yes
S05283,8/6/2022,P01226,60,26.21,1572.6,Hospital,Cash,,EMP020,0,No
S05284,4/8/2023,P00315,44,11.61,510.84,Clinic,Debit Card,,EMP036,0,No
S05285,9/16/2022,P00120,59,44.48,2624.32,Online,Cash,,EMP011,0,No
S05286,7/9/2023,P00084,10,116.03,1160.3,Wholesale,Insurance,,EMP001,0,Yes
S05287,7/18/2022,P00713,8,63.16,505.28,Clinic,Credit Card,,EMP005,0,No
S05288,8/9/2022,P01840,91,113.98,10372.18,Clinic,Debit Card,,EMP046,0,No
S05289,6/24/2022,P00869,17,136.48,2320.16,Wholesale,Debit Card,,EMP028,0,No
S05290,3/5/2023,P00883,2,90.17,180.34,Clinic,Cash,,EMP003,13.12,No
S05291,11/20/2022,P01910,70,207.67,14536.9,Online,Cash,,EMP028,9.96,No
S05292,4/7/2023,P00105,92,204.12,18779.04,Online,Cash,,EMP046,0.5,No
S05293,1/20/2023,P00343,30,99.84,2995.2,Wholesale,Credit Card,,EMP013,2.47,No
S05294,11/19/2022,P01183,73,37.8,2759.4,Hospital,Credit Card,,EMP006,0,No
S05295,3/17/2022,P00412,66,66.75,4405.5,Hospital,Cash,,EMP007,0,No
S05296,3/27/2023,P01311,15,57.24,858.6,Clinic,Cash,,EMP004,0,No
S05297,12/9/2023,P00610,88,31.93,2809.84,Retail,Credit Card,RX-9076,EMP013,0,No
S05298,9/3/2022,P01791,88,39.31,3459.28,Wholesale,Credit Card,,EMP001,0,No
S05299,1/31/2023,P01565,12,161.78,1941.36,Retail,Debit Card,,EMP019,0,No
S05300,1/6/2023,P00271,86,102.09,8779.74,Wholesale,Insurance,,EMP037,6.27,Yes
S05301,7/17/2022,P00818,82,63.65,5219.3,Wholesale,Cash,,EMP037,0,No
S05302,7/6/2023,P01702,22,132.01,2904.22,Hospital,Credit Card,,EMP026,2.56,No
S05303,12/12/2022,P01918,5,170.2,851,Wholesale,Credit Card,,EMP023,0,No
S05304,9/27/2023,P01382,7,150.79,1055.53,Online,Credit Card,,EMP023,0,No
S05305,4/4/2022,P00332,46,56.1,2580.6,Online,Cash,,EMP033,0,No
S05306,4/16/2022,P00317,2,72.22,144.44,Hospital,Credit Card,,EMP036,0,No
S05307,11/9/2022,P00665,42,27.17,1141.14,Wholesale,Cash,,EMP025,5.8,No
S05308,10/31/2023,P00411,48,205.72,9874.56,Retail,Credit Card,RX-3381,EMP042,0,No
S05309,7/24/2023,P00003,93,56.87,5288.91,Retail,Cash,RX-4807,EMP013,8.14,No
S05310,10/26/2022,P01933,36,52.94,1905.84,Hospital,Credit Card,,EMP021,16.19,No
S05311,5/1/2023,P01997,19,13.26,251.94,Hospital,Debit Card,,EMP025,0,No
S05312,4/9/2022,P01791,9,39.31,353.79,Clinic,Insurance,,EMP002,2.97,Yes
S05313,6/26/2023,P01735,92,21.79,2004.68,Clinic,Cash,,EMP021,0,No
S05314,2/11/2023,P01695,9,187.28,1685.52,Hospital,Insurance,,EMP021,13.67,Yes
S05315,9/21/2022,P00029,58,171.56,9950.48,Retail,Cash,RX-3505,EMP019,0,No
S05316,9/12/2023,P00557,28,155.83,4363.24,Retail,Debit Card,RX-6489,EMP015,0.98,No
S05317,5/18/2022,P01196,28,137.27,3843.56,Online,Insurance,,EMP028,0,Yes
S05318,11/23/2022,P01725,12,119.81,1437.72,Clinic,Cash,,EMP040,0,No
S05319,3/25/2022,P01250,95,68.43,6500.85,Online,Credit Card,,EMP035,13.79,No
S05320,11/16/2022,P00835,45,65.1,2929.5,Online,Credit Card,,EMP013,0,No
S05321,5/25/2022,P01509,4,106.98,427.92,Hospital,Cash,,EMP012,0,No
S05322,6/12/2023,P01633,35,70.41,2464.35,Retail,Cash,,EMP044,16.87,No
S05323,11/10/2023,P00381,99,103.75,10271.25,Online,Credit Card,,EMP043,0,No
S05324,12/30/2022,P00923,13,20.11,261.43,Online,Insurance,,EMP030,0,Yes
S05325,10/22/2023,P01203,72,149.74,10781.28,Online,Cash,,EMP010,13.6,No
S05326,3/7/2022,P01678,28,115.58,3236.24,Retail,Cash,RX-4885,EMP046,0,No
S05327,12/1/2023,P00790,39,15.93,621.27,Clinic,Debit Card,,EMP048,0,No
S05328,9/6/2022,P00396,66,173.31,11438.46,Wholesale,Insurance,,EMP007,3.33,Yes
S05329,12/28/2023,P01874,3,160.86,482.58,Wholesale,Debit Card,,EMP025,0,No
S05330,9/14/2022,P01617,86,8.87,762.82,Retail,Debit Card,RX-9356,EMP028,0,No
S05331,1/4/2022,P00680,27,58.72,1585.44,Online,Debit Card,,EMP041,2.58,No
S05332,10/12/2023,P00970,5,69.11,345.55,Online,Cash,,EMP002,10.08,No
S05333,11/27/2023,P00359,20,66.28,1325.6,Retail,Insurance,RX-2373,EMP043,0,Yes
S05334,3/16/2023,P00883,94,90.17,8475.98,Wholesale,Cash,,EMP022,0,No
S05335,10/21/2022,P00440,25,174.92,4373,Hospital,Cash,,EMP046,0,No
S05336,12/31/2022,P01536,41,34.87,1429.67,Retail,Insurance,RX-3341,EMP042,15.04,Yes
S05337,6/26/2022,P01913,99,100.64,9963.36,Wholesale,Credit Card,,EMP037,0,No
S05338,2/13/2023,P00273,91,8.06,733.46,Online,Credit Card,,EMP044,0.78,No
S05339,12/15/2022,P00832,39,180.91,7055.49,Online,Credit Card,,EMP033,0,No
S05340,11/29/2023,P01939,48,3.63,174.24,Online,Cash,,EMP021,0,No
S05341,12/10/2022,P00606,49,92.02,4508.98,Wholesale,Debit Card,,EMP004,0,No
S05342,12/15/2023,P00458,50,121.5,6075,Clinic,Debit Card,,EMP005,2.67,No
S05343,11/15/2022,P00869,15,136.48,2047.2,Wholesale,Debit Card,,EMP028,0,No
S05344,4/11/2022,P01629,13,50.21,652.73,Online,Insurance,,EMP014,0,Yes
S05345,5/10/2022,P01766,2,28.74,57.48,Hospital,Insurance,,EMP027,0.74,Yes
S05346,3/7/2023,P01136,6,24.06,144.36,Retail,Insurance,,EMP019,5.01,Yes
S05347,10/12/2023,P01252,49,147.93,7248.57,Retail,Debit Card,,EMP013,0,No
S05348,12/3/2023,P00950,13,116.29,1511.77,Hospital,Insurance,,EMP047,0,Yes
S05349,8/15/2022,P00197,77,9.5,731.5,Wholesale,Cash,,EMP003,0,No
S05350,7/29/2023,P01322,28,90.4,2531.2,Hospital,Cash,,EMP016,0,No
S05351,7/10/2022,P00019,23,87.26,2006.98,Clinic,Credit Card,,EMP001,0,No
S05352,11/17/2022,P01883,94,111.81,10510.14,Online,Cash,,EMP020,7.22,No
S05353,6/1/2023,P00267,47,21.87,1027.89,Clinic,Insurance,,EMP014,9.39,Yes
S05354,9/28/2022,P01960,16,17.88,286.08,Hospital,Cash,,EMP032,0,No
S05355,7/17/2023,P01828,85,41.21,3502.85,Retail,Cash,RX-8682,EMP025,11.63,No
S05356,12/20/2023,P00340,5,59.72,298.6,Hospital,Debit Card,,EMP039,1.5,No
S05357,7/10/2023,P00157,77,26.47,2038.19,Clinic,Debit Card,,EMP005,14.53,No
S05358,6/3/2022,P00491,96,63.87,6131.52,Retail,Debit Card,RX-3988,EMP016,0,No
S05359,7/1/2023,P00189,70,104.48,7313.6,Clinic,Cash,,EMP027,14.26,No
S05360,11/2/2023,P01473,86,138.22,11886.92,Clinic,Debit Card,,EMP020,18.6,No
S05361,6/27/2022,P00588,61,42.82,2612.02,Hospital,Credit Card,,EMP026,0,No
S05362,4/20/2022,P01368,61,103.01,6283.61,Clinic,Insurance,,EMP032,0,Yes
S05363,11/18/2022,P01624,82,85.73,7029.86,Hospital,Insurance,,EMP012,0,Yes
S05364,5/14/2023,P01104,82,130.38,10691.16,Hospital,Insurance,,EMP021,18.19,Yes
S05365,3/6/2022,P01786,67,134.87,9036.29,Hospital,Debit Card,,EMP032,0,No
S05366,10/1/2023,P01946,89,239.52,21317.28,Online,Insurance,,EMP012,0,Yes
S05367,8/6/2023,P00234,84,112.65,9462.6,Retail,Insurance,RX-4167,EMP038,0,Yes
S05368,7/8/2023,P00184,53,57.83,3064.99,Hospital,Debit Card,,EMP029,0,No
S05369,4/11/2023,P00477,66,143.9,9497.4,Wholesale,Insurance,,EMP005,0,Yes
S05370,10/21/2023,P01695,97,187.28,18166.16,Wholesale,Credit Card,,EMP006,4.81,No
S05371,8/17/2023,P00040,76,187.27,14232.52,Clinic,Cash,,EMP041,0,No
S05372,6/15/2023,P00547,82,72.37,5934.34,Online,Insurance,,EMP012,0,Yes
S05373,6/11/2022,P00230,99,78.25,7746.75,Wholesale,Cash,,EMP039,0,No
S05374,3/31/2022,P01690,8,82.42,659.36,Hospital,Credit Card,,EMP030,0,No
S05375,1/11/2022,P01908,59,132.78,7834.02,Retail,Cash,RX-3188,EMP017,0,No
S05376,9/11/2023,P01270,48,28.65,1375.2,Wholesale,Insurance,,EMP033,0.42,Yes
S05377,6/22/2022,P00589,69,100.97,6966.93,Hospital,Cash,,EMP030,0,No
S05378,1/29/2023,P01239,55,222.24,12223.2,Online,Cash,,EMP019,0,No
S05379,6/11/2023,P00634,3,94.81,284.43,Retail,Debit Card,,EMP035,3.73,No
S05380,2/13/2023,P01874,55,160.86,8847.3,Online,Credit Card,,EMP033,0,No
S05381,5/20/2023,P00964,54,117.64,6352.56,Retail,Debit Card,RX-9818,EMP024,0,No
S05382,5/20/2022,P00253,32,19.19,614.08,Retail,Cash,,EMP021,8.56,No
S05383,1/6/2023,P01420,84,50.21,4217.64,Wholesale,Cash,,EMP048,0.92,No
S05384,11/23/2023,P01410,7,46.2,323.4,Retail,Insurance,,EMP042,0,Yes
S05385,12/10/2023,P01696,69,90.79,6264.51,Clinic,Debit Card,,EMP047,0,No
S05386,5/3/2022,P01968,59,100.17,5910.03,Clinic,Debit Card,,EMP042,0,No
S05387,10/20/2023,P00263,45,144.44,6499.8,Retail,Credit Card,RX-7429,EMP031,0,No
S05388,9/28/2022,P01120,68,56.61,3849.48,Wholesale,Cash,,EMP006,0,No
S05389,4/17/2022,P01951,5,89.4,447,Wholesale,Credit Card,,EMP034,8.82,No
S05390,4/26/2023,P01341,49,194.85,9547.65,Wholesale,Credit Card,,EMP002,0,No
S05391,11/30/2023,P00469,31,83.64,2592.84,Wholesale,Cash,,EMP011,0,No
S05392,3/24/2023,P01444,78,41.54,3240.12,Online,Debit Card,,EMP033,1.32,No
S05393,11/7/2023,P00926,75,217.4,16305,Hospital,Insurance,,EMP004,6.73,Yes
S05394,6/29/2023,P00304,97,108.29,10504.13,Online,Cash,,EMP012,11.32,No
S05395,3/18/2022,P00804,97,99.85,9685.45,Wholesale,Debit Card,,EMP041,15.1,No
S05396,2/13/2022,P01876,6,80.49,482.94,Retail,Debit Card,RX-1942,EMP030,0,No
S05397,11/26/2023,P00653,93,42.92,3991.56,Retail,Credit Card,RX-9826,EMP009,0,No
S05398,3/27/2022,P00635,41,83.53,3424.73,Wholesale,Debit Card,,EMP043,0,No
S05399,5/18/2023,P01600,93,72.85,6775.05,Retail,Cash,,EMP005,0.59,No
S05400,7/16/2022,P01635,98,64.33,6304.34,Hospital,Credit Card,,EMP037,0,No
S05401,11/2/2022,P01686,19,7.97,151.43,Online,Debit Card,,EMP048,0,No
S05402,3/23/2023,P01681,62,93.29,5783.98,Clinic,Cash,,EMP034,0,No
S05403,9/22/2023,P01684,46,64.35,2960.1,Retail,Debit Card,,EMP011,0,No
S05404,5/19/2022,P00324,63,21.52,1355.76,Wholesale,Insurance,,EMP035,0,Yes
S05405,12/11/2023,P00864,37,101.66,3761.42,Wholesale,Insurance,,EMP018,13.75,Yes
S05406,10/18/2023,P00655,5,97.3,486.5,Clinic,Credit Card,,EMP045,10.4,No
S05407,9/1/2023,P00319,45,149.01,6705.45,Hospital,Credit Card,,EMP043,0,No
S05408,9/9/2022,P01547,6,38.7,232.2,Wholesale,Debit Card,,EMP028,14.51,No
S05409,7/15/2022,P00888,66,46.76,3086.16,Clinic,Credit Card,,EMP035,0,No
S05410,4/27/2022,P00115,32,135.98,4351.36,Online,Cash,,EMP039,0,No
S05411,7/17/2023,P01672,9,93.06,837.54,Wholesale,Cash,,EMP035,0,No
S05412,6/8/2022,P01597,71,74.87,5315.77,Online,Cash,,EMP022,0,No
S05413,5/9/2023,P00755,98,58.31,5714.38,Hospital,Insurance,,EMP043,0,Yes
S05414,6/25/2022,P01113,56,30.9,1730.4,Clinic,Cash,,EMP014,0,No
S05415,8/16/2022,P01526,16,172.38,2758.08,Clinic,Insurance,,EMP036,0,Yes
S05416,8/1/2022,P00196,21,97.32,2043.72,Retail,Debit Card,,EMP017,0,No
S05417,10/30/2023,P00238,95,69.43,6595.85,Hospital,Cash,,EMP009,0,No
S05418,10/15/2022,P00551,85,92.27,7842.95,Hospital,Cash,,EMP040,0,No
S05419,7/9/2022,P01330,31,131,4061,Hospital,Insurance,,EMP021,0,Yes
S05420,3/9/2023,P01514,26,129.67,3371.42,Clinic,Cash,,EMP008,0,No
S05421,6/2/2022,P00082,41,190.5,7810.5,Wholesale,Credit Card,,EMP005,2.17,No
S05422,3/10/2022,P01146,82,82.81,6790.42,Clinic,Credit Card,,EMP017,0,No
S05423,10/21/2022,P01309,33,48.05,1585.65,Online,Cash,,EMP038,14.15,No
S05424,9/3/2023,P00893,73,114.65,8369.45,Clinic,Insurance,,EMP017,0,Yes
S05425,7/16/2023,P00177,35,113.39,3968.65,Wholesale,Insurance,,EMP022,0,Yes
S05426,12/2/2022,P00308,54,125.01,6750.54,Wholesale,Debit Card,,EMP006,0,No
S05427,7/24/2023,P00344,31,198.84,6164.04,Retail,Debit Card,,EMP031,0,No
S05428,12/27/2022,P00322,67,42.1,2820.7,Clinic,Insurance,,EMP028,0,Yes
S05429,5/24/2023,P01882,60,26.71,1602.6,Retail,Credit Card,RX-7065,EMP039,0,No
S05430,4/1/2023,P01165,59,78.72,4644.48,Hospital,Cash,,EMP010,0,No
S05431,1/30/2023,P01194,9,79.6,716.4,Retail,Insurance,RX-7040,EMP017,2.25,Yes
S05432,10/14/2022,P00266,23,52.91,1216.93,Wholesale,Credit Card,,EMP043,0,No
S05433,9/22/2022,P00816,30,30.72,921.6,Online,Insurance,,EMP030,0,Yes
S05434,5/24/2023,P00469,88,83.64,7360.32,Retail,Debit Card,RX-6310,EMP003,0,No
S05435,4/25/2023,P01030,57,62.5,3562.5,Clinic,Cash,,EMP044,0,No
S05436,12/24/2023,P00610,87,31.93,2777.91,Hospital,Debit Card,,EMP044,15.14,No
S05437,7/1/2022,P00342,6,176.29,1057.74,Clinic,Debit Card,,EMP003,0,No
S05438,6/4/2023,P01685,68,182.57,12414.76,Hospital,Credit Card,,EMP045,19.68,No
S05439,9/15/2022,P00042,45,9.38,422.1,Retail,Credit Card,,EMP008,0,No
S05440,9/8/2023,P01656,4,58.81,235.24,Hospital,Cash,,EMP039,0,No
S05441,8/7/2023,P00391,62,77.88,4828.56,Online,Insurance,,EMP016,0,Yes
S05442,7/29/2022,P00839,97,111.45,10810.65,Online,Cash,,EMP013,0,No
S05443,11/10/2023,P01761,31,57.43,1780.33,Wholesale,Insurance,,EMP047,0,Yes
S05444,9/23/2022,P00468,77,80.59,6205.43,Clinic,Cash,,EMP040,17.72,No
S05445,10/22/2022,P00601,5,49.29,246.45,Wholesale,Debit Card,,EMP023,0,No
S05446,9/8/2022,P00450,90,22.82,2053.8,Clinic,Insurance,,EMP046,0,Yes
S05447,1/21/2022,P00527,56,7.61,426.16,Hospital,Debit Card,,EMP017,0,No
S05448,9/20/2023,P00395,49,73.66,3609.34,Online,Cash,,EMP024,0,No
S05449,12/7/2023,P00917,94,41.17,3869.98,Wholesale,Insurance,,EMP044,15.04,Yes
S05450,9/25/2023,P01728,61,128.06,7811.66,Hospital,Insurance,,EMP041,0,Yes
S05451,2/24/2023,P00661,42,19.68,826.56,Retail,Credit Card,RX-3511,EMP015,0,No
S05452,10/22/2022,P01353,69,130.54,9007.26,Retail,Debit Card,RX-6103,EMP049,1.31,No
S05453,4/27/2022,P00537,10,181.11,1811.1,Online,Cash,,EMP026,0,No
S05454,1/15/2022,P01485,20,150.02,3000.4,Clinic,Insurance,,EMP010,12.99,Yes
S05455,5/2/2022,P00214,41,28.69,1176.29,Online,Insurance,,EMP018,19.03,Yes
S05456,8/1/2023,P01561,88,91.14,8020.32,Wholesale,Debit Card,,EMP001,0,No
S05457,3/14/2022,P01567,60,31.37,1882.2,Hospital,Credit Card,,EMP028,0,No
S05458,3/16/2022,P01073,37,117.6,4351.2,Online,Debit Card,,EMP024,0,No
S05459,3/7/2022,P00857,25,87.86,2196.5,Online,Cash,,EMP034,0,No
S05460,12/12/2023,P00813,54,213.86,11548.44,Wholesale,Insurance,,EMP045,0,Yes
S05461,2/8/2023,P01684,23,64.35,1480.05,Wholesale,Insurance,,EMP006,0,Yes
S05462,9/11/2022,P01700,56,90.33,5058.48,Retail,Insurance,RX-8470,EMP036,0,Yes
S05463,3/9/2022,P01739,59,134.95,7962.05,Wholesale,Insurance,,EMP011,6.21,Yes
S05464,3/19/2023,P01972,51,76.2,3886.2,Wholesale,Credit Card,,EMP016,0,No
S05465,7/15/2023,P01285,45,247.83,11152.35,Clinic,Debit Card,,EMP017,14.84,No
S05466,11/12/2022,P00923,60,20.11,1206.6,Clinic,Debit Card,,EMP023,0,No
S05467,7/23/2022,P01836,79,28.99,2290.21,Clinic,Insurance,,EMP004,0,Yes
S05468,10/30/2023,P01107,27,81.3,2195.1,Retail,Cash,,EMP047,0,No
S05469,3/4/2023,P01048,79,14.25,1125.75,Clinic,Credit Card,,EMP005,0,No
S05470,8/10/2023,P01832,11,117.38,1291.18,Hospital,Debit Card,,EMP023,18.17,No
S05471,6/5/2023,P00162,13,74.33,966.29,Hospital,Debit Card,,EMP016,0,No
S05472,4/16/2022,P00216,97,189.84,18414.48,Retail,Credit Card,RX-2903,EMP024,0,No
S05473,10/27/2022,P00628,5,79.5,397.5,Retail,Insurance,RX-7931,EMP020,0,Yes
S05474,9/6/2023,P00652,18,28.34,510.12,Online,Cash,,EMP010,2.97,No
S05475,5/11/2022,P01071,13,88.46,1149.98,Hospital,Cash,,EMP012,0,No
S05476,1/9/2023,P00677,72,76.46,5505.12,Clinic,Insurance,,EMP019,0,Yes
S05477,1/26/2023,P00911,25,113.56,2839,Hospital,Credit Card,,EMP009,0,No
S05478,2/5/2023,P00672,8,164.33,1314.64,Online,Debit Card,,EMP002,0,No
S05479,3/16/2023,P01370,43,87.97,3782.71,Wholesale,Debit Card,,EMP021,0,No
S05480,5/18/2023,P01390,20,47.51,950.2,Online,Credit Card,,EMP009,0,No
S05481,3/4/2022,P01205,61,93.76,5719.36,Retail,Debit Card,RX-4913,EMP037,0,No
S05482,9/10/2022,P00728,77,107.06,8243.62,Hospital,Cash,,EMP040,0,No
S05483,3/12/2023,P01764,72,7.36,529.92,Clinic,Insurance,,EMP013,0,Yes
S05484,8/21/2023,P00077,33,143.33,4729.89,Hospital,Credit Card,,EMP015,2.82,No
S05485,6/1/2022,P00011,97,58.62,5686.14,Clinic,Debit Card,,EMP016,6.53,No
S05486,4/26/2023,P00500,13,47.48,617.24,Clinic,Insurance,,EMP024,0,Yes
S05487,2/23/2023,P01212,11,61.6,677.6,Hospital,Credit Card,,EMP028,0,No
S05488,9/29/2023,P01511,81,19.16,1551.96,Retail,Insurance,RX-8537,EMP010,0,Yes
S05489,3/10/2023,P01242,96,117.09,11240.64,Retail,Cash,,EMP009,0,No
S05490,7/10/2022,P01547,18,38.7,696.6,Clinic,Debit Card,,EMP014,0,No
S05491,9/23/2022,P01551,30,189.08,5672.4,Wholesale,Debit Card,,EMP004,1.55,No
S05492,11/27/2023,P00842,22,114.12,2510.64,Retail,Credit Card,,EMP032,0,No
S05493,9/8/2023,P01966,5,36.84,184.2,Retail,Debit Card,RX-6448,EMP035,0,No
S05494,1/17/2022,P01755,14,66.27,927.78,Wholesale,Insurance,,EMP046,0,Yes
S05495,10/23/2023,P01929,83,89.05,7391.15,Hospital,Debit Card,,EMP036,0,No
S05496,12/5/2022,P00103,13,84.8,1102.4,Online,Debit Card,,EMP011,0,No
S05497,11/13/2022,P00850,86,26.08,2242.88,Wholesale,Cash,,EMP037,14.37,No
S05498,1/7/2023,P01498,97,135.49,13142.53,Retail,Cash,,EMP015,0,No
S05499,6/2/2023,P00294,73,197.76,14436.48,Online,Debit Card,,EMP015,0,No
S05500,1/8/2023,P01094,25,29.11,727.75,Wholesale,Cash,,EMP013,0,No
S05501,2/17/2022,P00707,26,66.04,1717.04,Clinic,Credit Card,,EMP041,0,No
S05502,10/26/2023,P00288,7,29.45,206.15,Wholesale,Cash,,EMP030,8.07,No
S05503,12/26/2023,P00042,3,9.38,28.14,Wholesale,Debit Card,,EMP042,0,No
S05504,12/21/2023,P00818,88,63.65,5601.2,Hospital,Credit Card,,EMP026,0,No
S05505,9/19/2022,P01921,41,141.59,5805.19,Hospital,Credit Card,,EMP027,0,No
S05506,11/7/2022,P01488,24,75.36,1808.64,Clinic,Credit Card,,EMP006,0,No
S05507,6/5/2023,P00135,62,34.27,2124.74,Hospital,Credit Card,,EMP016,0,No
S05508,3/11/2023,P01253,38,61.84,2349.92,Wholesale,Debit Card,,EMP021,0,No
S05509,1/19/2023,P00719,73,123.59,9022.07,Wholesale,Cash,,EMP030,0,No
S05510,4/3/2023,P00621,34,87.5,2975,Wholesale,Insurance,,EMP009,0,Yes
S05511,11/9/2023,P01085,39,187.78,7323.42,Clinic,Insurance,,EMP037,0,Yes
S05512,2/22/2022,P00595,45,134.78,6065.1,Online,Insurance,,EMP010,0,Yes
S05513,1/12/2023,P01496,5,41.7,208.5,Online,Insurance,,EMP034,1.49,Yes
S05514,11/20/2023,P01389,99,6.18,611.82,Hospital,Insurance,,EMP004,0,Yes
S05515,10/17/2023,P01928,79,135.95,10740.05,Wholesale,Debit Card,,EMP038,0,No
S05516,11/6/2023,P01890,35,160.35,5612.25,Clinic,Cash,,EMP022,0,No
S05517,12/31/2022,P00016,27,90.07,2431.89,Online,Debit Card,,EMP032,10,No
S05518,11/23/2022,P00817,99,94.35,9340.65,Hospital,Cash,,EMP009,10.11,No
S05519,6/10/2023,P00889,93,31.13,2895.09,Retail,Cash,RX-1628,EMP009,0,No
S05520,7/19/2022,P00984,53,69.12,3663.36,Hospital,Cash,,EMP040,14.49,No
S05521,11/22/2023,P00647,21,174.71,3668.91,Retail,Debit Card,RX-2065,EMP021,0,No
S05522,8/24/2022,P01145,69,201.2,13882.8,Wholesale,Debit Card,,EMP003,0,No
S05523,7/20/2023,P00392,65,113.47,7375.55,Online,Insurance,,EMP041,0,Yes
S05524,8/13/2023,P01431,86,14.7,1264.2,Clinic,Cash,,EMP022,0,No
S05525,8/21/2022,P01050,10,86.5,865,Retail,Credit Card,RX-8102,EMP003,0,No
S05526,3/13/2022,P00285,16,84.29,1348.64,Wholesale,Cash,,EMP003,2.41,No
S05527,8/27/2023,P00493,27,166.53,4496.31,Wholesale,Debit Card,,EMP043,0,No
S05528,2/25/2022,P01145,54,201.2,10864.8,Wholesale,Insurance,,EMP009,2.63,Yes
S05529,11/28/2023,P01892,80,152.58,12206.4,Clinic,Insurance,,EMP010,9.08,Yes
S05530,1/23/2023,P00318,50,95.46,4773,Online,Credit Card,,EMP038,0,No
S05531,12/29/2022,P01461,69,7.71,531.99,Clinic,Cash,,EMP009,0,No
S05532,6/25/2022,P00634,89,94.81,8438.09,Hospital,Credit Card,,EMP004,0,No
S05533,3/11/2022,P00458,85,121.5,10327.5,Hospital,Debit Card,,EMP026,9.58,No
S05534,3/13/2023,P00098,80,44.56,3564.8,Retail,Cash,,EMP024,11.39,No
S05535,7/30/2023,P01735,63,21.79,1372.77,Wholesale,Credit Card,,EMP005,0,No
S05536,8/11/2023,P01357,41,140.22,5749.02,Retail,Cash,,EMP038,0,No
S05537,5/23/2023,P01244,73,61.15,4463.95,Retail,Debit Card,RX-3685,EMP029,0,No
S05538,12/18/2023,P01332,85,44.89,3815.65,Clinic,Cash,,EMP045,18.55,No
S05539,9/2/2023,P00600,36,123.65,4451.4,Clinic,Cash,,EMP019,0,No
S05540,10/9/2023,P00143,96,33.2,3187.2,Online,Cash,,EMP006,6.94,No
S05541,3/30/2023,P01990,37,84.14,3113.18,Hospital,Credit Card,,EMP024,10.21,No
S05542,2/7/2022,P01591,13,19.37,251.81,Clinic,Insurance,,EMP031,8.12,Yes
S05543,4/5/2022,P00595,76,134.78,10243.28,Clinic,Cash,,EMP016,0,No
S05544,7/26/2023,P01276,33,158.8,5240.4,Hospital,Debit Card,,EMP039,0,No
S05545,3/8/2022,P01953,8,208.42,1667.36,Wholesale,Credit Card,,EMP010,0,No
S05546,8/2/2022,P00363,40,147.82,5912.8,Clinic,Cash,,EMP004,11.88,No
S05547,12/29/2022,P00618,4,21.08,84.32,Wholesale,Cash,,EMP046,0,No
S05548,4/23/2022,P00967,63,178.55,11248.65,Retail,Credit Card,RX-9384,EMP033,0,No
S05549,1/22/2023,P00026,13,38.85,505.05,Clinic,Insurance,,EMP040,2.3,Yes
S05550,7/23/2023,P00082,66,190.5,12573,Retail,Credit Card,RX-1850,EMP007,0,No
S05551,6/14/2022,P01716,89,185.83,16538.87,Retail,Cash,RX-5202,EMP009,0,No
S05552,10/19/2022,P01442,29,71.17,2063.93,Hospital,Credit Card,,EMP028,0,No
S05553,1/27/2023,P00891,46,16.2,745.2,Wholesale,Credit Card,,EMP007,0,No
S05554,3/7/2023,P00525,10,55.95,559.5,Hospital,Debit Card,,EMP002,0,No
S05555,6/29/2022,P01949,39,75.33,2937.87,Retail,Debit Card,,EMP036,10.86,No
S05556,8/17/2023,P00858,82,7.52,616.64,Online,Credit Card,,EMP037,0,No
S05557,11/20/2022,P00469,33,83.64,2760.12,Online,Credit Card,,EMP023,1.67,No
S05558,10/9/2022,P01737,55,9.45,519.75,Wholesale,Insurance,,EMP030,0,Yes
S05559,1/3/2023,P01224,85,105.41,8959.85,Clinic,Credit Card,,EMP015,7.32,No
S05560,2/15/2023,P01121,47,2.5,117.5,Clinic,Insurance,,EMP007,0,Yes
S05561,9/22/2022,P00798,36,33.19,1194.84,Online,Insurance,,EMP038,0,Yes
S05562,3/12/2022,P01842,89,51.53,4586.17,Wholesale,Debit Card,,EMP022,0,No
S05563,3/30/2022,P00046,53,33.93,1798.29,Retail,Cash,,EMP037,7.42,No
S05564,12/1/2023,P00094,96,40.23,3862.08,Hospital,Credit Card,,EMP049,0,No
S05565,9/8/2023,P01348,5,18.24,91.2,Retail,Debit Card,,EMP049,0,No
S05566,11/24/2022,P01507,91,75.26,6848.66,Hospital,Insurance,,EMP021,0,Yes
S05567,12/23/2022,P01861,62,84.98,5268.76,Clinic,Cash,,EMP001,0,No
S05568,11/30/2023,P01516,65,52.57,3417.05,Online,Insurance,,EMP036,0,Yes
S05569,12/30/2022,P00176,18,90.18,1623.24,Online,Insurance,,EMP022,6.21,Yes
S05570,5/27/2023,P01336,61,27.52,1678.72,Wholesale,Cash,,EMP041,0,No
S05571,3/24/2023,P01653,92,179.6,16523.2,Clinic,Credit Card,,EMP044,0,No
S05572,10/4/2022,P00562,90,58.08,5227.2,Hospital,Cash,,EMP014,6.95,No
S05573,9/1/2023,P01294,21,117.76,2472.96,Retail,Cash,,EMP019,0,No
S05574,2/27/2023,P00145,58,97.6,5660.8,Retail,Debit Card,,EMP038,0,No
S05575,6/18/2023,P00193,24,123.9,2973.6,Online,Insurance,,EMP010,0,Yes
S05576,7/8/2022,P01504,57,153.23,8734.11,Wholesale,Insurance,,EMP027,0,Yes
S05577,1/20/2022,P00169,12,47.18,566.16,Retail,Credit Card,RX-7991,EMP002,2.21,No
S05578,10/14/2023,P00413,47,230.55,10835.85,Clinic,Cash,,EMP001,9.16,No
S05579,6/14/2022,P01234,35,91.86,3215.1,Online,Credit Card,,EMP048,0,No
S05580,8/22/2022,P01376,50,100.82,5041,Retail,Debit Card,,EMP019,1.8,No
S05581,11/1/2022,P00420,88,106.03,9330.64,Wholesale,Debit Card,,EMP007,15.36,No
S05582,9/26/2023,P00806,37,111.07,4109.59,Retail,Credit Card,RX-1567,EMP042,0,No
S05583,10/31/2023,P00465,67,18.52,1240.84,Wholesale,Cash,,EMP031,0,No
S05584,5/8/2022,P00107,21,48.96,1028.16,Clinic,Debit Card,,EMP026,1.92,No
S05585,12/7/2022,P01853,92,64.82,5963.44,Clinic,Debit Card,,EMP045,0,No
S05586,9/4/2023,P00956,47,21.42,1006.74,Online,Debit Card,,EMP035,10.5,No
S05587,7/24/2022,P00732,71,104.42,7413.82,Wholesale,Insurance,,EMP005,0,Yes
S05588,9/13/2023,P01165,56,78.72,4408.32,Online,Insurance,,EMP002,0,Yes
S05589,4/13/2023,P01338,37,28.46,1053.02,Retail,Credit Card,,EMP048,13.64,No
S05590,5/5/2022,P01529,33,106.15,3502.95,Wholesale,Insurance,,EMP004,0,Yes
S05591,2/24/2022,P01936,18,113.72,2046.96,Clinic,Insurance,,EMP046,0,Yes
S05592,12/25/2023,P00676,23,157.01,3611.23,Wholesale,Debit Card,,EMP046,0,No
S05593,12/20/2022,P01691,4,76.24,304.96,Clinic,Debit Card,,EMP044,0,No
S05594,1/7/2022,P01775,33,4.24,139.92,Wholesale,Cash,,EMP029,0,No
S05595,8/11/2023,P01784,34,96.96,3296.64,Online,Credit Card,,EMP043,0,No
S05596,12/16/2022,P00725,16,106.62,1705.92,Wholesale,Cash,,EMP002,16.2,No
S05597,1/22/2022,P01220,95,144.35,13713.25,Wholesale,Debit Card,,EMP006,6.62,No
S05598,8/2/2023,P01534,71,44.8,3180.8,Retail,Cash,RX-9505,EMP001,11.04,No
S05599,4/4/2022,P01229,78,86.72,6764.16,Wholesale,Debit Card,,EMP013,0,No
S05600,9/22/2023,P01311,55,57.24,3148.2,Retail,Insurance,,EMP031,16.23,Yes
S05601,11/20/2022,P01470,58,142.51,8265.58,Retail,Insurance,RX-5157,EMP032,0,Yes
S05602,7/3/2022,P00040,52,187.27,9738.04,Clinic,Cash,,EMP016,7.68,No
S05603,1/28/2023,P00057,82,41.2,3378.4,Retail,Insurance,RX-9530,EMP029,19.88,Yes
S05604,11/25/2022,P01163,79,5.63,444.77,Wholesale,Cash,,EMP031,0,No
S05605,2/19/2023,P00631,89,14.15,1259.35,Wholesale,Credit Card,,EMP026,3.25,No
S05606,4/12/2023,P01258,59,53.98,3184.82,Online,Debit Card,,EMP038,0,No
S05607,3/29/2022,P01853,2,64.82,129.64,Online,Credit Card,,EMP039,0,No
S05608,10/3/2023,P01992,24,141.04,3384.96,Online,Cash,,EMP044,0,No
S05609,5/19/2022,P00435,44,8.59,377.96,Hospital,Debit Card,,EMP007,0,No
S05610,10/2/2023,P00883,14,90.17,1262.38,Online,Insurance,,EMP009,0,Yes
S05611,4/9/2022,P00985,8,57.65,461.2,Online,Credit Card,,EMP025,0,No
S05612,5/21/2022,P00324,70,21.52,1506.4,Hospital,Cash,,EMP013,5.49,No
S05613,1/31/2022,P00394,7,50.26,351.82,Clinic,Insurance,,EMP003,0,Yes
S05614,12/15/2022,P01609,78,98.75,7702.5,Retail,Credit Card,RX-3847,EMP044,0,No
S05615,4/12/2022,P00898,84,151.31,12710.04,Clinic,Cash,,EMP047,0,No
S05616,12/1/2022,P01961,31,87.54,2713.74,Clinic,Insurance,,EMP004,0,Yes
S05617,12/7/2023,P01900,73,81.8,5971.4,Retail,Insurance,RX-4424,EMP013,19.91,Yes
S05618,7/1/2023,P01948,26,29.64,770.64,Wholesale,Debit Card,,EMP045,4.53,No
S05619,4/13/2023,P00724,76,98,7448,Clinic,Credit Card,,EMP045,0,No
S05620,4/5/2022,P01272,33,97.93,3231.69,Clinic,Debit Card,,EMP042,10.45,No
S05621,8/19/2022,P00781,32,67.18,2149.76,Retail,Cash,RX-2909,EMP034,5.92,No
S05622,8/15/2022,P00019,89,87.26,7766.14,Retail,Credit Card,RX-7498,EMP020,0,No
S05623,3/21/2022,P01445,96,10.83,1039.68,Retail,Credit Card,RX-7055,EMP012,0,No
S05624,12/13/2022,P00618,51,21.08,1075.08,Retail,Debit Card,RX-5569,EMP031,10.9,No
S05625,7/27/2022,P00577,85,72,6120,Hospital,Credit Card,,EMP013,0,No
S05626,3/13/2022,P01752,33,35.14,1159.62,Wholesale,Debit Card,,EMP030,5.2,No
S05627,11/21/2022,P00892,99,71.65,7093.35,Hospital,Cash,,EMP013,0,No
S05628,3/29/2023,P00828,68,70.11,4767.48,Wholesale,Credit Card,,EMP036,0,No
S05629,12/9/2023,P00872,32,105.3,3369.6,Retail,Insurance,,EMP021,2.76,Yes
S05630,4/10/2022,P01422,16,142.28,2276.48,Wholesale,Cash,,EMP016,0,No
S05631,7/11/2023,P01619,34,200.94,6831.96,Retail,Credit Card,,EMP025,0,No
S05632,3/3/2023,P01393,85,33.65,2860.25,Hospital,Credit Card,,EMP018,10.07,No
S05633,5/31/2023,P01111,23,134.13,3084.99,Wholesale,Debit Card,,EMP019,0,No
S05634,3/7/2023,P01185,92,15.15,1393.8,Online,Insurance,,EMP010,0,Yes
S05635,12/16/2023,P00553,41,133.99,5493.59,Wholesale,Credit Card,,EMP032,6.68,No
S05636,5/6/2022,P01145,50,201.2,10060,Wholesale,Debit Card,,EMP024,0,No
S05637,5/30/2022,P01196,98,137.27,13452.46,Hospital,Insurance,,EMP019,10.56,Yes
S05638,5/22/2022,P00950,97,116.29,11280.13,Hospital,Cash,,EMP047,4.62,No
S05639,12/13/2023,P01587,8,88.76,710.08,Hospital,Cash,,EMP043,5.45,No
S05640,5/16/2022,P01257,78,120.18,9374.04,Online,Credit Card,,EMP020,0,No
S05641,9/26/2022,P01180,84,197.21,16565.64,Online,Cash,,EMP048,0,No
S05642,9/3/2023,P00390,90,90.78,8170.2,Online,Debit Card,,EMP030,0,No
S05643,12/13/2022,P01856,8,26.43,211.44,Retail,Debit Card,,EMP037,3.89,No
S05644,3/4/2022,P00700,5,16.72,83.6,Clinic,Insurance,,EMP019,0,Yes
S05645,6/6/2022,P00171,73,39.55,2887.15,Retail,Credit Card,RX-5925,EMP034,0,No
S05646,11/7/2023,P00259,60,58,3480,Retail,Debit Card,,EMP016,0,No
S05647,9/23/2022,P01902,68,79.89,5432.52,Retail,Cash,,EMP039,13.01,No
S05648,1/17/2023,P00649,29,72.3,2096.7,Retail,Insurance,RX-1584,EMP033,9.02,Yes
S05649,5/9/2023,P01861,10,84.98,849.8,Hospital,Cash,,EMP028,0,No
S05650,1/5/2022,P01565,84,161.78,13589.52,Hospital,Credit Card,,EMP035,0,No
S05651,7/25/2022,P01961,63,87.54,5515.02,Clinic,Credit Card,,EMP024,0,No
S05652,9/8/2022,P00807,73,6.37,465.01,Clinic,Debit Card,,EMP033,0,No
S05653,1/4/2023,P00909,90,89.53,8057.7,Retail,Insurance,RX-1441,EMP004,11.25,Yes
S05654,1/4/2022,P00134,8,203.69,1629.52,Hospital,Credit Card,,EMP019,2.79,No
S05655,1/21/2022,P01664,16,35.84,573.44,Online,Credit Card,,EMP039,0,No
S05656,11/28/2023,P00575,49,60.33,2956.17,Online,Credit Card,,EMP008,7.96,No
S05657,2/4/2023,P00564,41,128.81,5281.21,Hospital,Insurance,,EMP046,0,Yes
S05658,10/15/2023,P01646,48,42.03,2017.44,Retail,Debit Card,,EMP017,0,No
S05659,6/25/2022,P00328,70,12.07,844.9,Wholesale,Debit Card,,EMP024,0,No
S05660,11/14/2022,P01203,74,149.74,11080.76,Clinic,Cash,,EMP004,11.73,No
S05661,5/14/2022,P00355,69,87.11,6010.59,Hospital,Insurance,,EMP016,0,Yes
S05662,8/10/2022,P00494,23,37.22,856.06,Retail,Debit Card,RX-2910,EMP028,0,No
S05663,12/3/2022,P00483,22,114.41,2517.02,Retail,Debit Card,,EMP044,17.11,No
S05664,9/22/2022,P01916,38,147.86,5618.68,Online,Cash,,EMP037,0,No
S05665,10/31/2023,P00049,89,20.85,1855.65,Online,Credit Card,,EMP026,0,No
S05666,2/23/2023,P00196,62,97.32,6033.84,Hospital,Credit Card,,EMP011,0,No
S05667,11/19/2023,P00832,22,180.91,3980.02,Online,Insurance,,EMP028,0,Yes
S05668,5/5/2023,P00449,32,40.53,1296.96,Online,Insurance,,EMP002,0,Yes
S05669,11/28/2022,P01433,85,102.1,8678.5,Wholesale,Cash,,EMP018,17.24,No
S05670,4/5/2022,P01006,64,68.16,4362.24,Online,Cash,,EMP039,0,No
S05671,11/24/2022,P01805,75,162.9,12217.5,Wholesale,Credit Card,,EMP045,19.93,No
S05672,10/8/2022,P01300,23,23.55,541.65,Online,Credit Card,,EMP008,0,No
S05673,4/11/2022,P00305,69,102.94,7102.86,Online,Insurance,,EMP015,0,Yes
S05674,7/16/2022,P00125,3,51.68,155.04,Hospital,Credit Card,,EMP038,0,No
S05675,2/5/2023,P01929,28,89.05,2493.4,Online,Insurance,,EMP030,0,Yes
S05676,3/26/2023,P01436,17,119.84,2037.28,Retail,Debit Card,,EMP009,10.26,No
S05677,9/30/2022,P00358,55,39.91,2195.05,Retail,Debit Card,RX-2201,EMP010,17.2,No
S05678,9/12/2022,P01504,28,153.23,4290.44,Hospital,Cash,,EMP027,0.42,No
S05679,8/24/2023,P01606,13,33.38,433.94,Online,Insurance,,EMP012,0,Yes
S05680,8/18/2023,P01822,88,55.79,4909.52,Hospital,Credit Card,,EMP022,10.16,No
S05681,8/27/2023,P00196,2,97.32,194.64,Clinic,Insurance,,EMP008,0,Yes
S05682,8/18/2023,P01522,94,61.42,5773.48,Hospital,Credit Card,,EMP042,0,No
S05683,8/3/2022,P00846,92,32.5,2990,Online,Credit Card,,EMP036,0,No
S05684,4/2/2022,P01797,72,48.87,3518.64,Online,Insurance,,EMP017,18.92,Yes
S05685,8/16/2023,P01206,4,48.13,192.52,Hospital,Credit Card,,EMP028,0,No
S05686,8/10/2022,P01111,57,134.13,7645.41,Wholesale,Cash,,EMP033,0,No
S05687,4/3/2022,P00826,12,11.51,138.12,Clinic,Debit Card,,EMP034,0,No
S05688,4/26/2023,P00925,6,86.06,516.36,Retail,Credit Card,RX-4413,EMP015,0,No
S05689,11/23/2023,P01001,13,131.55,1710.15,Retail,Insurance,RX-7888,EMP032,0,Yes
S05690,9/21/2022,P00924,46,42.32,1946.72,Online,Credit Card,,EMP017,0,No
S05691,5/29/2022,P00515,38,49,1862,Hospital,Credit Card,,EMP029,0,No
S05692,11/13/2022,P00940,77,51.09,3933.93,Clinic,Credit Card,,EMP016,0,No
S05693,11/30/2022,P00977,13,67.33,875.29,Clinic,Credit Card,,EMP024,0,No
S05694,10/19/2023,P00933,28,194.93,5458.04,Clinic,Debit Card,,EMP034,0,No
S05695,3/20/2023,P00421,14,44.12,617.68,Retail,Debit Card,RX-2786,EMP006,0,No
S05696,10/14/2022,P00845,47,62.61,2942.67,Retail,Credit Card,RX-3943,EMP026,0,No
S05697,1/25/2023,P01257,76,120.18,9133.68,Hospital,Cash,,EMP025,1.67,No
S05698,11/4/2022,P01502,27,203.2,5486.4,Clinic,Cash,,EMP040,12.05,No
S05699,12/6/2022,P01936,84,113.72,9552.48,Online,Debit Card,,EMP012,0,No
S05700,9/10/2023,P00224,78,142.94,11149.32,Hospital,Debit Card,,EMP028,0,No
S05701,2/12/2023,P01783,5,128.03,640.15,Retail,Debit Card,,EMP038,0,No
S05702,8/4/2022,P01953,97,208.42,20216.74,Wholesale,Debit Card,,EMP008,0,No
S05703,6/10/2023,P01010,71,59.36,4214.56,Online,Credit Card,,EMP028,0,No
S05704,10/16/2022,P01301,49,72.01,3528.49,Hospital,Cash,,EMP022,0,No
S05705,2/24/2022,P00085,76,47.35,3598.6,Hospital,Credit Card,,EMP042,0,No
S05706,3/15/2023,P01455,72,117.71,8475.12,Wholesale,Cash,,EMP044,0,No
S05707,3/27/2022,P01243,88,105.46,9280.48,Online,Debit Card,,EMP018,0,No
S05708,3/23/2023,P00819,94,202.43,19028.42,Retail,Cash,RX-4883,EMP037,0,No
S05709,11/30/2023,P01374,48,4.84,232.32,Retail,Insurance,,EMP049,0,Yes
S05710,4/26/2023,P00427,9,77.02,693.18,Hospital,Credit Card,,EMP015,0,No
S05711,5/12/2023,P00744,12,59.16,709.92,Wholesale,Debit Card,,EMP043,7.39,No
S05712,6/28/2023,P01791,74,39.31,2908.94,Hospital,Credit Card,,EMP036,0,No
S05713,8/16/2022,P01746,77,155.25,11954.25,Hospital,Credit Card,,EMP030,11.05,No
S05714,9/17/2022,P00483,45,114.41,5148.45,Clinic,Cash,,EMP040,0,No
S05715,5/3/2022,P00262,89,208.94,18595.66,Clinic,Debit Card,,EMP029,0,No
S05716,4/4/2022,P01561,5,91.14,455.7,Hospital,Debit Card,,EMP030,0,No
S05717,5/21/2022,P01613,54,22.42,1210.68,Hospital,Cash,,EMP007,6.18,No
S05718,5/17/2022,P00051,49,16.24,795.76,Clinic,Insurance,,EMP044,0,Yes
S05719,7/12/2022,P01295,19,218.75,4156.25,Online,Credit Card,,EMP013,0,No
S05720,1/28/2022,P01513,71,143.09,10159.39,Clinic,Debit Card,,EMP001,0,No
S05721,3/30/2022,P00191,57,169.95,9687.15,Clinic,Debit Card,,EMP021,0,No
S05722,4/2/2022,P01073,83,117.6,9760.8,Wholesale,Debit Card,,EMP021,0,No
S05723,9/30/2022,P01137,41,21.13,866.33,Retail,Insurance,RX-2000,EMP023,0,Yes
S05724,12/7/2023,P00194,9,138.04,1242.36,Hospital,Insurance,,EMP023,14.6,Yes
S05725,11/19/2023,P00068,94,26.69,2508.86,Online,Cash,,EMP013,0,No
S05726,8/28/2023,P01042,37,157.71,5835.27,Online,Credit Card,,EMP041,0,No
S05727,1/3/2023,P00138,10,84.18,841.8,Online,Cash,,EMP008,0,No
S05728,1/31/2022,P00951,54,46.39,2505.06,Retail,Debit Card,,EMP034,0,No
S05729,8/20/2023,P00919,79,60.26,4760.54,Retail,Debit Card,,EMP047,0,No
S05730,6/8/2022,P01445,62,10.83,671.46,Online,Debit Card,,EMP012,0,No
S05731,3/30/2022,P00075,33,140.25,4628.25,Retail,Cash,RX-7046,EMP008,0,No
S05732,12/9/2023,P00187,85,185.09,15732.65,Retail,Debit Card,,EMP015,13.96,No
S05733,11/5/2023,P00067,3,56.75,170.25,Wholesale,Cash,,EMP002,0,No
S05734,7/11/2023,P00508,34,79.87,2715.58,Wholesale,Insurance,,EMP012,0,Yes
S05735,11/7/2023,P00640,91,30.09,2738.19,Wholesale,Debit Card,,EMP017,0,No
S05736,8/26/2022,P01134,80,82.66,6612.8,Hospital,Insurance,,EMP006,0,Yes
S05737,12/28/2023,P00403,54,146.78,7926.12,Clinic,Credit Card,,EMP008,0,No
S05738,6/9/2022,P01634,20,3.64,72.8,Wholesale,Credit Card,,EMP030,0,No
S05739,6/9/2022,P01263,79,123.45,9752.55,Wholesale,Cash,,EMP039,0,No
S05740,3/17/2023,P00925,15,86.06,1290.9,Online,Debit Card,,EMP039,0,No
S05741,6/30/2023,P00140,38,89.42,3397.96,Retail,Debit Card,,EMP042,0,No
S05742,7/8/2023,P00634,87,94.81,8248.47,Hospital,Debit Card,,EMP030,0,No
S05743,5/31/2023,P00435,68,8.59,584.12,Retail,Insurance,RX-1776,EMP020,19.02,Yes
S05744,12/16/2022,P01108,19,87.83,1668.77,Wholesale,Debit Card,,EMP010,13.53,No
S05745,4/6/2023,P01648,91,97.12,8837.92,Retail,Credit Card,RX-1932,EMP001,0,No
S05746,10/6/2023,P00493,18,166.53,2997.54,Retail,Insurance,RX-1732,EMP025,0,Yes
S05747,10/27/2022,P01097,57,25.75,1467.75,Retail,Credit Card,RX-2065,EMP018,0,No
S05748,5/16/2023,P01653,38,179.6,6824.8,Retail,Insurance,,EMP013,9.23,Yes
S05749,6/1/2022,P01413,28,18.79,526.12,Online,Insurance,,EMP025,0,Yes
S05750,6/17/2023,P01602,65,35.79,2326.35,Hospital,Insurance,,EMP021,0,Yes
S05751,3/5/2023,P00772,92,55.7,5124.4,Online,Cash,,EMP006,0,No
S05752,6/17/2023,P00218,44,56.11,2468.84,Clinic,Credit Card,,EMP010,3.65,No
S05753,4/10/2023,P01497,17,53.61,911.37,Wholesale,Insurance,,EMP037,18.57,Yes
S05754,7/21/2022,P00539,60,146.43,8785.8,Online,Insurance,,EMP022,13.4,Yes
S05755,10/11/2022,P00873,63,224.3,14130.9,Clinic,Credit Card,,EMP014,0,No
S05756,9/11/2022,P01429,65,35.36,2298.4,Retail,Credit Card,RX-4927,EMP020,8.52,No
S05757,5/25/2023,P01489,69,86.68,5980.92,Hospital,Credit Card,,EMP017,0,No
S05758,2/9/2022,P00676,71,157.01,11147.71,Hospital,Insurance,,EMP014,0,Yes
S05759,7/30/2023,P01405,25,18.2,455,Retail,Cash,RX-6644,EMP042,0,No
S05760,5/3/2023,P01105,89,13.28,1181.92,Retail,Debit Card,RX-7010,EMP025,0,No
S05761,1/12/2023,P00829,44,28.35,1247.4,Wholesale,Cash,,EMP031,0,No
S05762,7/5/2022,P00762,41,166.8,6838.8,Hospital,Credit Card,,EMP044,0,No
S05763,3/1/2023,P01935,3,54.38,163.14,Online,Credit Card,,EMP004,5.26,No
S05764,5/18/2023,P01142,47,22.57,1060.79,Hospital,Cash,,EMP004,0,No
S05765,8/27/2023,P00773,18,110.75,1993.5,Hospital,Cash,,EMP037,0,No
S05766,3/27/2023,P01980,38,78.37,2978.06,Hospital,Debit Card,,EMP026,0,No
S05767,11/16/2022,P01482,81,185.99,15065.19,Retail,Debit Card,RX-8075,EMP047,0,No
S05768,11/15/2022,P00540,59,147.35,8693.65,Hospital,Debit Card,,EMP001,0.86,No
S05769,2/12/2022,P01766,57,28.74,1638.18,Retail,Debit Card,RX-9049,EMP033,0,No
S05770,2/3/2023,P00523,30,138.88,4166.4,Hospital,Debit Card,,EMP029,0,No
S05771,11/27/2022,P01105,21,13.28,278.88,Hospital,Cash,,EMP006,4.68,No
S05772,1/13/2022,P01630,49,17.3,847.7,Retail,Insurance,,EMP005,2.02,Yes
S05773,10/28/2023,P00331,26,227.35,5911.1,Online,Credit Card,,EMP017,0,No
S05774,6/19/2022,P01862,78,70.5,5499,Retail,Cash,,EMP040,0,No
S05775,6/2/2023,P00400,55,80.31,4417.05,Wholesale,Insurance,,EMP025,0,Yes
S05776,3/21/2022,P01154,67,93.23,6246.41,Clinic,Credit Card,,EMP009,0,No
S05777,10/2/2022,P01675,12,78.72,944.64,Hospital,Credit Card,,EMP028,0,No
S05778,6/2/2022,P01562,39,109.84,4283.76,Retail,Cash,RX-6027,EMP044,0,No
S05779,10/2/2023,P00829,90,28.35,2551.5,Online,Cash,,EMP026,0,No
S05780,5/4/2022,P00584,74,180.49,13356.26,Online,Cash,,EMP018,0,No
S05781,3/31/2023,P00178,93,27.42,2550.06,Online,Cash,,EMP001,0,No
S05782,7/5/2023,P01382,52,150.79,7841.08,Wholesale,Cash,,EMP033,0,No
S05783,4/12/2023,P01949,64,75.33,4821.12,Online,Debit Card,,EMP045,0,No
S05784,4/10/2023,P00947,75,133.05,9978.75,Wholesale,Debit Card,,EMP025,3.65,No
S05785,10/14/2022,P00906,32,19.42,621.44,Wholesale,Insurance,,EMP014,0,Yes
S05786,8/12/2022,P00167,6,148.86,893.16,Online,Credit Card,,EMP022,0,No
S05787,10/31/2022,P01793,73,215.15,15705.95,Hospital,Debit Card,,EMP035,0,No
S05788,5/8/2022,P00213,95,152.87,14522.65,Clinic,Cash,,EMP004,0,No
S05789,8/15/2023,P00228,86,69.08,5940.88,Retail,Debit Card,RX-8909,EMP041,7.91,No
S05790,7/7/2023,P00333,93,65.18,6061.74,Online,Credit Card,,EMP030,11.19,No
S05791,9/14/2022,P00611,72,176.35,12697.2,Hospital,Insurance,,EMP045,4.47,Yes
S05792,10/23/2022,P01474,9,69.26,623.34,Retail,Credit Card,,EMP029,2.16,No
S05793,2/10/2023,P00681,22,105.09,2311.98,Wholesale,Debit Card,,EMP033,0,No
S05794,8/6/2023,P01425,44,132.4,5825.6,Hospital,Credit Card,,EMP009,16.64,No
S05795,9/19/2023,P01133,40,52.45,2098,Retail,Debit Card,,EMP009,9.18,No
S05796,12/28/2022,P00045,56,201.02,11257.12,Clinic,Credit Card,,EMP004,9.96,No
S05797,3/18/2023,P01480,80,33.9,2712,Clinic,Credit Card,,EMP009,0,No
S05798,6/18/2022,P01851,70,118.41,8288.7,Online,Credit Card,,EMP017,18.83,No
S05799,10/5/2023,P00598,86,41.78,3593.08,Wholesale,Credit Card,,EMP025,0,No
S05800,3/1/2022,P00275,3,83.95,251.85,Online,Debit Card,,EMP037,0,No
S05801,1/15/2022,P01058,96,69.6,6681.6,Clinic,Debit Card,,EMP046,0,No
S05802,12/15/2022,P01605,26,88.52,2301.52,Hospital,Cash,,EMP010,0,No
S05803,5/21/2023,P01338,83,28.46,2362.18,Clinic,Debit Card,,EMP046,0,No
S05804,12/23/2022,P00626,49,151.98,7447.02,Online,Credit Card,,EMP005,19.97,No
S05805,1/25/2023,P00369,73,150.98,11021.54,Hospital,Cash,,EMP035,0,No
S05806,5/17/2022,P00808,96,30.51,2928.96,Retail,Credit Card,RX-1313,EMP012,0,No
S05807,5/8/2022,P01385,73,76.48,5583.04,Online,Cash,,EMP047,12.92,No
S05808,11/20/2023,P01550,72,27.71,1995.12,Wholesale,Credit Card,,EMP031,0,No
S05809,9/25/2023,P00527,51,7.61,388.11,Online,Cash,,EMP042,0,No
S05810,11/17/2022,P01067,22,137.17,3017.74,Wholesale,Credit Card,,EMP007,6.18,No
S05811,6/4/2023,P01120,81,56.61,4585.41,Wholesale,Cash,,EMP048,0,No
S05812,4/28/2022,P00307,4,138.84,555.36,Clinic,Cash,,EMP046,0,No
S05813,5/19/2022,P00693,45,13.05,587.25,Retail,Credit Card,RX-3286,EMP024,0,No
S05814,1/29/2022,P01305,74,16.03,1186.22,Wholesale,Credit Card,,EMP039,18.57,No
S05815,7/27/2022,P00173,23,6.26,143.98,Clinic,Insurance,,EMP005,0,Yes
S05816,6/9/2022,P01498,45,135.49,6097.05,Hospital,Debit Card,,EMP013,8.09,No
S05817,6/1/2022,P00812,18,74.37,1338.66,Retail,Credit Card,RX-1514,EMP007,0,No
S05818,5/29/2023,P00324,64,21.52,1377.28,Clinic,Debit Card,,EMP040,0,No
S05819,12/9/2022,P01781,9,143.25,1289.25,Online,Insurance,,EMP032,0,Yes
S05820,8/20/2023,P01961,61,87.54,5339.94,Online,Insurance,,EMP011,0,Yes
S05821,1/24/2023,P01149,62,127.23,7888.26,Online,Insurance,,EMP047,0,Yes
S05822,11/4/2023,P01797,72,48.87,3518.64,Wholesale,Cash,,EMP004,0,No
S05823,3/11/2023,P01783,50,128.03,6401.5,Clinic,Debit Card,,EMP024,0,No
S05824,9/14/2022,P00997,73,155.58,11357.34,Online,Insurance,,EMP001,0,Yes
S05825,3/31/2022,P01686,78,7.97,621.66,Wholesale,Credit Card,,EMP032,0,No
S05826,4/28/2022,P00061,56,56.61,3170.16,Clinic,Cash,,EMP037,0,No
S05827,6/5/2023,P01352,27,173.6,4687.2,Hospital,Credit Card,,EMP043,6.4,No
S05828,2/15/2023,P01823,84,178.14,14963.76,Wholesale,Cash,,EMP042,0,No
S05829,11/20/2023,P01772,2,41.88,83.76,Hospital,Insurance,,EMP016,0,Yes
S05830,1/28/2023,P01223,76,13.24,1006.24,Clinic,Cash,,EMP036,0,No
S05831,6/22/2022,P01628,8,18.06,144.48,Wholesale,Insurance,,EMP014,0,Yes
S05832,11/23/2023,P01535,30,59.13,1773.9,Online,Debit Card,,EMP024,0,No
S05833,3/6/2023,P01921,13,141.59,1840.67,Wholesale,Credit Card,,EMP013,0,No
S05834,9/2/2023,P01198,69,89.35,6165.15,Clinic,Credit Card,,EMP003,0,No
S05835,7/6/2023,P01066,46,186.22,8566.12,Wholesale,Debit Card,,EMP009,0,No
S05836,2/28/2023,P01388,5,21.28,106.4,Wholesale,Credit Card,,EMP031,16.53,No
S05837,12/19/2022,P00063,19,114.26,2170.94,Wholesale,Debit Card,,EMP025,0.95,No
S05838,1/24/2023,P00708,42,117.11,4918.62,Hospital,Credit Card,,EMP032,0,No
S05839,9/28/2022,P00623,11,61.26,673.86,Hospital,Insurance,,EMP016,0,Yes
S05840,2/14/2023,P01240,66,69.06,4557.96,Clinic,Credit Card,,EMP030,0,No
S05841,5/21/2022,P00442,99,87.13,8625.87,Clinic,Insurance,,EMP007,0,Yes
S05842,3/1/2022,P01789,62,111.15,6891.3,Clinic,Credit Card,,EMP003,0,No
S05843,5/6/2022,P01208,98,23.52,2304.96,Retail,Credit Card,RX-6521,EMP014,0,No
S05844,6/30/2023,P00539,83,146.43,12153.69,Wholesale,Credit Card,,EMP048,0,No
S05845,11/18/2023,P01695,57,187.28,10674.96,Retail,Insurance,,EMP018,0,Yes
S05846,10/5/2022,P00606,41,92.02,3772.82,Clinic,Cash,,EMP040,0,No
S05847,4/17/2022,P01931,26,47.12,1225.12,Clinic,Credit Card,,EMP026,0,No
S05848,3/16/2023,P00257,49,97.68,4786.32,Clinic,Cash,,EMP037,0,No
S05849,2/7/2022,P00547,34,72.37,2460.58,Online,Credit Card,,EMP015,0,No
S05850,5/18/2023,P01905,89,155.79,13865.31,Online,Credit Card,,EMP011,7.66,No
S05851,9/28/2023,P00920,52,214.11,11133.72,Online,Insurance,,EMP019,0,Yes
S05852,7/15/2023,P01588,40,63.41,2536.4,Online,Credit Card,,EMP020,0,No
S05853,5/20/2023,P01407,93,134.5,12508.5,Clinic,Debit Card,,EMP030,14.88,No
S05854,9/26/2023,P01183,84,37.8,3175.2,Online,Insurance,,EMP008,0,Yes
S05855,2/11/2023,P00020,22,84.7,1863.4,Hospital,Cash,,EMP048,0,No
S05856,5/13/2022,P00377,56,22.09,1237.04,Retail,Debit Card,,EMP014,0,No
S05857,2/18/2023,P01209,16,31.25,500,Online,Debit Card,,EMP007,16.4,No
S05858,4/22/2023,P01086,97,59.4,5761.8,Online,Insurance,,EMP035,12.73,Yes
S05859,3/13/2022,P01088,6,39.97,239.82,Online,Credit Card,,EMP005,0,No
S05860,8/1/2022,P01661,95,43.48,4130.6,Online,Debit Card,,EMP027,0,No
S05861,4/19/2022,P00086,10,30.6,306,Retail,Debit Card,RX-5926,EMP034,0,No
S05862,3/18/2022,P00577,70,72,5040,Retail,Insurance,RX-3278,EMP019,0,Yes
S05863,11/13/2023,P01592,69,83.63,5770.47,Retail,Cash,,EMP042,15.74,No
S05864,2/8/2022,P00006,11,51.88,570.68,Clinic,Debit Card,,EMP006,0,No
S05865,4/4/2023,P01060,75,201.92,15144,Online,Credit Card,,EMP010,0,No
S05866,2/22/2022,P01499,72,6.93,498.96,Retail,Cash,,EMP020,10.98,No
S05867,7/23/2022,P01618,88,9.52,837.76,Wholesale,Debit Card,,EMP040,13.36,No
S05868,1/28/2022,P00873,48,224.3,10766.4,Retail,Credit Card,RX-7680,EMP031,7.33,No
S05869,1/8/2023,P01940,51,226.83,11568.33,Hospital,Debit Card,,EMP042,4.21,No
S05870,1/5/2022,P01429,5,35.36,176.8,Online,Cash,,EMP038,5.06,No
S05871,3/15/2023,P01194,98,79.6,7800.8,Wholesale,Cash,,EMP049,0,No
S05872,12/28/2022,P01948,9,29.64,266.76,Online,Insurance,,EMP048,0,Yes
S05873,3/4/2022,P00059,18,70.29,1265.22,Hospital,Insurance,,EMP048,0,Yes
S05874,5/15/2022,P00075,13,140.25,1823.25,Retail,Insurance,,EMP034,0,Yes
S05875,8/16/2023,P01364,55,123.71,6804.05,Wholesale,Insurance,,EMP044,0,Yes
S05876,6/9/2022,P01188,87,184.47,16048.89,Clinic,Debit Card,,EMP022,0,No
S05877,5/25/2023,P01689,82,144.18,11822.76,Wholesale,Cash,,EMP005,0,No
S05878,11/23/2023,P01935,35,54.38,1903.3,Online,Cash,,EMP014,0,No
S05879,2/7/2023,P01732,3,109.7,329.1,Retail,Credit Card,,EMP001,0,No
S05880,12/24/2023,P00678,85,102.78,8736.3,Retail,Cash,RX-7896,EMP033,0,No
S05881,4/15/2023,P00852,9,56.55,508.95,Wholesale,Cash,,EMP006,19.62,No
S05882,5/22/2023,P00463,75,44,3300,Online,Insurance,,EMP034,0,Yes
S05883,3/7/2023,P01792,7,44.71,312.97,Retail,Credit Card,,EMP006,0,No
S05884,4/5/2023,P00246,66,53.76,3548.16,Hospital,Debit Card,,EMP015,13.88,No
S05885,10/2/2023,P00584,51,180.49,9204.99,Online,Cash,,EMP047,12.25,No
S05886,4/9/2022,P01410,11,46.2,508.2,Wholesale,Debit Card,,EMP020,0,No
S05887,1/7/2022,P00726,57,4.17,237.69,Retail,Cash,,EMP016,0,No
S05888,2/17/2023,P01626,3,67.99,203.97,Online,Insurance,,EMP025,0,Yes
S05889,4/30/2023,P01738,67,81.65,5470.55,Retail,Credit Card,RX-8965,EMP016,0,No
S05890,8/1/2022,P01437,67,18.99,1272.33,Clinic,Cash,,EMP012,0,No
S05891,9/23/2022,P00229,16,32.11,513.76,Wholesale,Credit Card,,EMP038,17.8,No
S05892,5/28/2023,P01812,88,61.84,5441.92,Hospital,Insurance,,EMP049,0,Yes
S05893,7/8/2023,P00603,35,58.65,2052.75,Wholesale,Credit Card,,EMP028,0,No
S05894,3/8/2023,P00315,72,11.61,835.92,Clinic,Credit Card,,EMP045,0,No
S05895,12/15/2023,P01324,84,72.66,6103.44,Retail,Insurance,RX-3216,EMP043,17.21,Yes
S05896,5/1/2023,P01543,4,79.04,316.16,Wholesale,Debit Card,,EMP005,0,No
S05897,1/27/2022,P00952,11,75.64,832.04,Wholesale,Insurance,,EMP019,0,Yes
S05898,11/12/2023,P01280,21,22.73,477.33,Online,Cash,,EMP026,0,No
S05899,6/22/2023,P00395,20,73.66,1473.2,Hospital,Insurance,,EMP026,4.4,Yes
S05900,4/8/2022,P01669,47,34.2,1607.4,Wholesale,Debit Card,,EMP021,0,No
S05901,2/28/2023,P00220,29,17.49,507.21,Retail,Cash,,EMP029,8.1,No
S05902,8/26/2022,P00697,8,159.08,1272.64,Retail,Cash,RX-5580,EMP045,16.62,No
S05903,10/21/2022,P01725,28,119.81,3354.68,Hospital,Insurance,,EMP044,0,Yes
S05904,2/3/2022,P01265,95,125.93,11963.35,Wholesale,Debit Card,,EMP004,0,No
S05905,5/12/2023,P00336,83,128.74,10685.42,Retail,Cash,RX-8458,EMP006,0,No
S05906,8/29/2022,P02000,71,47.91,3401.61,Wholesale,Cash,,EMP040,0.37,No
S05907,12/3/2022,P01303,15,65.52,982.8,Retail,Cash,RX-7396,EMP009,0,No
S05908,7/7/2022,P00232,41,87.16,3573.56,Retail,Debit Card,,EMP013,0,No
S05909,10/26/2023,P01198,5,89.35,446.75,Retail,Insurance,RX-6713,EMP012,0,Yes
S05910,4/27/2023,P01250,88,68.43,6021.84,Retail,Credit Card,,EMP048,1.08,No
S05911,10/9/2022,P01250,22,68.43,1505.46,Hospital,Credit Card,,EMP012,0,No
S05912,2/13/2022,P01292,39,98.48,3840.72,Hospital,Cash,,EMP010,0,No
S05913,2/15/2022,P00805,92,60.19,5537.48,Online,Credit Card,,EMP031,0,No
S05914,7/14/2022,P00115,50,135.98,6799,Hospital,Debit Card,,EMP003,0,No
S05915,4/1/2022,P01244,37,61.15,2262.55,Wholesale,Cash,,EMP043,0,No
S05916,6/3/2022,P00554,63,99.16,6247.08,Online,Cash,,EMP024,0,No
S05917,3/3/2022,P00821,52,111.04,5774.08,Clinic,Debit Card,,EMP023,0,No
S05918,9/19/2023,P01129,22,68.41,1505.02,Online,Insurance,,EMP039,0,Yes
S05919,1/1/2022,P01494,8,74.44,595.52,Clinic,Cash,,EMP041,5.23,No
S05920,11/25/2022,P00808,61,30.51,1861.11,Wholesale,Cash,,EMP033,14.66,No
S05921,1/15/2023,P01499,45,6.93,311.85,Hospital,Cash,,EMP019,15.11,No
S05922,2/21/2022,P01165,87,78.72,6848.64,Online,Cash,,EMP008,2.31,No
S05923,9/1/2022,P01044,27,87.35,2358.45,Retail,Insurance,RX-6492,EMP030,0,Yes
S05924,1/2/2023,P01737,66,9.45,623.7,Hospital,Insurance,,EMP037,0,Yes
S05925,6/15/2022,P01639,10,10.24,102.4,Hospital,Insurance,,EMP027,0,Yes
S05926,2/23/2022,P00761,80,78,6240,Hospital,Insurance,,EMP031,0,Yes
S05927,3/13/2023,P00828,42,70.11,2944.62,Wholesale,Credit Card,,EMP009,0,No
S05928,10/21/2023,P01961,56,87.54,4902.24,Clinic,Insurance,,EMP034,0,Yes
S05929,10/29/2023,P00705,80,81.11,6488.8,Hospital,Debit Card,,EMP031,2.31,No
S05930,1/9/2023,P01187,80,111.29,8903.2,Hospital,Credit Card,,EMP025,0,No
S05931,5/28/2022,P00632,51,61.47,3134.97,Wholesale,Insurance,,EMP020,0,Yes
S05932,10/23/2023,P01196,36,137.27,4941.72,Online,Cash,,EMP028,0,No
S05933,11/2/2023,P01411,89,179.73,15995.97,Online,Cash,,EMP045,0,No
S05934,1/30/2023,P00435,1,8.59,8.59,Hospital,Insurance,,EMP033,0,Yes
S05935,3/13/2022,P00754,38,188.9,7178.2,Retail,Insurance,RX-9629,EMP044,0,Yes
S05936,4/20/2022,P01051,8,96.17,769.36,Online,Insurance,,EMP007,16.26,Yes
S05937,5/23/2023,P01307,96,10.7,1027.2,Hospital,Insurance,,EMP024,0,Yes
S05938,5/20/2022,P00896,14,98.64,1380.96,Online,Debit Card,,EMP021,0,No
S05939,6/8/2022,P01317,10,146.16,1461.6,Hospital,Debit Card,,EMP013,9.17,No
S05940,5/19/2022,P00770,19,37.03,703.57,Online,Insurance,,EMP029,0,Yes
S05941,3/13/2022,P01795,51,111,5661,Hospital,Credit Card,,EMP020,0,No
S05942,5/13/2023,P00666,3,124.51,373.53,Clinic,Insurance,,EMP044,0.87,Yes
S05943,6/3/2022,P01136,7,24.06,168.42,Retail,Insurance,,EMP012,0,Yes
S05944,11/28/2022,P01882,77,26.71,2056.67,Wholesale,Credit Card,,EMP035,0,No
S05945,10/8/2023,P01073,58,117.6,6820.8,Wholesale,Insurance,,EMP044,0,Yes
S05946,11/6/2022,P00631,34,14.15,481.1,Online,Debit Card,,EMP039,13.99,No
S05947,10/18/2023,P01215,34,11.29,383.86,Retail,Insurance,RX-5492,EMP018,0,Yes
S05948,12/8/2022,P01762,77,76.66,5902.82,Retail,Insurance,RX-8279,EMP010,0,Yes
S05949,7/14/2022,P01566,49,86.62,4244.38,Retail,Cash,RX-9294,EMP046,0,No
S05950,7/19/2022,P00470,82,142.13,11654.66,Wholesale,Debit Card,,EMP005,0,No
S05951,6/29/2022,P01720,30,112,3360,Hospital,Credit Card,,EMP012,0,No
S05952,9/21/2023,P01925,85,10.88,924.8,Online,Insurance,,EMP029,0,Yes
S05953,10/30/2022,P00738,54,50.73,2739.42,Hospital,Credit Card,,EMP024,5.85,No
S05954,8/14/2022,P00191,55,169.95,9347.25,Clinic,Debit Card,,EMP001,0,No
S05955,9/13/2022,P01970,29,203.19,5892.51,Clinic,Cash,,EMP048,0,No
S05956,7/13/2023,P00618,27,21.08,569.16,Retail,Credit Card,RX-4924,EMP028,0,No
S05957,3/10/2022,P01276,72,158.8,11433.6,Hospital,Insurance,,EMP004,0,Yes
S05958,3/19/2023,P01337,93,74.6,6937.8,Retail,Insurance,RX-6614,EMP037,16.34,Yes
S05959,5/26/2022,P00720,40,102.25,4090,Online,Credit Card,,EMP004,13.81,No
S05960,10/4/2023,P00198,57,165.05,9407.85,Online,Credit Card,,EMP013,0,No
S05961,2/3/2022,P00485,10,38.73,387.3,Hospital,Insurance,,EMP027,13.22,Yes
S05962,8/21/2022,P00263,99,144.44,14299.56,Clinic,Insurance,,EMP042,0.24,Yes
S05963,6/22/2023,P00948,67,53.01,3551.67,Clinic,Cash,,EMP025,0,No
S05964,2/5/2022,P01478,54,210.18,11349.72,Clinic,Debit Card,,EMP023,0,No
S05965,6/3/2022,P01827,73,140.04,10222.92,Wholesale,Credit Card,,EMP025,0,No
S05966,2/24/2022,P01360,91,49.16,4473.56,Retail,Insurance,,EMP026,0,Yes
S05967,6/8/2022,P00905,49,119.31,5846.19,Online,Cash,,EMP005,0,No
S05968,2/13/2022,P01481,62,181.49,11252.38,Retail,Credit Card,RX-9824,EMP026,0,No
S05969,5/14/2023,P01739,6,134.95,809.7,Retail,Cash,,EMP045,15.93,No
S05970,11/29/2023,P01268,34,16.9,574.6,Clinic,Debit Card,,EMP035,11.85,No
S05971,1/18/2022,P01186,12,109.38,1312.56,Online,Credit Card,,EMP018,0,No
S05972,3/20/2023,P00072,41,104.29,4275.89,Retail,Credit Card,RX-5781,EMP044,0,No
S05973,1/31/2022,P00256,35,148.85,5209.75,Clinic,Debit Card,,EMP023,0,No
S05974,12/22/2022,P00558,69,22.83,1575.27,Wholesale,Insurance,,EMP023,0,Yes
S05975,12/17/2023,P01973,22,52.89,1163.58,Retail,Credit Card,,EMP016,13.43,No
S05976,9/29/2023,P01741,10,93.97,939.7,Hospital,Cash,,EMP048,4.83,No
S05977,9/4/2022,P00964,12,117.64,1411.68,Online,Cash,,EMP005,0,No
S05978,7/9/2022,P01728,34,128.06,4354.04,Clinic,Credit Card,,EMP040,0,No
S05979,5/20/2022,P01925,86,10.88,935.68,Online,Debit Card,,EMP013,12.97,No
S05980,10/28/2022,P00718,57,128.69,7335.33,Clinic,Cash,,EMP005,0,No
S05981,9/15/2023,P00743,80,168.74,13499.2,Wholesale,Cash,,EMP047,19.51,No
S05982,7/6/2022,P00088,40,100.5,4020,Clinic,Cash,,EMP019,0,No
S05983,1/14/2022,P01542,79,107.04,8456.16,Online,Cash,,EMP041,0,No
S05984,10/15/2022,P00323,6,88.31,529.86,Wholesale,Debit Card,,EMP024,0,No
S05985,10/19/2022,P00873,10,224.3,2243,Retail,Insurance,RX-4885,EMP040,0,Yes
S05986,11/12/2023,P01316,15,51.13,766.95,Hospital,Credit Card,,EMP021,0,No
S05987,5/10/2022,P00869,48,136.48,6551.04,Retail,Cash,RX-3884,EMP016,4.34,No
S05988,6/15/2023,P01147,14,104.95,1469.3,Clinic,Debit Card,,EMP023,7.17,No
S05989,2/13/2023,P01165,57,78.72,4487.04,Hospital,Cash,,EMP046,0,No
S05990,11/26/2022,P01985,97,118.91,11534.27,Clinic,Insurance,,EMP006,8.48,Yes
S05991,4/26/2022,P01435,2,160.46,320.92,Retail,Credit Card,,EMP021,3.98,No
S05992,10/27/2022,P01567,88,31.37,2760.56,Hospital,Debit Card,,EMP034,0,No
S05993,10/25/2022,P01121,83,2.5,207.5,Wholesale,Cash,,EMP037,0,No
S05994,8/30/2022,P01284,96,6.73,646.08,Wholesale,Credit Card,,EMP015,0,No
S05995,9/27/2022,P00975,27,107.6,2905.2,Hospital,Cash,,EMP012,0,No
S05996,11/29/2023,P01369,58,42.17,2445.86,Retail,Credit Card,RX-5111,EMP015,9.71,No
S05997,1/11/2023,P00331,64,227.35,14550.4,Retail,Cash,RX-4805,EMP049,0,No
S05998,8/12/2022,P01944,27,15.54,419.58,Online,Credit Card,,EMP044,0,No
S05999,8/5/2022,P01609,76,98.75,7505,Wholesale,Credit Card,,EMP016,0,No
S06000,5/8/2022,P00577,1,72,72,Wholesale,Cash,,EMP038,0,No
S06001,6/9/2023,P01536,92,34.87,3208.04,Hospital,Cash,,EMP041,0,No
S06002,5/29/2023,P01226,78,26.21,2044.38,Clinic,Cash,,EMP042,0,No
S06003,1/3/2023,P01192,90,89.74,8076.6,Clinic,Insurance,,EMP032,0,Yes
S06004,9/30/2022,P01835,77,61.1,4704.7,Clinic,Credit Card,,EMP012,0,No
S06005,9/9/2022,P00859,14,55.16,772.24,Clinic,Credit Card,,EMP043,0,No
S06006,1/26/2023,P00935,49,71.5,3503.5,Wholesale,Debit Card,,EMP030,0,No
S06007,10/3/2023,P00875,78,156.59,12214.02,Clinic,Cash,,EMP029,0,No
S06008,5/13/2022,P01871,43,13.9,597.7,Clinic,Insurance,,EMP029,0,Yes
S06009,6/18/2022,P01059,3,145.78,437.34,Retail,Debit Card,,EMP021,4.11,No
S06010,7/20/2022,P01512,33,220.1,7263.3,Clinic,Credit Card,,EMP014,0,No
S06011,1/13/2023,P00640,41,30.09,1233.69,Online,Debit Card,,EMP041,0,No
S06012,8/11/2023,P01739,50,134.95,6747.5,Clinic,Debit Card,,EMP010,8.68,No
S06013,2/25/2022,P00510,5,69.11,345.55,Retail,Credit Card,RX-9418,EMP015,0,No
S06014,12/15/2022,P01750,81,81.85,6629.85,Retail,Insurance,RX-4183,EMP040,0,Yes
S06015,1/18/2023,P01486,2,131.66,263.32,Retail,Cash,RX-1741,EMP009,11.44,No
S06016,9/8/2022,P00799,57,80.65,4597.05,Clinic,Credit Card,,EMP033,0,No
S06017,12/29/2023,P01246,6,93.75,562.5,Wholesale,Debit Card,,EMP005,0,No
S06018,5/3/2023,P01371,51,24.74,1261.74,Retail,Debit Card,RX-2156,EMP015,0,No
S06019,8/10/2023,P01646,23,42.03,966.69,Retail,Debit Card,RX-9542,EMP001,19.9,No
S06020,11/16/2023,P01475,1,97.14,97.14,Hospital,Debit Card,,EMP010,0,No
S06021,6/14/2022,P01538,22,115.64,2544.08,Retail,Debit Card,RX-9380,EMP038,15.58,No
S06022,2/9/2022,P00980,16,165.51,2648.16,Hospital,Insurance,,EMP046,0,Yes
S06023,12/15/2023,P01951,68,89.4,6079.2,Retail,Debit Card,RX-9254,EMP035,9.88,No
S06024,12/24/2022,P01717,5,159.19,795.95,Wholesale,Debit Card,,EMP037,0,No
S06025,8/15/2022,P00368,24,55.4,1329.6,Wholesale,Insurance,,EMP029,0,Yes
S06026,12/19/2023,P00317,65,72.22,4694.3,Wholesale,Credit Card,,EMP015,13.23,No
S06027,9/26/2023,P01740,93,7.16,665.88,Hospital,Insurance,,EMP030,0,Yes
S06028,6/1/2023,P00257,82,97.68,8009.76,Wholesale,Credit Card,,EMP022,0,No
S06029,6/28/2022,P00445,30,213.9,6417,Retail,Credit Card,RX-6353,EMP037,0,No
S06030,5/1/2022,P00531,46,87.51,4025.46,Hospital,Insurance,,EMP029,0,Yes
S06031,7/29/2022,P01923,65,116.05,7543.25,Wholesale,Insurance,,EMP029,0,Yes
S06032,9/22/2023,P01512,72,220.1,15847.2,Retail,Credit Card,,EMP048,12.83,No
S06033,2/13/2023,P00404,49,50.63,2480.87,Online,Insurance,,EMP023,0,Yes
S06034,7/2/2023,P01935,18,54.38,978.84,Online,Cash,,EMP001,0,No
S06035,4/12/2023,P00264,66,102.51,6765.66,Retail,Insurance,RX-1848,EMP004,3.63,Yes
S06036,12/30/2022,P00627,81,59.07,4784.67,Hospital,Credit Card,,EMP033,19.97,No
S06037,12/24/2022,P00808,78,30.51,2379.78,Clinic,Cash,,EMP038,0,No
S06038,6/3/2022,P01663,59,5.9,348.1,Retail,Insurance,RX-5527,EMP007,0,Yes
S06039,3/2/2022,P00132,58,96.52,5598.16,Wholesale,Insurance,,EMP049,0,Yes
S06040,6/30/2022,P01421,24,41.06,985.44,Hospital,Credit Card,,EMP047,0,No
S06041,6/26/2023,P01047,72,76.68,5520.96,Retail,Cash,,EMP031,0,No
S06042,1/3/2023,P00036,50,182.9,9145,Hospital,Debit Card,,EMP020,2.75,No
S06043,10/24/2022,P00898,17,151.31,2572.27,Clinic,Cash,,EMP011,0,No
S06044,5/4/2023,P00247,82,88.11,7225.02,Retail,Cash,RX-2851,EMP006,18.03,No
S06045,1/12/2023,P01059,51,145.78,7434.78,Wholesale,Credit Card,,EMP002,0,No
S06046,12/25/2022,P01974,16,96.92,1550.72,Online,Credit Card,,EMP017,1.5,No
S06047,11/29/2023,P01975,46,29.19,1342.74,Clinic,Credit Card,,EMP014,12.8,No
S06048,3/25/2022,P01014,52,71.04,3694.08,Hospital,Insurance,,EMP047,13.9,Yes
S06049,11/3/2023,P01906,57,73.53,4191.21,Wholesale,Insurance,,EMP007,0,Yes
S06050,6/15/2022,P00599,53,11.43,605.79,Online,Cash,,EMP003,0,No
S06051,12/6/2023,P01884,35,107.17,3750.95,Clinic,Debit Card,,EMP017,0,No
S06052,9/15/2023,P01982,22,141.57,3114.54,Online,Cash,,EMP049,8.25,No
S06053,1/27/2022,P00658,74,48.94,3621.56,Hospital,Credit Card,,EMP023,0,No
S06054,4/23/2023,P00305,37,102.94,3808.78,Retail,Insurance,,EMP035,0,Yes
S06055,1/26/2023,P01813,73,9.96,727.08,Retail,Cash,RX-5741,EMP048,0,No
S06056,6/14/2022,P01201,73,32.37,2363.01,Wholesale,Debit Card,,EMP015,0,No
S06057,5/16/2023,P01506,3,71.29,213.87,Clinic,Cash,,EMP004,0,No
S06058,9/4/2023,P01786,67,134.87,9036.29,Retail,Debit Card,RX-5982,EMP004,0,No
S06059,6/13/2023,P00935,52,71.5,3718,Clinic,Cash,,EMP016,0,No
S06060,7/31/2022,P00744,25,59.16,1479,Retail,Credit Card,,EMP008,0,No
S06061,6/25/2023,P00820,84,97.7,8206.8,Hospital,Cash,,EMP046,0,No
S06062,7/21/2023,P00742,50,26.12,1306,Retail,Insurance,,EMP007,8.02,Yes
S06063,12/23/2022,P01899,32,128.93,4125.76,Clinic,Insurance,,EMP027,0,Yes
S06064,5/3/2023,P00931,70,130.99,9169.3,Clinic,Cash,,EMP015,0,No
S06065,2/7/2023,P00806,28,111.07,3109.96,Wholesale,Insurance,,EMP018,0,Yes
S06066,10/28/2023,P01766,45,28.74,1293.3,Retail,Cash,RX-1044,EMP005,0,No
S06067,4/24/2022,P01945,20,210.44,4208.8,Clinic,Credit Card,,EMP004,0,No
S06068,4/28/2023,P01477,6,202.22,1213.32,Wholesale,Debit Card,,EMP021,0,No
S06069,10/23/2022,P00730,21,164.87,3462.27,Online,Cash,,EMP035,4.92,No
S06070,10/30/2023,P01484,67,3.34,223.78,Clinic,Credit Card,,EMP033,0,No
S06071,1/3/2022,P00522,48,77.93,3740.64,Hospital,Cash,,EMP006,0,No
S06072,7/9/2022,P01855,42,111.4,4678.8,Clinic,Credit Card,,EMP045,0,No
S06073,7/11/2023,P00021,16,36.83,589.28,Wholesale,Credit Card,,EMP029,9.57,No
S06074,2/8/2023,P01169,57,52.18,2974.26,Clinic,Debit Card,,EMP046,0,No
S06075,2/26/2022,P01678,14,115.58,1618.12,Hospital,Cash,,EMP008,19.38,No
S06076,10/15/2023,P01793,92,215.15,19793.8,Clinic,Credit Card,,EMP049,18.04,No
S06077,10/21/2023,P00397,31,5.05,156.55,Clinic,Debit Card,,EMP031,0,No
S06078,10/9/2022,P01077,12,189.28,2271.36,Clinic,Credit Card,,EMP012,6.89,No
S06079,11/13/2022,P00553,26,133.99,3483.74,Clinic,Debit Card,,EMP049,19.89,No
S06080,9/4/2023,P01936,76,113.72,8642.72,Hospital,Debit Card,,EMP048,0,No
S06081,7/8/2022,P01462,49,11.66,571.34,Clinic,Credit Card,,EMP041,0,No
S06082,4/27/2022,P01546,51,54.05,2756.55,Online,Credit Card,,EMP031,0,No
S06083,8/28/2023,P00293,60,81.18,4870.8,Hospital,Credit Card,,EMP018,0,No
S06084,4/8/2023,P00393,12,110.8,1329.6,Retail,Credit Card,RX-3972,EMP010,3.92,No
S06085,6/9/2022,P01967,65,59.85,3890.25,Retail,Credit Card,,EMP002,0,No
S06086,12/4/2023,P00849,49,38.67,1894.83,Retail,Debit Card,RX-3827,EMP045,0,No
S06087,5/13/2022,P01845,66,41.18,2717.88,Wholesale,Credit Card,,EMP037,0,No
S06088,7/24/2022,P01240,14,69.06,966.84,Retail,Credit Card,RX-2550,EMP008,19.58,No
S06089,7/14/2023,P00708,74,117.11,8666.14,Hospital,Insurance,,EMP034,0,Yes
S06090,9/1/2023,P00777,60,24.92,1495.2,Online,Credit Card,,EMP006,0,No
S06091,12/8/2023,P00387,21,80.02,1680.42,Hospital,Credit Card,,EMP002,11.85,No
S06092,3/20/2022,P01468,68,23.79,1617.72,Clinic,Credit Card,,EMP040,0,No
S06093,1/23/2022,P00308,41,125.01,5125.41,Online,Cash,,EMP002,11.29,No
S06094,2/24/2023,P01365,26,154.97,4029.22,Clinic,Cash,,EMP030,0,No
S06095,2/1/2023,P01438,26,119.58,3109.08,Clinic,Credit Card,,EMP039,0,No
S06096,8/11/2022,P01330,17,131,2227,Clinic,Credit Card,,EMP026,0,No
S06097,11/29/2023,P00065,65,135.3,8794.5,Wholesale,Debit Card,,EMP006,0,No
S06098,11/9/2022,P00781,39,67.18,2620.02,Hospital,Credit Card,,EMP034,0,No
S06099,10/13/2022,P00434,9,95.52,859.68,Wholesale,Debit Card,,EMP045,18.57,No
S06100,6/18/2022,P01145,84,201.2,16900.8,Hospital,Insurance,,EMP004,0,Yes
S06101,8/4/2023,P00867,65,135.3,8794.5,Hospital,Insurance,,EMP027,11.88,Yes
S06102,3/11/2023,P00023,24,83.93,2014.32,Hospital,Debit Card,,EMP005,0,No
S06103,9/11/2022,P01267,35,104.43,3655.05,Hospital,Insurance,,EMP029,0,Yes
S06104,10/7/2022,P01729,95,71.64,6805.8,Hospital,Cash,,EMP009,0,No
S06105,10/10/2022,P00629,54,117.24,6330.96,Hospital,Insurance,,EMP040,12.33,Yes
S06106,8/28/2022,P01062,71,58.06,4122.26,Wholesale,Credit Card,,EMP035,6.03,No
S06107,5/11/2022,P00107,73,48.96,3574.08,Hospital,Cash,,EMP039,12.54,No
S06108,9/2/2022,P00871,16,105.62,1689.92,Clinic,Insurance,,EMP043,0,Yes
S06109,3/14/2022,P00702,70,63.86,4470.2,Online,Insurance,,EMP002,0,Yes
S06110,6/13/2022,P01146,98,82.81,8115.38,Online,Cash,,EMP011,0,No
S06111,4/1/2022,P00525,86,55.95,4811.7,Hospital,Insurance,,EMP012,9.25,Yes
S06112,5/17/2023,P00516,42,201.66,8469.72,Online,Debit Card,,EMP027,0,No
S06113,2/23/2022,P01976,83,186.93,15515.19,Hospital,Debit Card,,EMP009,0,No
S06114,10/14/2023,P00806,3,111.07,333.21,Clinic,Debit Card,,EMP041,0,No
S06115,7/28/2022,P00698,86,43.84,3770.24,Retail,Credit Card,,EMP012,0,No
S06116,1/2/2023,P01651,7,101.43,710.01,Retail,Cash,,EMP032,0,No
S06117,7/31/2022,P01310,57,58.4,3328.8,Online,Insurance,,EMP035,0,Yes
S06118,2/12/2022,P00562,78,58.08,4530.24,Clinic,Credit Card,,EMP033,0,No
S06119,8/21/2022,P00895,31,143.2,4439.2,Retail,Cash,RX-8168,EMP017,19.14,No
S06120,8/10/2023,P00180,10,84.46,844.6,Retail,Debit Card,,EMP029,0,No
S06121,1/2/2022,P00614,25,16.64,416,Retail,Cash,,EMP009,0,No
S06122,5/25/2022,P01618,50,9.52,476,Retail,Cash,RX-1214,EMP027,5.17,No
S06123,10/11/2022,P00340,78,59.72,4658.16,Clinic,Debit Card,,EMP015,0,No
S06124,3/27/2022,P01356,95,64.33,6111.35,Hospital,Debit Card,,EMP003,0,No
S06125,7/11/2023,P01302,93,46.99,4370.07,Retail,Cash,,EMP030,0,No
S06126,10/1/2023,P00973,65,162.65,10572.25,Wholesale,Credit Card,,EMP007,0,No
S06127,5/26/2023,P00689,35,23.19,811.65,Wholesale,Cash,,EMP010,10.27,No
S06128,3/27/2022,P01288,44,131.47,5784.68,Hospital,Credit Card,,EMP013,0,No
S06129,5/22/2022,P00725,61,106.62,6503.82,Retail,Insurance,RX-7031,EMP036,10.52,Yes
S06130,2/26/2022,P01291,97,35.34,3427.98,Online,Cash,,EMP029,1.47,No
S06131,8/13/2022,P00958,40,103.53,4141.2,Retail,Debit Card,,EMP018,0,No
S06132,1/8/2022,P00537,83,181.11,15032.13,Online,Debit Card,,EMP047,15.08,No
S06133,2/23/2023,P00777,35,24.92,872.2,Hospital,Cash,,EMP005,0,No
S06134,9/8/2022,P00549,12,237.28,2847.36,Hospital,Insurance,,EMP003,17.43,Yes
S06135,6/20/2023,P01766,18,28.74,517.32,Hospital,Debit Card,,EMP002,0,No
S06136,9/17/2022,P01270,17,28.65,487.05,Online,Credit Card,,EMP042,0,No
S06137,5/8/2022,P00035,83,30.6,2539.8,Clinic,Insurance,,EMP014,0,Yes
S06138,6/26/2022,P01304,59,34.84,2055.56,Wholesale,Credit Card,,EMP039,0,No
S06139,7/9/2023,P00892,95,71.65,6806.75,Wholesale,Cash,,EMP002,0,No
S06140,10/1/2023,P00489,53,3.74,198.22,Online,Credit Card,,EMP045,0,No
S06141,6/21/2022,P00408,23,76.45,1758.35,Wholesale,Insurance,,EMP042,6.13,Yes
S06142,3/21/2022,P01339,80,70.94,5675.2,Online,Cash,,EMP042,14.09,No
S06143,11/8/2022,P00794,91,20.53,1868.23,Wholesale,Cash,,EMP045,15.85,No
S06144,7/24/2023,P00763,6,126.74,760.44,Hospital,Credit Card,,EMP023,10.8,No
S06145,11/29/2023,P01807,65,54.42,3537.3,Hospital,Debit Card,,EMP043,0,No
S06146,3/18/2022,P00369,59,150.98,8907.82,Online,Credit Card,,EMP029,0,No
S06147,2/11/2023,P00077,28,143.33,4013.24,Hospital,Credit Card,,EMP038,0,No
S06148,5/15/2022,P00618,44,21.08,927.52,Wholesale,Debit Card,,EMP011,0,No
S06149,11/28/2022,P01751,32,18.2,582.4,Retail,Insurance,RX-4052,EMP022,0,Yes
S06150,5/4/2022,P01388,18,21.28,383.04,Hospital,Insurance,,EMP048,0,Yes
S06151,12/6/2022,P00910,70,43.29,3030.3,Wholesale,Cash,,EMP049,0,No
S06152,11/2/2023,P01951,34,89.4,3039.6,Retail,Credit Card,RX-5974,EMP035,0,No
S06153,3/21/2022,P01976,24,186.93,4486.32,Retail,Debit Card,RX-6737,EMP033,0,No
S06154,10/16/2022,P00557,44,155.83,6856.52,Hospital,Credit Card,,EMP002,12.65,No
S06155,12/12/2022,P00971,46,96.63,4444.98,Clinic,Insurance,,EMP025,0,Yes
S06156,4/16/2023,P00651,17,74.05,1258.85,Online,Debit Card,,EMP005,0,No
S06157,7/23/2023,P00890,88,12.27,1079.76,Retail,Debit Card,RX-9270,EMP039,0,No
S06158,7/3/2022,P00515,52,49,2548,Hospital,Credit Card,,EMP008,1.38,No
S06159,7/4/2023,P01026,82,174.79,14332.78,Retail,Debit Card,RX-8764,EMP010,0,No
S06160,4/1/2023,P01041,71,104.4,7412.4,Hospital,Credit Card,,EMP022,0,No
S06161,12/26/2022,P00484,40,199.34,7973.6,Hospital,Cash,,EMP042,0,No
S06162,3/2/2023,P01661,59,43.48,2565.32,Clinic,Insurance,,EMP008,8.44,Yes
S06163,9/3/2022,P00880,60,75.81,4548.6,Clinic,Debit Card,,EMP025,0,No
S06164,11/14/2023,P00954,76,9.13,693.88,Wholesale,Cash,,EMP041,0,No
S06165,7/24/2023,P01161,1,26.77,26.77,Wholesale,Credit Card,,EMP034,0,No
S06166,3/18/2022,P00812,59,74.37,4387.83,Retail,Insurance,RX-2789,EMP016,14.3,Yes
S06167,1/2/2023,P01062,66,58.06,3831.96,Wholesale,Insurance,,EMP020,0,Yes
S06168,2/1/2023,P00401,56,10.14,567.84,Clinic,Credit Card,,EMP009,0,No
S06169,1/6/2022,P00532,12,148.82,1785.84,Clinic,Credit Card,,EMP042,0,No
S06170,8/24/2022,P01863,62,27.75,1720.5,Clinic,Debit Card,,EMP028,0,No
S06171,8/27/2022,P00284,21,23.35,490.35,Hospital,Insurance,,EMP003,0,Yes
S06172,3/27/2023,P01274,95,16.97,1612.15,Retail,Cash,RX-9963,EMP027,12.64,No
S06173,11/23/2023,P00361,20,118.03,2360.6,Online,Cash,,EMP003,0,No
S06174,7/12/2023,P01005,87,60.58,5270.46,Wholesale,Debit Card,,EMP032,0,No
S06175,9/13/2022,P01215,26,11.29,293.54,Wholesale,Insurance,,EMP027,0,Yes
S06176,9/22/2023,P00710,11,52.35,575.85,Hospital,Insurance,,EMP032,0,Yes
S06177,8/21/2022,P00279,54,173.42,9364.68,Clinic,Cash,,EMP005,18.78,No
S06178,9/9/2022,P00271,50,102.09,5104.5,Hospital,Cash,,EMP014,0,No
S06179,10/3/2023,P00102,57,87.35,4978.95,Hospital,Credit Card,,EMP024,0,No
S06180,10/5/2022,P01298,74,112.86,8351.64,Online,Credit Card,,EMP034,0,No
S06181,5/3/2022,P00223,92,103.7,9540.4,Retail,Insurance,RX-6566,EMP002,5.74,Yes
S06182,8/10/2023,P00948,30,53.01,1590.3,Wholesale,Insurance,,EMP031,0,Yes
S06183,7/1/2022,P00890,73,12.27,895.71,Online,Debit Card,,EMP005,15.78,No
S06184,8/6/2023,P00824,88,103.25,9086,Clinic,Insurance,,EMP001,0,Yes
S06185,11/9/2023,P00487,88,183.34,16133.92,Online,Credit Card,,EMP018,0,No
S06186,9/15/2023,P00057,14,41.2,576.8,Online,Credit Card,,EMP001,0,No
S06187,1/1/2022,P00381,15,103.75,1556.25,Wholesale,Cash,,EMP023,0,No
S06188,2/7/2023,P00530,29,145,4205,Retail,Cash,RX-3932,EMP049,0,No
S06189,8/17/2023,P00187,95,185.09,17583.55,Retail,Cash,RX-3115,EMP020,0,No
S06190,10/24/2022,P00724,51,98,4998,Retail,Debit Card,,EMP049,0,No
S06191,1/5/2023,P01692,28,45.34,1269.52,Clinic,Credit Card,,EMP006,4.21,No
S06192,10/8/2022,P00468,31,80.59,2498.29,Clinic,Debit Card,,EMP015,14.95,No
S06193,2/20/2023,P01172,97,48.49,4703.53,Online,Debit Card,,EMP046,0,No
S06194,10/12/2022,P00469,52,83.64,4349.28,Hospital,Cash,,EMP020,19.98,No
S06195,3/29/2023,P01705,35,109.89,3846.15,Hospital,Cash,,EMP035,0,No
S06196,6/4/2022,P01271,27,33.58,906.66,Wholesale,Credit Card,,EMP026,0,No
S06197,10/18/2022,P00682,91,168.41,15325.31,Retail,Debit Card,,EMP044,0,No
S06198,7/19/2022,P01955,57,80.88,4610.16,Hospital,Credit Card,,EMP017,0,No
S06199,12/13/2023,P01163,88,5.63,495.44,Online,Debit Card,,EMP010,16.61,No
S06200,7/6/2023,P00901,36,107.69,3876.84,Online,Debit Card,,EMP006,12.24,No
S06201,5/20/2023,P00315,79,11.61,917.19,Retail,Cash,RX-8762,EMP015,8.83,No
S06202,10/6/2023,P00986,2,21.93,43.86,Clinic,Credit Card,,EMP034,0,No
S06203,2/23/2023,P01269,21,64.9,1362.9,Online,Insurance,,EMP006,0,Yes
S06204,6/21/2022,P00529,21,95.24,2000.04,Wholesale,Debit Card,,EMP048,0,No
S06205,2/18/2022,P00382,8,36.37,290.96,Hospital,Credit Card,,EMP028,0,No
S06206,6/3/2023,P01592,10,83.63,836.3,Retail,Credit Card,RX-9492,EMP016,0,No
S06207,7/28/2022,P01548,38,86.73,3295.74,Wholesale,Insurance,,EMP046,0,Yes
S06208,10/13/2022,P00421,19,44.12,838.28,Hospital,Cash,,EMP047,16.99,No
S06209,9/14/2022,P00452,44,105.85,4657.4,Wholesale,Insurance,,EMP006,0,Yes
S06210,9/19/2023,P00735,65,68.81,4472.65,Hospital,Cash,,EMP040,0,No
S06211,4/21/2022,P00802,92,46.65,4291.8,Online,Insurance,,EMP043,0,Yes
S06212,6/14/2023,P01243,52,105.46,5483.92,Online,Insurance,,EMP036,0,Yes
S06213,4/18/2023,P00659,6,130.17,781.02,Online,Cash,,EMP006,0,No
S06214,2/28/2023,P00432,32,101.39,3244.48,Hospital,Credit Card,,EMP046,0,No
S06215,7/26/2022,P01419,85,47.73,4057.05,Retail,Insurance,,EMP024,0,Yes
S06216,10/25/2023,P01220,42,144.35,6062.7,Online,Insurance,,EMP042,0,Yes
S06217,3/25/2023,P01281,87,92.22,8023.14,Wholesale,Cash,,EMP020,16.44,No
S06218,10/28/2022,P00207,32,187.1,5987.2,Retail,Cash,RX-9383,EMP043,0,No
S06219,11/1/2023,P00820,2,97.7,195.4,Wholesale,Insurance,,EMP025,0,Yes
S06220,4/1/2022,P00150,94,169.28,15912.32,Online,Insurance,,EMP027,11.61,Yes
S06221,4/24/2023,P01544,42,76.15,3198.3,Online,Cash,,EMP036,0,No
S06222,4/8/2023,P00881,78,19.88,1550.64,Clinic,Debit Card,,EMP007,0,No
S06223,4/16/2023,P01471,47,158.03,7427.41,Clinic,Credit Card,,EMP039,0,No
S06224,5/11/2022,P01864,90,16.32,1468.8,Hospital,Cash,,EMP046,0,No
S06225,9/14/2023,P01162,48,93.42,4484.16,Retail,Cash,,EMP044,10.31,No
S06226,7/27/2022,P01216,95,88.91,8446.45,Retail,Debit Card,,EMP043,0,No
S06227,11/13/2023,P01488,46,75.36,3466.56,Retail,Credit Card,,EMP030,4.48,No
S06228,5/10/2022,P00589,26,100.97,2625.22,Clinic,Cash,,EMP024,0,No
S06229,3/23/2023,P01390,90,47.51,4275.9,Retail,Cash,,EMP003,0,No
S06230,3/8/2022,P00829,66,28.35,1871.1,Clinic,Credit Card,,EMP004,0,No
S06231,11/4/2022,P01562,85,109.84,9336.4,Online,Credit Card,,EMP037,0,No
S06232,4/16/2022,P00203,56,80.73,4520.88,Online,Insurance,,EMP023,16.41,Yes
S06233,12/7/2023,P00878,78,102.66,8007.48,Retail,Debit Card,RX-1297,EMP012,0,No
S06234,11/30/2023,P01363,28,104.08,2914.24,Wholesale,Credit Card,,EMP037,10.78,No
S06235,2/3/2023,P00956,75,21.42,1606.5,Clinic,Credit Card,,EMP010,0,No
S06236,3/23/2022,P01523,45,20.69,931.05,Retail,Debit Card,RX-5929,EMP015,0,No
S06237,10/31/2023,P00800,32,113.61,3635.52,Online,Debit Card,,EMP004,4.6,No
S06238,4/25/2022,P00669,46,84.23,3874.58,Wholesale,Debit Card,,EMP008,5.16,No
S06239,10/5/2023,P01239,72,222.24,16001.28,Clinic,Cash,,EMP007,0,No
S06240,9/22/2022,P00529,93,95.24,8857.32,Retail,Insurance,,EMP001,0,Yes
S06241,5/31/2022,P00707,95,66.04,6273.8,Wholesale,Debit Card,,EMP002,0,No
S06242,4/19/2023,P00249,95,159.98,15198.1,Retail,Insurance,,EMP021,10.17,Yes
S06243,1/15/2023,P01946,88,239.52,21077.76,Wholesale,Debit Card,,EMP016,0,No
S06244,10/24/2023,P00963,37,135.31,5006.47,Retail,Debit Card,,EMP016,0,No
S06245,3/7/2022,P00361,21,118.03,2478.63,Online,Debit Card,,EMP015,8.36,No
S06246,6/24/2022,P01707,59,125.83,7423.97,Hospital,Credit Card,,EMP043,0,No
S06247,11/20/2022,P00770,35,37.03,1296.05,Wholesale,Credit Card,,EMP035,0,No
S06248,11/3/2022,P01759,62,31.56,1956.72,Clinic,Cash,,EMP048,12.17,No
S06249,5/9/2022,P00564,63,128.81,8115.03,Hospital,Insurance,,EMP010,0,Yes
S06250,9/22/2022,P00935,84,71.5,6006,Hospital,Credit Card,,EMP045,19.99,No
S06251,8/12/2023,P01245,75,149.64,11223,Hospital,Credit Card,,EMP014,3.78,No
S06252,8/3/2023,P00437,34,94.25,3204.5,Online,Insurance,,EMP049,0,Yes
S06253,12/12/2023,P01446,78,117.22,9143.16,Wholesale,Credit Card,,EMP046,0.83,No
S06254,5/7/2022,P01743,95,86.43,8210.85,Retail,Cash,RX-7266,EMP038,0,No
S06255,2/25/2023,P01888,99,142.32,14089.68,Wholesale,Cash,,EMP013,0,No
S06256,8/29/2023,P01718,97,106.83,10362.51,Clinic,Insurance,,EMP034,0,Yes
S06257,8/16/2022,P00038,43,102.98,4428.14,Clinic,Credit Card,,EMP044,0,No
S06258,8/13/2022,P00526,21,97.95,2056.95,Hospital,Debit Card,,EMP037,0,No
S06259,2/11/2023,P00409,78,47.35,3693.3,Retail,Debit Card,,EMP018,0,No
S06260,11/13/2022,P00220,27,17.49,472.23,Online,Insurance,,EMP019,0,Yes
S06261,1/17/2022,P00826,87,11.51,1001.37,Wholesale,Credit Card,,EMP016,0,No
S06262,12/2/2023,P01705,20,109.89,2197.8,Wholesale,Credit Card,,EMP009,0,No
S06263,7/18/2022,P00297,72,91.57,6593.04,Clinic,Debit Card,,EMP048,14.26,No
S06264,3/28/2023,P00660,44,143.3,6305.2,Clinic,Insurance,,EMP047,0,Yes
S06265,11/5/2022,P00644,24,22.98,551.52,Hospital,Cash,,EMP014,0,No
S06266,11/24/2023,P00960,34,115.62,3931.08,Hospital,Insurance,,EMP008,8.54,Yes
S06267,10/19/2023,P00066,74,74.9,5542.6,Wholesale,Insurance,,EMP029,0,Yes
S06268,3/27/2022,P01351,65,102,6630,Wholesale,Debit Card,,EMP004,8.13,No
S06269,6/10/2022,P00658,24,48.94,1174.56,Hospital,Insurance,,EMP046,0,Yes
S06270,6/28/2023,P01623,2,85.31,170.62,Retail,Insurance,,EMP011,2.59,Yes
S06271,6/4/2023,P00338,48,93.52,4488.96,Clinic,Credit Card,,EMP048,4.47,No
S06272,1/7/2023,P00653,77,42.92,3304.84,Retail,Credit Card,,EMP037,14.72,No
S06273,12/31/2022,P00826,34,11.51,391.34,Retail,Cash,RX-9187,EMP012,0,No
S06274,8/21/2023,P00591,69,77.33,5335.77,Clinic,Debit Card,,EMP013,0,No
S06275,1/11/2022,P00042,35,9.38,328.3,Online,Insurance,,EMP015,0,Yes
S06276,9/7/2022,P00331,4,227.35,909.4,Clinic,Debit Card,,EMP005,15.86,No
S06277,7/30/2022,P00830,36,114.45,4120.2,Clinic,Insurance,,EMP012,0,Yes
S06278,4/2/2023,P01128,45,10.78,485.1,Retail,Debit Card,,EMP002,0,No
S06279,7/12/2022,P00040,33,187.27,6179.91,Hospital,Debit Card,,EMP018,0,No
S06280,12/26/2023,P00387,70,80.02,5601.4,Clinic,Cash,,EMP019,0,No
S06281,4/21/2022,P01899,54,128.93,6962.22,Clinic,Cash,,EMP025,0,No
S06282,3/18/2023,P00267,21,21.87,459.27,Online,Credit Card,,EMP014,0,No
S06283,2/8/2022,P01649,70,63.39,4437.3,Wholesale,Cash,,EMP003,0,No
S06284,9/21/2022,P00555,83,72.93,6053.19,Wholesale,Debit Card,,EMP031,0,No
S06285,11/14/2022,P01524,53,89.66,4751.98,Hospital,Credit Card,,EMP038,13.1,No
S06286,8/25/2023,P01574,72,119.21,8583.12,Online,Credit Card,,EMP015,0,No
S06287,12/13/2023,P00560,63,191.25,12048.75,Retail,Insurance,RX-4356,EMP039,0,Yes
S06288,8/7/2022,P00205,46,33.17,1525.82,Retail,Debit Card,RX-8423,EMP042,0,No
S06289,10/6/2023,P00201,20,134.17,2683.4,Clinic,Debit Card,,EMP036,0,No
S06290,11/22/2023,P01274,92,16.97,1561.24,Wholesale,Credit Card,,EMP038,0,No
S06291,12/6/2022,P01687,84,150.55,12646.2,Hospital,Debit Card,,EMP038,14.4,No
S06292,3/3/2023,P00781,51,67.18,3426.18,Wholesale,Cash,,EMP026,0,No
S06293,4/6/2023,P01489,19,86.68,1646.92,Clinic,Debit Card,,EMP021,18.67,No
S06294,12/8/2022,P01859,32,49.48,1583.36,Clinic,Credit Card,,EMP005,1.1,No
S06295,6/22/2023,P01010,47,59.36,2789.92,Wholesale,Credit Card,,EMP012,11.92,No
S06296,4/2/2022,P00809,47,202.97,9539.59,Hospital,Credit Card,,EMP049,0,No
S06297,2/22/2022,P00271,83,102.09,8473.47,Retail,Debit Card,RX-5577,EMP029,9.45,No
S06298,3/4/2023,P01656,8,58.81,470.48,Online,Insurance,,EMP004,19.98,Yes
S06299,6/25/2022,P01963,94,19.56,1838.64,Clinic,Cash,,EMP049,0,No
S06300,10/3/2023,P00643,52,137.17,7132.84,Retail,Credit Card,,EMP003,0,No
S06301,11/18/2022,P00853,96,231.36,22210.56,Retail,Credit Card,RX-2861,EMP008,0,No
S06302,2/19/2023,P01728,63,128.06,8067.78,Clinic,Debit Card,,EMP037,0,No
S06303,5/3/2022,P01748,35,29.92,1047.2,Online,Credit Card,,EMP012,15.6,No
S06304,7/26/2022,P00570,11,96.73,1064.03,Wholesale,Debit Card,,EMP035,1.47,No
S06305,2/3/2022,P00825,64,195.57,12516.48,Clinic,Cash,,EMP042,0,No
S06306,9/25/2022,P00312,73,27.82,2030.86,Retail,Insurance,,EMP017,0,Yes
S06307,4/3/2023,P01254,59,16.86,994.74,Retail,Credit Card,RX-4411,EMP021,0,No
S06308,12/29/2023,P01274,49,16.97,831.53,Online,Credit Card,,EMP023,7.16,No
S06309,3/20/2022,P00775,69,54.16,3737.04,Wholesale,Cash,,EMP003,10.2,No
S06310,5/27/2023,P01694,75,149.66,11224.5,Hospital,Cash,,EMP022,0,No
S06311,7/27/2023,P01381,75,56.06,4204.5,Wholesale,Cash,,EMP036,0,No
S06312,11/1/2022,P01614,61,27.6,1683.6,Clinic,Insurance,,EMP039,0,Yes
S06313,5/12/2022,P01834,4,135.5,542,Retail,Credit Card,RX-9391,EMP030,6.32,No
S06314,10/9/2023,P01177,57,102.33,5832.81,Online,Debit Card,,EMP040,0,No
S06315,11/21/2022,P01487,84,24.77,2080.68,Clinic,Insurance,,EMP027,2.68,Yes
S06316,11/23/2023,P01270,38,28.65,1088.7,Hospital,Cash,,EMP023,0,No
S06317,12/27/2023,P01375,48,141.36,6785.28,Online,Insurance,,EMP020,0,Yes
S06318,1/25/2023,P01888,67,142.32,9535.44,Online,Debit Card,,EMP039,0,No
S06319,10/17/2022,P01718,48,106.83,5127.84,Retail,Cash,,EMP039,0,No
S06320,1/20/2022,P00323,75,88.31,6623.25,Hospital,Debit Card,,EMP011,16.51,No
S06321,7/6/2023,P01847,80,61.27,4901.6,Online,Insurance,,EMP029,0.77,Yes
S06322,12/11/2022,P01251,77,174.95,13471.15,Retail,Insurance,,EMP044,9.43,Yes
S06323,3/8/2023,P01154,72,93.23,6712.56,Clinic,Credit Card,,EMP027,0,No
S06324,8/31/2023,P01651,85,101.43,8621.55,Hospital,Credit Card,,EMP017,0,No
S06325,7/17/2023,P01079,36,88.67,3192.12,Wholesale,Credit Card,,EMP038,0,No
S06326,6/25/2023,P00502,28,28.23,790.44,Wholesale,Cash,,EMP016,0,No
S06327,5/16/2022,P01275,28,16.73,468.44,Wholesale,Cash,,EMP043,8.2,No
S06328,8/16/2023,P00929,68,108.63,7386.84,Clinic,Debit Card,,EMP011,0,No
S06329,7/4/2022,P01297,15,94.81,1422.15,Retail,Cash,RX-7216,EMP016,3.85,No
S06330,10/12/2023,P01072,51,134.15,6841.65,Wholesale,Debit Card,,EMP007,0.37,No
S06331,2/28/2023,P01312,93,113.33,10539.69,Hospital,Credit Card,,EMP024,0,No
S06332,7/10/2022,P01313,94,108.25,10175.5,Retail,Credit Card,,EMP043,0,No
S06333,8/8/2022,P00497,21,47.46,996.66,Wholesale,Credit Card,,EMP049,0,No
S06334,11/19/2023,P01159,54,125.04,6752.16,Retail,Debit Card,RX-5182,EMP037,12.46,No
S06335,8/31/2022,P01775,17,4.24,72.08,Online,Credit Card,,EMP041,19.55,No
S06336,7/19/2022,P01336,12,27.52,330.24,Clinic,Cash,,EMP046,0,No
S06337,8/24/2022,P00645,52,221.7,11528.4,Hospital,Credit Card,,EMP047,0,No
S06338,11/1/2022,P01170,38,141.83,5389.54,Clinic,Credit Card,,EMP026,0,No
S06339,10/26/2023,P01566,39,86.62,3378.18,Online,Insurance,,EMP027,0,Yes
S06340,6/22/2023,P01880,16,38.34,613.44,Hospital,Cash,,EMP024,19.27,No
S06341,3/25/2022,P00282,44,144.15,6342.6,Hospital,Insurance,,EMP010,0,Yes
S06342,5/28/2022,P01050,34,86.5,2941,Clinic,Cash,,EMP008,0,No
S06343,9/25/2022,P01380,41,125.79,5157.39,Retail,Credit Card,,EMP048,11.2,No
S06344,11/20/2023,P01965,28,55.04,1541.12,Online,Cash,,EMP027,0,No
S06345,5/21/2023,P01539,96,108.49,10415.04,Retail,Insurance,,EMP035,0,Yes
S06346,2/14/2023,P00746,55,166.68,9167.4,Retail,Credit Card,,EMP017,0,No
S06347,4/13/2023,P00887,42,20.08,843.36,Wholesale,Cash,,EMP003,0,No
S06348,6/17/2023,P00414,13,113.92,1480.96,Hospital,Insurance,,EMP030,0,Yes
S06349,6/18/2023,P01708,19,125.41,2382.79,Wholesale,Insurance,,EMP003,0,Yes
S06350,4/13/2022,P00417,20,97.93,1958.6,Hospital,Debit Card,,EMP049,0,No
S06351,9/15/2022,P01391,62,114.77,7115.74,Clinic,Cash,,EMP029,0,No
S06352,8/14/2022,P01066,90,186.22,16759.8,Hospital,Insurance,,EMP026,7.99,Yes
S06353,8/28/2022,P01938,17,133.27,2265.59,Online,Debit Card,,EMP046,0,No
S06354,8/7/2022,P01044,12,87.35,1048.2,Wholesale,Credit Card,,EMP002,0,No
S06355,12/3/2022,P01840,95,113.98,10828.1,Wholesale,Debit Card,,EMP026,0,No
S06356,6/3/2023,P00142,94,26.3,2472.2,Hospital,Cash,,EMP043,0.31,No
S06357,6/30/2022,P01063,88,168.85,14858.8,Online,Debit Card,,EMP007,0,No
S06358,1/7/2023,P00599,60,11.43,685.8,Retail,Credit Card,RX-9507,EMP030,0,No
S06359,1/2/2022,P00168,29,80.45,2333.05,Retail,Credit Card,RX-2666,EMP021,0,No
S06360,5/2/2022,P01559,34,165.65,5632.1,Online,Cash,,EMP040,17.43,No
S06361,7/11/2023,P01895,78,121.31,9462.18,Clinic,Credit Card,,EMP017,0,No
S06362,10/13/2022,P01047,54,76.68,4140.72,Wholesale,Cash,,EMP008,10.85,No
S06363,1/2/2023,P00281,39,80.64,3144.96,Hospital,Cash,,EMP040,0,No
S06364,2/10/2022,P01034,4,69.33,277.32,Retail,Insurance,,EMP034,9.15,Yes
S06365,10/15/2023,P01566,95,86.62,8228.9,Wholesale,Insurance,,EMP031,0,Yes
S06366,7/25/2023,P00865,70,82.84,5798.8,Retail,Debit Card,RX-3939,EMP017,0,No
S06367,9/28/2022,P01933,53,52.94,2805.82,Hospital,Credit Card,,EMP041,0,No
S06368,9/8/2022,P01470,7,142.51,997.57,Hospital,Credit Card,,EMP047,16.92,No
S06369,7/4/2023,P01087,16,36.45,583.2,Online,Credit Card,,EMP001,10.21,No
S06370,6/8/2022,P00400,29,80.31,2328.99,Retail,Credit Card,RX-7834,EMP047,0,No
S06371,3/29/2023,P00908,26,153.04,3979.04,Hospital,Credit Card,,EMP019,0,No
S06372,6/29/2023,P01805,8,162.9,1303.2,Wholesale,Insurance,,EMP004,0,Yes
S06373,3/1/2022,P00103,14,84.8,1187.2,Online,Cash,,EMP024,0,No
S06374,3/4/2022,P00192,74,183.8,13601.2,Hospital,Insurance,,EMP016,0,Yes
S06375,11/19/2023,P01387,24,92.55,2221.2,Clinic,Insurance,,EMP043,0,Yes
S06376,2/5/2023,P01008,35,213.77,7481.95,Wholesale,Debit Card,,EMP003,0,No
S06377,10/8/2022,P00933,33,194.93,6432.69,Retail,Insurance,,EMP033,0,Yes
S06378,9/25/2022,P01572,10,53.94,539.4,Online,Credit Card,,EMP014,0,No
S06379,3/10/2023,P01280,79,22.73,1795.67,Retail,Debit Card,,EMP033,0,No
S06380,9/20/2023,P01198,65,89.35,5807.75,Online,Insurance,,EMP009,0,Yes
S06381,5/23/2022,P00891,16,16.2,259.2,Hospital,Debit Card,,EMP039,0,No
S06382,8/5/2022,P01411,29,179.73,5212.17,Clinic,Insurance,,EMP017,0,Yes
S06383,1/16/2022,P00474,96,152.02,14593.92,Online,Credit Card,,EMP002,0.53,No
S06384,4/8/2023,P01063,17,168.85,2870.45,Clinic,Credit Card,,EMP016,19.86,No
S06385,1/7/2022,P01515,28,106.49,2981.72,Hospital,Insurance,,EMP023,0,Yes
S06386,5/7/2022,P01195,58,66.12,3834.96,Retail,Insurance,RX-7383,EMP032,13.02,Yes
S06387,2/20/2022,P01266,54,10.58,571.32,Hospital,Cash,,EMP034,0,No
S06388,10/5/2022,P01373,74,102.07,7553.18,Hospital,Credit Card,,EMP048,0,No
S06389,6/10/2022,P00287,9,148.66,1337.94,Wholesale,Credit Card,,EMP018,16.58,No
S06390,11/4/2022,P01796,71,60.84,4319.64,Hospital,Cash,,EMP011,0,No
S06391,7/23/2023,P00737,20,28.52,570.4,Wholesale,Insurance,,EMP013,4.65,Yes
S06392,12/28/2023,P00494,73,37.22,2717.06,Clinic,Credit Card,,EMP049,0,No
S06393,10/17/2022,P01890,77,160.35,12346.95,Wholesale,Debit Card,,EMP026,11.67,No
S06394,8/8/2023,P00617,31,25.5,790.5,Clinic,Insurance,,EMP038,7.22,Yes
S06395,8/9/2022,P00438,12,160.81,1929.72,Hospital,Cash,,EMP032,0,No
S06396,2/23/2022,P00337,40,11.25,450,Clinic,Credit Card,,EMP034,0,No
S06397,9/16/2023,P01292,64,98.48,6302.72,Online,Insurance,,EMP026,0,Yes
S06398,4/30/2023,P01834,27,135.5,3658.5,Online,Credit Card,,EMP003,0,No
S06399,8/16/2022,P00665,37,27.17,1005.29,Retail,Credit Card,,EMP047,0,No
S06400,10/22/2023,P00588,85,42.82,3639.7,Retail,Cash,RX-5580,EMP002,0,No
S06401,3/30/2023,P01593,73,42.3,3087.9,Clinic,Debit Card,,EMP027,0,No
S06402,11/29/2022,P01140,28,16.42,459.76,Retail,Cash,RX-7748,EMP048,0,No
S06403,2/5/2022,P00415,16,163.45,2615.2,Retail,Insurance,RX-9556,EMP006,10.1,Yes
S06404,6/25/2023,P00976,93,150.89,14032.77,Hospital,Insurance,,EMP048,0,Yes
S06405,2/26/2023,P00319,9,149.01,1341.09,Retail,Debit Card,RX-8258,EMP019,17.18,No
S06406,2/17/2023,P00699,45,179.3,8068.5,Retail,Credit Card,RX-4634,EMP001,0,No
S06407,5/3/2022,P01756,83,131.58,10921.14,Retail,Cash,RX-7634,EMP032,0,No
S06408,11/11/2022,P01961,74,87.54,6477.96,Wholesale,Cash,,EMP040,0,No
S06409,2/14/2022,P00547,8,72.37,578.96,Online,Cash,,EMP005,7.28,No
S06410,4/4/2023,P01397,60,64.82,3889.2,Clinic,Credit Card,,EMP031,0.07,No
S06411,2/4/2023,P00106,83,77.97,6471.51,Hospital,Cash,,EMP035,7.87,No
S06412,6/16/2022,P00689,71,23.19,1646.49,Wholesale,Insurance,,EMP026,18.95,Yes
S06413,4/6/2022,P01041,45,104.4,4698,Online,Insurance,,EMP014,0,Yes
S06414,6/7/2022,P01852,20,103.48,2069.6,Clinic,Credit Card,,EMP034,0,No
S06415,10/3/2023,P01440,97,89.49,8680.53,Online,Debit Card,,EMP027,0,No
S06416,8/27/2023,P00074,10,71.82,718.2,Hospital,Insurance,,EMP001,12.21,Yes
S06417,5/16/2023,P01694,6,149.66,897.96,Hospital,Insurance,,EMP022,0,Yes
S06418,3/6/2022,P01836,85,28.99,2464.15,Hospital,Insurance,,EMP004,0,Yes
S06419,10/29/2023,P00949,9,127.85,1150.65,Hospital,Insurance,,EMP008,0,Yes
S06420,12/10/2023,P01606,28,33.38,934.64,Hospital,Cash,,EMP018,0,No
S06421,1/26/2022,P00573,79,179.3,14164.7,Hospital,Cash,,EMP020,0,No
S06422,2/22/2023,P01195,93,66.12,6149.16,Hospital,Credit Card,,EMP041,0,No
S06423,3/30/2022,P01070,84,186.02,15625.68,Clinic,Insurance,,EMP015,18.77,Yes
S06424,3/23/2022,P00479,7,63.56,444.92,Retail,Credit Card,RX-5027,EMP043,0,No
S06425,11/25/2023,P01215,7,11.29,79.03,Hospital,Cash,,EMP002,0,No
S06426,12/3/2022,P01321,99,32.99,3266.01,Online,Cash,,EMP019,0,No
S06427,10/17/2022,P01400,11,18.29,201.19,Wholesale,Credit Card,,EMP029,14.79,No
S06428,4/14/2022,P00389,78,164.91,12862.98,Wholesale,Credit Card,,EMP030,5.78,No
S06429,12/15/2022,P00225,71,145.97,10363.87,Retail,Cash,,EMP048,0,No
S06430,9/20/2022,P00656,87,120,10440,Clinic,Debit Card,,EMP017,0,No
S06431,10/16/2022,P00268,51,123.15,6280.65,Online,Insurance,,EMP012,0,Yes
S06432,4/24/2023,P01948,81,29.64,2400.84,Hospital,Credit Card,,EMP018,0,No
S06433,7/2/2022,P01657,1,75.71,75.71,Online,Insurance,,EMP018,4.88,Yes
S06434,11/11/2022,P01980,26,78.37,2037.62,Online,Debit Card,,EMP020,6.07,No
S06435,6/2/2022,P00329,81,80.24,6499.44,Retail,Debit Card,RX-6649,EMP020,0.46,No
S06436,9/18/2023,P00697,61,159.08,9703.88,Retail,Credit Card,RX-8759,EMP047,0,No
S06437,6/25/2023,P00954,6,9.13,54.78,Retail,Insurance,RX-4404,EMP045,0,Yes
S06438,2/21/2023,P00928,16,122.47,1959.52,Wholesale,Credit Card,,EMP034,14.28,No
S06439,4/22/2023,P01273,37,3.74,138.38,Wholesale,Insurance,,EMP031,0,Yes
S06440,4/18/2023,P00405,35,175.87,6155.45,Clinic,Cash,,EMP002,0,No
S06441,5/1/2023,P01764,15,7.36,110.4,Retail,Insurance,RX-2187,EMP013,0,Yes
S06442,10/31/2022,P00241,30,46.58,1397.4,Hospital,Credit Card,,EMP044,5.93,No
S06443,6/19/2023,P01902,84,79.89,6710.76,Retail,Insurance,,EMP023,0,Yes
S06444,9/4/2023,P00930,67,203.28,13619.76,Online,Credit Card,,EMP049,0,No
S06445,2/14/2023,P00128,91,67.29,6123.39,Hospital,Debit Card,,EMP029,0,No
S06446,5/28/2023,P01161,58,26.77,1552.66,Hospital,Credit Card,,EMP049,0,No
S06447,2/28/2022,P00490,48,18.32,879.36,Online,Cash,,EMP027,9.77,No
S06448,11/16/2022,P00346,21,91.58,1923.18,Wholesale,Debit Card,,EMP024,0,No
S06449,1/13/2023,P01945,62,210.44,13047.28,Clinic,Cash,,EMP025,0,No
S06450,8/20/2023,P00392,46,113.47,5219.62,Retail,Debit Card,RX-6750,EMP029,0,No
S06451,1/23/2023,P00800,76,113.61,8634.36,Clinic,Credit Card,,EMP036,0,No
S06452,12/27/2023,P00850,5,26.08,130.4,Wholesale,Credit Card,,EMP016,0,No
S06453,1/17/2023,P00545,31,61.9,1918.9,Clinic,Debit Card,,EMP030,9.08,No
S06454,11/17/2022,P01484,85,3.34,283.9,Clinic,Insurance,,EMP035,13.73,Yes
S06455,6/2/2022,P00088,31,100.5,3115.5,Hospital,Cash,,EMP006,10.13,No
S06456,7/24/2023,P01707,77,125.83,9688.91,Wholesale,Insurance,,EMP030,11.05,Yes
S06457,7/16/2022,P01007,60,22.53,1351.8,Hospital,Debit Card,,EMP038,0,No
S06458,5/19/2022,P01873,88,35.57,3130.16,Clinic,Insurance,,EMP046,0,Yes
S06459,5/30/2023,P00679,88,181.72,15991.36,Hospital,Credit Card,,EMP047,0,No
S06460,4/16/2023,P01126,32,226.61,7251.52,Clinic,Cash,,EMP037,0,No
S06461,12/25/2022,P00266,48,52.91,2539.68,Retail,Debit Card,RX-3518,EMP011,0,No
S06462,7/20/2023,P01589,51,182.61,9313.11,Online,Cash,,EMP039,0,No
S06463,4/14/2023,P01134,92,82.66,7604.72,Clinic,Insurance,,EMP041,0,Yes
S06464,6/27/2023,P00566,75,15.5,1162.5,Retail,Insurance,RX-2252,EMP049,0,Yes
S06465,11/20/2023,P01695,31,187.28,5805.68,Online,Insurance,,EMP002,4.48,Yes
S06466,3/9/2023,P01411,35,179.73,6290.55,Hospital,Insurance,,EMP045,0,Yes
S06467,1/27/2023,P00148,37,100.11,3704.07,Online,Insurance,,EMP005,0,Yes
S06468,12/26/2022,P00907,38,207.13,7870.94,Online,Insurance,,EMP019,0,Yes
S06469,12/18/2022,P01078,5,11.17,55.85,Hospital,Cash,,EMP029,0,No
S06470,11/24/2023,P01616,71,5.06,359.26,Hospital,Debit Card,,EMP011,0.53,No
S06471,1/19/2022,P00654,85,148.31,12606.35,Online,Credit Card,,EMP009,0,No
S06472,2/26/2022,P01772,60,41.88,2512.8,Online,Insurance,,EMP043,0,Yes
S06473,4/29/2023,P00618,45,21.08,948.6,Retail,Insurance,,EMP034,0,Yes
S06474,5/29/2023,P01101,21,131.06,2752.26,Clinic,Cash,,EMP047,0,No
S06475,4/25/2022,P01431,84,14.7,1234.8,Retail,Cash,,EMP027,18.56,No
S06476,2/20/2022,P01536,37,34.87,1290.19,Hospital,Debit Card,,EMP022,0,No
S06477,6/3/2023,P01136,95,24.06,2285.7,Wholesale,Insurance,,EMP042,0,Yes
S06478,4/24/2023,P00150,77,169.28,13034.56,Clinic,Cash,,EMP020,13.54,No
S06479,10/6/2022,P00663,80,78.38,6270.4,Clinic,Credit Card,,EMP036,0,No
S06480,12/18/2022,P00935,73,71.5,5219.5,Retail,Credit Card,RX-1447,EMP035,0,No
S06481,10/16/2022,P01097,2,25.75,51.5,Clinic,Debit Card,,EMP010,0,No
S06482,7/23/2022,P01848,16,48.03,768.48,Retail,Cash,RX-2836,EMP048,0,No
S06483,1/18/2023,P01573,58,60.23,3493.34,Retail,Insurance,,EMP007,0,Yes
S06484,3/7/2023,P01346,84,6.23,523.32,Wholesale,Credit Card,,EMP039,0,No
S06485,11/11/2022,P00697,12,159.08,1908.96,Online,Credit Card,,EMP029,0,No
S06486,5/2/2022,P01040,1,39.14,39.14,Clinic,Insurance,,EMP029,0,Yes
S06487,12/16/2023,P01269,75,64.9,4867.5,Clinic,Insurance,,EMP019,10.94,Yes
S06488,3/20/2022,P01529,18,106.15,1910.7,Clinic,Cash,,EMP002,0,No
S06489,3/21/2023,P00408,75,76.45,5733.75,Online,Insurance,,EMP027,0,Yes
S06490,11/21/2023,P01936,90,113.72,10234.8,Clinic,Insurance,,EMP023,0,Yes
S06491,11/29/2023,P00606,65,92.02,5981.3,Online,Credit Card,,EMP039,0,No
S06492,9/22/2023,P01367,93,156.25,14531.25,Clinic,Cash,,EMP043,0,No
S06493,1/5/2023,P00873,89,224.3,19962.7,Wholesale,Debit Card,,EMP006,0,No
S06494,9/6/2023,P01498,99,135.49,13413.51,Retail,Cash,,EMP006,16.92,No
S06495,8/10/2023,P01965,45,55.04,2476.8,Hospital,Debit Card,,EMP048,0,No
S06496,2/17/2023,P01736,77,27.02,2080.54,Hospital,Debit Card,,EMP008,0,No
S06497,9/10/2023,P00718,82,128.69,10552.58,Wholesale,Debit Card,,EMP023,0,No
S06498,2/13/2022,P00472,32,192.48,6159.36,Hospital,Credit Card,,EMP009,0,No
S06499,10/16/2022,P01795,66,111,7326,Retail,Cash,RX-6604,EMP017,0,No
S06500,6/26/2023,P01210,67,157.53,10554.51,Wholesale,Cash,,EMP041,0,No
S06501,12/28/2022,P01880,90,38.34,3450.6,Hospital,Insurance,,EMP035,0,Yes
S06502,7/25/2022,P01393,81,33.65,2725.65,Clinic,Credit Card,,EMP016,9.11,No
S06503,3/14/2023,P00198,85,165.05,14029.25,Clinic,Cash,,EMP030,0,No
S06504,11/29/2022,P01895,32,121.31,3881.92,Online,Insurance,,EMP015,0,Yes
S06505,10/22/2022,P00341,58,66.55,3859.9,Hospital,Debit Card,,EMP042,16.25,No
S06506,2/5/2023,P00423,31,88.57,2745.67,Online,Insurance,,EMP035,6.54,Yes
S06507,8/17/2023,P00336,14,128.74,1802.36,Wholesale,Insurance,,EMP031,0,Yes
S06508,1/31/2022,P01101,42,131.06,5504.52,Hospital,Cash,,EMP047,18.06,No
S06509,3/13/2022,P01325,22,46.72,1027.84,Online,Credit Card,,EMP013,0,No
S06510,4/27/2022,P01915,22,61.65,1356.3,Retail,Credit Card,,EMP013,17.74,No
S06511,2/10/2023,P01591,48,19.37,929.76,Wholesale,Credit Card,,EMP004,7.62,No
S06512,3/28/2023,P01318,56,124.11,6950.16,Hospital,Credit Card,,EMP019,15.1,No
S06513,10/29/2023,P00151,56,69.48,3890.88,Clinic,Cash,,EMP002,0,No
S06514,12/13/2022,P00561,27,159.81,4314.87,Clinic,Cash,,EMP034,0,No
S06515,2/4/2022,P01662,90,88.77,7989.3,Hospital,Insurance,,EMP026,0,Yes
S06516,3/4/2023,P00182,28,22.98,643.44,Retail,Credit Card,RX-1506,EMP006,6.69,No
S06517,2/19/2022,P01788,58,14.15,820.7,Clinic,Insurance,,EMP008,0,Yes
S06518,5/2/2023,P00642,40,43.6,1744,Hospital,Debit Card,,EMP030,5.55,No
S06519,3/8/2023,P01492,90,109.5,9855,Retail,Debit Card,,EMP001,0,No
S06520,3/27/2022,P00903,14,159.48,2232.72,Clinic,Credit Card,,EMP001,5.38,No
S06521,12/2/2023,P00802,85,46.65,3965.25,Retail,Insurance,RX-6722,EMP044,0,Yes
S06522,6/21/2022,P00695,26,57.8,1502.8,Online,Credit Card,,EMP028,17.96,No
S06523,12/30/2022,P00930,81,203.28,16465.68,Wholesale,Credit Card,,EMP029,0,No
S06524,4/12/2023,P01814,79,22.76,1798.04,Online,Credit Card,,EMP024,0,No
S06525,7/22/2022,P01622,34,59.49,2022.66,Clinic,Insurance,,EMP016,0,Yes
S06526,9/17/2022,P00364,13,74.29,965.77,Clinic,Debit Card,,EMP025,0,No
S06527,6/24/2022,P00921,72,88.6,6379.2,Clinic,Credit Card,,EMP032,0,No
S06528,12/7/2023,P01757,15,142.14,2132.1,Clinic,Debit Card,,EMP021,4.9,No
S06529,9/6/2022,P00357,60,65.14,3908.4,Retail,Insurance,,EMP031,9.69,Yes
S06530,4/21/2023,P00030,34,41.89,1424.26,Wholesale,Cash,,EMP047,6.34,No
S06531,5/15/2022,P00513,60,94.49,5669.4,Retail,Cash,RX-5820,EMP017,0,No
S06532,3/22/2023,P00497,11,47.46,522.06,Retail,Insurance,RX-8166,EMP003,13.65,Yes
S06533,6/28/2022,P01893,73,30.5,2226.5,Online,Debit Card,,EMP034,0,No
S06534,5/5/2022,P00614,59,16.64,981.76,Clinic,Insurance,,EMP008,0.41,Yes
S06535,3/30/2022,P00911,86,113.56,9766.16,Online,Debit Card,,EMP009,0,No
S06536,3/28/2023,P00923,74,20.11,1488.14,Online,Cash,,EMP032,0,No
S06537,7/20/2023,P00786,80,149,11920,Wholesale,Cash,,EMP008,0,No
S06538,12/6/2022,P00196,63,97.32,6131.16,Hospital,Debit Card,,EMP015,19.62,No
S06539,3/28/2023,P00357,43,65.14,2801.02,Wholesale,Credit Card,,EMP004,0,No
S06540,5/28/2023,P00489,76,3.74,284.24,Retail,Credit Card,RX-5931,EMP012,0,No
S06541,8/7/2023,P00818,98,63.65,6237.7,Wholesale,Debit Card,,EMP045,0,No
S06542,7/2/2023,P01751,85,18.2,1547,Online,Debit Card,,EMP040,0,No
S06543,9/14/2023,P00812,33,74.37,2454.21,Clinic,Debit Card,,EMP044,0,No
S06544,8/1/2022,P01245,40,149.64,5985.6,Retail,Cash,RX-4683,EMP021,0,No
S06545,4/21/2022,P00585,73,69.68,5086.64,Wholesale,Cash,,EMP033,1.27,No
S06546,6/19/2022,P00506,40,44.47,1778.8,Online,Cash,,EMP049,0,No
S06547,1/29/2023,P01453,46,29.33,1349.18,Wholesale,Cash,,EMP044,0,No
S06548,6/14/2023,P01930,77,56.09,4318.93,Online,Debit Card,,EMP028,19.6,No
S06549,1/18/2023,P00422,82,112.55,9229.1,Hospital,Insurance,,EMP017,2.63,Yes
S06550,6/24/2022,P01893,96,30.5,2928,Online,Insurance,,EMP043,0,Yes
S06551,12/28/2022,P00794,20,20.53,410.6,Online,Cash,,EMP018,8.41,No
S06552,4/13/2022,P00600,3,123.65,370.95,Hospital,Insurance,,EMP005,0,Yes
S06553,11/30/2023,P01612,78,107.68,8399.04,Online,Credit Card,,EMP041,0,No
S06554,12/21/2023,P01588,54,63.41,3424.14,Online,Cash,,EMP024,0,No
S06555,11/1/2023,P00778,67,14.67,982.89,Retail,Insurance,RX-3510,EMP005,19.67,Yes
S06556,7/13/2023,P01560,20,99.33,1986.6,Wholesale,Debit Card,,EMP020,0,No
S06557,1/18/2023,P00035,31,30.6,948.6,Retail,Credit Card,RX-6013,EMP004,0,No
S06558,4/30/2022,P00891,82,16.2,1328.4,Online,Debit Card,,EMP015,0,No
S06559,4/9/2023,P01644,82,110.02,9021.64,Clinic,Cash,,EMP017,0,No
S06560,8/25/2023,P00265,31,80.01,2480.31,Wholesale,Debit Card,,EMP046,0,No
S06561,8/24/2023,P01648,36,97.12,3496.32,Clinic,Cash,,EMP041,0,No
S06562,2/7/2023,P00021,55,36.83,2025.65,Hospital,Debit Card,,EMP020,0,No
S06563,8/6/2023,P01369,78,42.17,3289.26,Retail,Insurance,RX-2706,EMP018,0,Yes
S06564,8/17/2023,P00489,35,3.74,130.9,Hospital,Insurance,,EMP019,0,Yes
S06565,4/28/2022,P00492,97,57.1,5538.7,Online,Cash,,EMP041,0,No
S06566,11/11/2023,P00253,39,19.19,748.41,Wholesale,Cash,,EMP006,0,No
S06567,9/23/2022,P00507,39,133.09,5190.51,Retail,Credit Card,,EMP020,0,No
S06568,3/22/2022,P01375,35,141.36,4947.6,Wholesale,Debit Card,,EMP028,11.62,No
S06569,7/23/2022,P00076,98,202.05,19800.9,Online,Insurance,,EMP049,2.71,Yes
S06570,6/22/2022,P01928,18,135.95,2447.1,Clinic,Insurance,,EMP023,0,Yes
S06571,2/16/2023,P01493,37,9.5,351.5,Clinic,Cash,,EMP045,0,No
S06572,3/15/2023,P00036,19,182.9,3475.1,Online,Cash,,EMP018,0,No
S06573,8/5/2023,P00640,7,30.09,210.63,Online,Insurance,,EMP018,0,Yes
S06574,3/20/2023,P00598,73,41.78,3049.94,Hospital,Credit Card,,EMP014,18.7,No
S06575,1/29/2022,P00774,67,146.12,9790.04,Wholesale,Insurance,,EMP014,0,Yes
S06576,4/1/2022,P00287,91,148.66,13528.06,Clinic,Insurance,,EMP006,0,Yes
S06577,10/22/2022,P01606,48,33.38,1602.24,Retail,Debit Card,RX-5101,EMP001,0,No
S06578,4/13/2023,P01775,97,4.24,411.28,Wholesale,Cash,,EMP027,0,No
S06579,3/15/2023,P01644,1,110.02,110.02,Hospital,Cash,,EMP002,7.8,No
S06580,4/6/2022,P01854,70,87.15,6100.5,Retail,Credit Card,,EMP016,0,No
S06581,1/31/2022,P01741,68,93.97,6389.96,Online,Cash,,EMP049,18.24,No
S06582,3/5/2023,P01105,43,13.28,571.04,Retail,Debit Card,RX-4129,EMP040,0,No
S06583,5/14/2022,P01090,32,132.75,4248,Wholesale,Insurance,,EMP032,0,Yes
S06584,9/17/2022,P01521,52,109.52,5695.04,Hospital,Credit Card,,EMP041,0,No
S06585,3/7/2022,P01938,96,133.27,12793.92,Retail,Debit Card,RX-7109,EMP041,16.39,No
S06586,12/20/2023,P00118,92,91.68,8434.56,Retail,Debit Card,,EMP043,0,No
S06587,5/19/2023,P01988,69,62.75,4329.75,Wholesale,Cash,,EMP013,0,No
S06588,7/15/2023,P00194,54,138.04,7454.16,Hospital,Cash,,EMP037,0,No
S06589,1/15/2023,P01813,57,9.96,567.72,Hospital,Cash,,EMP046,0,No
S06590,8/28/2022,P01270,78,28.65,2234.7,Clinic,Cash,,EMP026,14.51,No
S06591,8/7/2022,P01226,56,26.21,1467.76,Wholesale,Debit Card,,EMP026,0,No
S06592,7/21/2023,P00167,67,148.86,9973.62,Wholesale,Credit Card,,EMP036,0,No
S06593,3/29/2022,P01856,63,26.43,1665.09,Clinic,Debit Card,,EMP002,0,No
S06594,1/4/2022,P00078,18,182.73,3289.14,Clinic,Credit Card,,EMP027,0,No
S06595,6/7/2023,P00553,84,133.99,11255.16,Clinic,Cash,,EMP036,13.31,No
S06596,6/26/2023,P00974,83,72,5976,Clinic,Debit Card,,EMP026,0,No
S06597,4/18/2023,P00871,30,105.62,3168.6,Retail,Insurance,,EMP035,2.99,Yes
S06598,12/27/2023,P01359,29,29.09,843.61,Wholesale,Insurance,,EMP026,14.79,Yes
S06599,10/29/2022,P01771,38,38.78,1473.64,Clinic,Cash,,EMP029,0,No
S06600,1/8/2022,P01864,82,16.32,1338.24,Hospital,Cash,,EMP049,0,No
S06601,6/25/2023,P01287,8,72.2,577.6,Online,Cash,,EMP044,0,No
S06602,3/24/2023,P01479,22,18.38,404.36,Retail,Credit Card,,EMP020,13.69,No
S06603,2/11/2023,P01532,93,225.38,20960.34,Wholesale,Insurance,,EMP005,0,Yes
S06604,12/23/2022,P00017,64,147.84,9461.76,Retail,Cash,RX-7322,EMP006,0,No
S06605,8/9/2022,P00882,52,42.21,2194.92,Online,Credit Card,,EMP014,0,No
S06606,4/19/2023,P00964,8,117.64,941.12,Online,Credit Card,,EMP027,15.79,No
S06607,8/18/2023,P01141,3,33.01,99.03,Wholesale,Debit Card,,EMP010,14.69,No
S06608,4/20/2023,P00287,40,148.66,5946.4,Clinic,Debit Card,,EMP029,17.24,No
S06609,12/24/2023,P01125,82,72.3,5928.6,Hospital,Credit Card,,EMP009,17.3,No
S06610,6/13/2022,P00442,40,87.13,3485.2,Clinic,Debit Card,,EMP041,0,No
S06611,7/7/2023,P01080,21,14.18,297.78,Clinic,Cash,,EMP023,0,No
S06612,8/8/2023,P01370,65,87.97,5718.05,Online,Debit Card,,EMP004,17.91,No
S06613,10/30/2022,P00458,37,121.5,4495.5,Wholesale,Cash,,EMP041,0,No
S06614,2/26/2023,P00524,58,29.68,1721.44,Retail,Insurance,RX-4339,EMP030,13.18,Yes
S06615,4/17/2022,P00159,69,224.93,15520.17,Clinic,Debit Card,,EMP018,2.71,No
S06616,7/14/2023,P01654,92,23.6,2171.2,Wholesale,Credit Card,,EMP009,0,No
S06617,2/28/2023,P01752,58,35.14,2038.12,Wholesale,Cash,,EMP035,0,No
S06618,12/10/2022,P01568,16,55.69,891.04,Retail,Insurance,RX-7735,EMP037,0,Yes
S06619,6/20/2022,P01764,78,7.36,574.08,Clinic,Cash,,EMP005,0,No
S06620,4/9/2022,P01897,84,15.7,1318.8,Wholesale,Debit Card,,EMP018,17.53,No
S06621,4/12/2022,P00020,54,84.7,4573.8,Clinic,Insurance,,EMP023,3.94,Yes
S06622,3/27/2022,P00944,36,91.39,3290.04,Clinic,Cash,,EMP049,6.69,No
S06623,9/10/2023,P01678,86,115.58,9939.88,Hospital,Insurance,,EMP022,0,Yes
S06624,2/15/2023,P00874,10,69.15,691.5,Wholesale,Cash,,EMP005,0,No
S06625,5/6/2023,P01140,92,16.42,1510.64,Wholesale,Insurance,,EMP032,0,Yes
S06626,1/9/2023,P01244,33,61.15,2017.95,Online,Insurance,,EMP001,0,Yes
S06627,7/17/2022,P01898,79,58.06,4586.74,Hospital,Insurance,,EMP001,8.57,Yes
S06628,12/3/2022,P00839,44,111.45,4903.8,Retail,Cash,RX-5281,EMP027,0,No
S06629,8/24/2022,P00166,97,75.32,7306.04,Online,Debit Card,,EMP007,0,No
S06630,10/4/2022,P00655,54,97.3,5254.2,Clinic,Debit Card,,EMP047,0,No
S06631,12/4/2022,P00780,62,37.81,2344.22,Wholesale,Cash,,EMP041,0,No
S06632,1/20/2022,P00822,80,128.79,10303.2,Retail,Debit Card,,EMP009,0,No
S06633,11/15/2022,P01706,20,144.68,2893.6,Online,Cash,,EMP005,0,No
S06634,10/4/2023,P00420,26,106.03,2756.78,Wholesale,Insurance,,EMP001,0,Yes
S06635,1/22/2023,P00158,48,207.27,9948.96,Retail,Credit Card,,EMP033,2.6,No
S06636,4/16/2022,P00734,1,85.58,85.58,Online,Cash,,EMP015,0,No
S06637,12/30/2023,P00422,73,112.55,8216.15,Clinic,Insurance,,EMP009,0,Yes
S06638,6/5/2022,P01462,2,11.66,23.32,Wholesale,Insurance,,EMP007,0,Yes
S06639,3/24/2022,P00834,46,102.11,4697.06,Hospital,Cash,,EMP017,0,No
S06640,6/27/2023,P01553,19,15.55,295.45,Wholesale,Insurance,,EMP022,0,Yes
S06641,8/26/2023,P01822,75,55.79,4184.25,Clinic,Cash,,EMP012,11.95,No
S06642,9/9/2022,P00707,71,66.04,4688.84,Retail,Insurance,RX-5910,EMP039,0,Yes
S06643,10/25/2023,P01220,64,144.35,9238.4,Hospital,Credit Card,,EMP037,0,No
S06644,8/31/2022,P00488,38,13.59,516.42,Clinic,Insurance,,EMP005,0,Yes
S06645,5/9/2023,P01000,15,15.56,233.4,Clinic,Debit Card,,EMP007,0,No
S06646,11/7/2022,P00184,23,57.83,1330.09,Clinic,Cash,,EMP021,0,No
S06647,3/14/2023,P00993,55,189.06,10398.3,Hospital,Insurance,,EMP002,0,Yes
S06648,8/12/2022,P01357,19,140.22,2664.18,Hospital,Credit Card,,EMP030,0,No
S06649,8/14/2022,P00602,27,139.59,3768.93,Clinic,Cash,,EMP049,0,No
S06650,4/4/2022,P01636,46,159.63,7342.98,Wholesale,Insurance,,EMP044,0,Yes
S06651,8/14/2023,P00187,98,185.09,18138.82,Hospital,Insurance,,EMP049,0,Yes
S06652,10/11/2023,P01175,56,47.7,2671.2,Online,Cash,,EMP036,0,No
S06653,8/14/2022,P00142,13,26.3,341.9,Online,Credit Card,,EMP016,7.35,No
S06654,11/16/2022,P00114,56,90.8,5084.8,Retail,Insurance,RX-7722,EMP029,0,Yes
S06655,10/4/2023,P00180,38,84.46,3209.48,Retail,Credit Card,RX-7820,EMP015,0,No
S06656,8/5/2023,P01159,56,125.04,7002.24,Wholesale,Cash,,EMP029,0,No
S06657,6/25/2022,P00408,94,76.45,7186.3,Hospital,Debit Card,,EMP020,3.43,No
S06658,9/20/2022,P01008,41,213.77,8764.57,Retail,Credit Card,,EMP041,0,No
S06659,3/3/2023,P00585,32,69.68,2229.76,Clinic,Cash,,EMP046,0,No
S06660,6/30/2023,P00036,82,182.9,14997.8,Wholesale,Credit Card,,EMP048,8.14,No
S06661,10/10/2022,P00060,62,7.22,447.64,Online,Insurance,,EMP010,14.01,Yes
S06662,8/3/2022,P00375,84,153.78,12917.52,Wholesale,Credit Card,,EMP038,10.79,No
S06663,5/9/2023,P00878,15,102.66,1539.9,Wholesale,Insurance,,EMP026,3.91,Yes
S06664,8/31/2023,P00593,17,64.24,1092.08,Clinic,Cash,,EMP009,0,No
S06665,2/14/2022,P01232,21,15.73,330.33,Online,Insurance,,EMP009,18.59,Yes
S06666,5/19/2023,P00558,29,22.83,662.07,Online,Insurance,,EMP016,0,Yes
S06667,4/6/2023,P01369,43,42.17,1813.31,Online,Credit Card,,EMP021,18.09,No
S06668,8/19/2023,P00507,12,133.09,1597.08,Clinic,Credit Card,,EMP036,12.04,No
S06669,1/6/2023,P00915,45,4.35,195.75,Retail,Cash,RX-9686,EMP015,17.4,No
S06670,2/27/2023,P00858,17,7.52,127.84,Hospital,Insurance,,EMP018,10.36,Yes
S06671,11/24/2022,P00152,43,128.17,5511.31,Online,Cash,,EMP015,12.6,No
S06672,11/8/2022,P00475,68,42.61,2897.48,Retail,Insurance,RX-2700,EMP049,8.43,Yes
S06673,8/19/2023,P01545,87,200.43,17437.41,Clinic,Debit Card,,EMP038,14.19,No
S06674,6/1/2023,P01820,76,48.47,3683.72,Hospital,Insurance,,EMP037,0,Yes
S06675,2/25/2022,P00505,55,38.7,2128.5,Clinic,Debit Card,,EMP045,4.16,No
S06676,11/30/2023,P01009,86,105.59,9080.74,Retail,Credit Card,RX-9579,EMP011,0,No
S06677,3/10/2022,P00124,95,86.25,8193.75,Retail,Credit Card,,EMP005,0,No
S06678,3/23/2023,P00431,64,67.54,4322.56,Wholesale,Insurance,,EMP021,10.11,Yes
S06679,1/8/2023,P00711,70,213.93,14975.1,Wholesale,Cash,,EMP010,0,No
S06680,8/1/2022,P00863,41,109.73,4498.93,Wholesale,Debit Card,,EMP004,0,No
S06681,4/20/2023,P00511,64,166.77,10673.28,Hospital,Cash,,EMP045,0,No
S06682,4/12/2022,P00079,24,37.62,902.88,Clinic,Credit Card,,EMP002,5.07,No
S06683,5/22/2023,P01370,67,87.97,5893.99,Retail,Credit Card,RX-3553,EMP022,0,No
S06684,11/11/2022,P01903,11,57.06,627.66,Online,Insurance,,EMP012,0,Yes
S06685,8/21/2023,P00585,7,69.68,487.76,Retail,Cash,,EMP032,3.46,No
S06686,11/26/2023,P01489,59,86.68,5114.12,Wholesale,Credit Card,,EMP023,9.7,No
S06687,10/23/2023,P00020,27,84.7,2286.9,Retail,Cash,,EMP031,14.53,No
S06688,11/9/2023,P00276,5,31.13,155.65,Retail,Insurance,RX-4149,EMP041,0,Yes
S06689,3/16/2022,P01267,70,104.43,7310.1,Hospital,Cash,,EMP028,9.43,No
S06690,8/18/2022,P00790,13,15.93,207.09,Retail,Credit Card,,EMP025,9.27,No
S06691,10/25/2022,P01515,55,106.49,5856.95,Online,Credit Card,,EMP037,0,No
S06692,1/25/2022,P01155,78,28.03,2186.34,Hospital,Insurance,,EMP001,0,Yes
S06693,5/4/2023,P00054,56,141.29,7912.24,Clinic,Cash,,EMP022,4.93,No
S06694,11/8/2022,P01466,85,134.77,11455.45,Hospital,Cash,,EMP040,0,No
S06695,8/30/2022,P00528,48,95.51,4584.48,Clinic,Insurance,,EMP017,0,Yes
S06696,11/2/2023,P00022,43,108.29,4656.47,Wholesale,Cash,,EMP036,0,No
S06697,10/8/2023,P01284,72,6.73,484.56,Online,Insurance,,EMP031,0,Yes
S06698,5/3/2022,P00089,39,38.16,1488.24,Wholesale,Cash,,EMP029,0,No
S06699,7/13/2022,P01736,46,27.02,1242.92,Retail,Credit Card,RX-3547,EMP037,0,No
S06700,2/4/2023,P00821,59,111.04,6551.36,Online,Debit Card,,EMP016,0,No
S06701,2/15/2022,P00802,64,46.65,2985.6,Online,Insurance,,EMP004,9.72,Yes
S06702,12/29/2022,P00858,31,7.52,233.12,Retail,Insurance,,EMP008,0,Yes
S06703,10/13/2022,P01722,86,151.35,13016.1,Retail,Insurance,RX-8293,EMP011,1.87,Yes
S06704,1/7/2022,P00115,79,135.98,10742.42,Clinic,Debit Card,,EMP006,4.36,No
S06705,12/1/2022,P00584,26,180.49,4692.74,Hospital,Insurance,,EMP025,1.58,Yes
S06706,10/17/2023,P01691,54,76.24,4116.96,Hospital,Credit Card,,EMP036,0,No
S06707,4/7/2023,P00271,99,102.09,10106.91,Wholesale,Insurance,,EMP019,0,Yes
S06708,2/4/2023,P01276,11,158.8,1746.8,Retail,Credit Card,RX-8972,EMP037,4.57,No
S06709,8/6/2022,P01150,40,6.83,273.2,Online,Debit Card,,EMP022,0,No
S06710,12/28/2022,P01391,99,114.77,11362.23,Hospital,Cash,,EMP036,0,No
S06711,6/17/2022,P00224,89,142.94,12721.66,Retail,Cash,,EMP002,0,No
S06712,10/22/2022,P00619,72,25.24,1817.28,Hospital,Debit Card,,EMP040,0,No
S06713,9/10/2022,P00605,31,90.57,2807.67,Hospital,Credit Card,,EMP016,0,No
S06714,5/26/2022,P01684,56,64.35,3603.6,Online,Cash,,EMP043,13.95,No
S06715,12/6/2022,P00029,18,171.56,3088.08,Retail,Cash,RX-1974,EMP015,2.7,No
S06716,11/2/2023,P00917,82,41.17,3375.94,Clinic,Cash,,EMP002,0,No
S06717,7/16/2022,P00309,46,27.09,1246.14,Retail,Cash,RX-4610,EMP016,0,No
S06718,8/30/2023,P00244,46,59.75,2748.5,Clinic,Cash,,EMP026,0,No
S06719,7/4/2022,P01777,71,5.68,403.28,Wholesale,Debit Card,,EMP009,0,No
S06720,6/14/2023,P01383,90,143.13,12881.7,Wholesale,Debit Card,,EMP025,12.74,No
S06721,10/15/2023,P00199,41,98.58,4041.78,Retail,Credit Card,RX-1226,EMP015,0,No
S06722,9/5/2022,P01517,25,38.56,964,Retail,Cash,,EMP044,0,No
S06723,11/25/2023,P00457,37,61.82,2287.34,Wholesale,Cash,,EMP014,0.5,No
S06724,2/10/2022,P01406,53,25.07,1328.71,Hospital,Cash,,EMP009,0,No
S06725,5/30/2022,P01756,98,131.58,12894.84,Wholesale,Debit Card,,EMP043,0,No
S06726,6/28/2022,P00912,9,90.11,810.99,Hospital,Credit Card,,EMP011,0,No
S06727,2/12/2023,P01879,29,24.14,700.06,Clinic,Debit Card,,EMP047,14.75,No
S06728,5/4/2023,P00744,34,59.16,2011.44,Clinic,Cash,,EMP015,0,No
S06729,11/26/2022,P01028,18,174.57,3142.26,Hospital,Cash,,EMP043,0.02,No
S06730,6/21/2023,P00731,74,100.39,7428.86,Wholesale,Credit Card,,EMP018,0,No
S06731,6/9/2023,P00665,82,27.17,2227.94,Hospital,Debit Card,,EMP006,13.46,No
S06732,8/1/2022,P00750,66,99.42,6561.72,Wholesale,Insurance,,EMP037,0,Yes
S06733,7/21/2022,P01346,87,6.23,542.01,Retail,Insurance,,EMP010,0,Yes
S06734,3/6/2023,P01000,76,15.56,1182.56,Online,Cash,,EMP026,0,No
S06735,8/15/2022,P01816,35,88.87,3110.45,Clinic,Debit Card,,EMP038,18.72,No
S06736,4/5/2023,P01158,84,14.72,1236.48,Wholesale,Insurance,,EMP029,12.4,Yes
S06737,6/1/2023,P00688,36,235.46,8476.56,Online,Debit Card,,EMP003,0,No
S06738,10/10/2023,P00515,59,49,2891,Hospital,Credit Card,,EMP015,0,No
S06739,9/22/2022,P00686,72,20.03,1442.16,Online,Debit Card,,EMP028,13.7,No
S06740,8/6/2023,P00472,60,192.48,11548.8,Online,Credit Card,,EMP003,1.12,No
S06741,7/22/2023,P00270,45,39.89,1795.05,Hospital,Debit Card,,EMP001,0,No
S06742,4/2/2023,P01682,76,192.82,14654.32,Clinic,Insurance,,EMP028,0,Yes
S06743,9/13/2022,P00899,80,18.96,1516.8,Wholesale,Debit Card,,EMP003,0,No
S06744,12/17/2022,P01351,3,102,306,Clinic,Insurance,,EMP042,0,Yes
S06745,6/14/2022,P00576,55,8.22,452.1,Retail,Insurance,RX-2244,EMP007,0,Yes
S06746,11/9/2023,P00588,33,42.82,1413.06,Clinic,Insurance,,EMP011,0,Yes
S06747,5/20/2022,P00543,33,89.81,2963.73,Hospital,Cash,,EMP042,0,No
S06748,12/16/2022,P01752,2,35.14,70.28,Hospital,Debit Card,,EMP034,0,No
S06749,4/25/2022,P01281,84,92.22,7746.48,Clinic,Credit Card,,EMP026,0,No
S06750,5/11/2022,P00671,72,43.03,3098.16,Retail,Debit Card,,EMP002,0,No
S06751,11/5/2023,P01942,47,99.36,4669.92,Online,Cash,,EMP031,0,No
S06752,8/16/2022,P01209,70,31.25,2187.5,Hospital,Cash,,EMP029,0,No
S06753,11/26/2023,P01960,57,17.88,1019.16,Clinic,Cash,,EMP032,0,No
S06754,10/5/2023,P00089,20,38.16,763.2,Wholesale,Cash,,EMP002,13.93,No
S06755,10/10/2023,P01369,8,42.17,337.36,Wholesale,Credit Card,,EMP018,0,No
S06756,4/20/2023,P01689,40,144.18,5767.2,Hospital,Insurance,,EMP028,0,Yes
S06757,2/25/2023,P00782,33,46.9,1547.7,Online,Debit Card,,EMP038,0,No
S06758,9/26/2022,P01876,86,80.49,6922.14,Online,Insurance,,EMP018,0,Yes
S06759,9/3/2023,P00365,12,169.15,2029.8,Retail,Credit Card,,EMP014,18.87,No
S06760,2/14/2023,P00169,60,47.18,2830.8,Clinic,Cash,,EMP040,0,No
S06761,12/14/2023,P00832,60,180.91,10854.6,Retail,Insurance,,EMP013,0,Yes
S06762,4/19/2023,P00697,55,159.08,8749.4,Retail,Insurance,,EMP028,0,Yes
S06763,3/27/2022,P01436,32,119.84,3834.88,Online,Credit Card,,EMP011,0,No
S06764,8/20/2023,P00870,48,70.31,3374.88,Retail,Debit Card,RX-4637,EMP035,0,No
S06765,6/24/2023,P01465,72,146.11,10519.92,Retail,Cash,RX-4133,EMP032,0,No
S06766,1/20/2023,P00386,38,124.33,4724.54,Wholesale,Debit Card,,EMP030,0,No
S06767,3/21/2023,P01560,79,99.33,7847.07,Retail,Cash,,EMP047,10.79,No
S06768,12/1/2022,P00953,54,167.35,9036.9,Wholesale,Insurance,,EMP048,8.22,Yes
S06769,3/29/2023,P01718,28,106.83,2991.24,Hospital,Debit Card,,EMP038,9.47,No
S06770,6/21/2022,P01929,17,89.05,1513.85,Retail,Debit Card,,EMP021,8.18,No
S06771,8/21/2023,P00937,85,77.76,6609.6,Wholesale,Credit Card,,EMP026,0,No
S06772,4/22/2022,P00685,9,200.17,1801.53,Retail,Cash,,EMP011,0,No
S06773,11/15/2023,P00104,80,15.66,1252.8,Wholesale,Credit Card,,EMP014,0,No
S06774,5/25/2023,P00509,61,213.72,13036.92,Hospital,Credit Card,,EMP007,5.96,No
S06775,1/30/2023,P01355,47,67.62,3178.14,Online,Cash,,EMP007,13.27,No
S06776,7/12/2023,P00938,74,141.17,10446.58,Clinic,Debit Card,,EMP044,17.77,No
S06777,4/12/2023,P01150,59,6.83,402.97,Online,Credit Card,,EMP036,8.72,No
S06778,10/5/2022,P01782,37,95.93,3549.41,Retail,Insurance,RX-4347,EMP049,0,Yes
S06779,12/30/2022,P00759,99,26.89,2662.11,Online,Debit Card,,EMP036,0,No
S06780,1/27/2022,P00039,27,45.91,1239.57,Hospital,Insurance,,EMP044,0,Yes
S06781,8/3/2023,P00916,80,62,4960,Online,Debit Card,,EMP001,0,No
S06782,1/30/2022,P01826,11,117.42,1291.62,Hospital,Cash,,EMP017,0,No
S06783,5/14/2022,P00334,67,86.86,5819.62,Wholesale,Insurance,,EMP012,0,Yes
S06784,5/1/2023,P00306,79,69.16,5463.64,Clinic,Credit Card,,EMP032,3.54,No
S06785,8/6/2023,P00797,70,106.56,7459.2,Wholesale,Insurance,,EMP008,0,Yes
S06786,10/4/2023,P00416,96,14.42,1384.32,Clinic,Cash,,EMP007,0,No
S06787,12/28/2023,P00689,34,23.19,788.46,Hospital,Cash,,EMP031,10.68,No
S06788,3/6/2022,P00038,78,102.98,8032.44,Clinic,Cash,,EMP011,0,No
S06789,1/1/2023,P01302,56,46.99,2631.44,Hospital,Cash,,EMP031,0,No
S06790,11/26/2022,P00824,18,103.25,1858.5,Retail,Debit Card,RX-3728,EMP019,0,No
S06791,2/23/2023,P00644,28,22.98,643.44,Clinic,Insurance,,EMP016,12.28,Yes
S06792,1/19/2022,P01088,3,39.97,119.91,Clinic,Insurance,,EMP015,0,Yes
S06793,12/24/2023,P01838,81,57.24,4636.44,Wholesale,Credit Card,,EMP007,0,No
S06794,3/21/2023,P01903,81,57.06,4621.86,Clinic,Debit Card,,EMP017,0,No
S06795,9/3/2022,P01330,95,131,12445,Clinic,Insurance,,EMP008,18.2,Yes
S06796,3/4/2023,P00082,68,190.5,12954,Hospital,Credit Card,,EMP040,0,No
S06797,8/17/2022,P00357,63,65.14,4103.82,Hospital,Credit Card,,EMP005,0,No
S06798,2/2/2023,P00744,54,59.16,3194.64,Wholesale,Debit Card,,EMP041,18.98,No
S06799,8/23/2022,P00097,60,3.67,220.2,Hospital,Cash,,EMP048,19.62,No
S06800,10/3/2022,P01196,3,137.27,411.81,Online,Insurance,,EMP006,0,Yes
S06801,12/14/2022,P00136,8,106.48,851.84,Wholesale,Credit Card,,EMP009,0,No
S06802,9/22/2022,P00331,84,227.35,19097.4,Clinic,Cash,,EMP014,0,No
S06803,4/24/2023,P01612,90,107.68,9691.2,Hospital,Insurance,,EMP013,0,Yes
S06804,8/11/2022,P01870,86,122.67,10549.62,Retail,Debit Card,,EMP001,0,No
S06805,7/12/2022,P01567,32,31.37,1003.84,Wholesale,Debit Card,,EMP029,0,No
S06806,2/1/2023,P00761,6,78,468,Retail,Credit Card,RX-4164,EMP031,0,No
S06807,1/28/2022,P00930,12,203.28,2439.36,Retail,Credit Card,RX-1874,EMP039,0,No
S06808,10/4/2023,P00970,21,69.11,1451.31,Retail,Credit Card,,EMP001,0,No
S06809,11/26/2023,P00999,34,46.64,1585.76,Clinic,Cash,,EMP040,0,No
S06810,11/22/2022,P01593,84,42.3,3553.2,Online,Credit Card,,EMP041,0,No
S06811,7/26/2022,P01233,67,139.63,9355.21,Retail,Cash,RX-9258,EMP023,0,No
S06812,3/4/2022,P00513,49,94.49,4630.01,Wholesale,Credit Card,,EMP022,0,No
S06813,8/20/2023,P00058,98,160.29,15708.42,Hospital,Cash,,EMP044,0,No
S06814,3/30/2022,P00331,14,227.35,3182.9,Wholesale,Debit Card,,EMP015,0,No
S06815,1/28/2022,P00605,83,90.57,7517.31,Hospital,Insurance,,EMP016,0,Yes
S06816,10/26/2023,P01573,18,60.23,1084.14,Wholesale,Insurance,,EMP038,0,Yes
S06817,6/28/2022,P01006,89,68.16,6066.24,Retail,Credit Card,RX-6584,EMP034,0,No
S06818,11/3/2022,P01774,89,70.87,6307.43,Retail,Debit Card,,EMP023,13.59,No
S06819,12/13/2023,P00660,4,143.3,573.2,Hospital,Credit Card,,EMP008,0,No
S06820,8/27/2022,P00936,64,70.77,4529.28,Wholesale,Credit Card,,EMP002,0,No
S06821,11/27/2023,P00531,43,87.51,3762.93,Retail,Insurance,RX-3118,EMP005,0,Yes
S06822,9/13/2022,P01162,37,93.42,3456.54,Clinic,Credit Card,,EMP023,8.98,No
S06823,1/9/2023,P01260,39,145.98,5693.22,Retail,Debit Card,,EMP020,0,No
S06824,10/30/2022,P00846,89,32.5,2892.5,Online,Insurance,,EMP003,0,Yes
S06825,10/10/2022,P00498,74,148.63,10998.62,Clinic,Debit Card,,EMP024,0,No
S06826,7/17/2023,P00764,86,9.95,855.7,Online,Cash,,EMP048,0,No
S06827,4/15/2023,P01183,16,37.8,604.8,Clinic,Insurance,,EMP047,0,Yes
S06828,10/13/2023,P00350,84,107.49,9029.16,Retail,Insurance,,EMP021,0,Yes
S06829,6/20/2022,P01324,24,72.66,1743.84,Online,Insurance,,EMP029,0,Yes
S06830,5/14/2023,P01702,29,132.01,3828.29,Online,Cash,,EMP018,10.78,No
S06831,9/20/2023,P00163,53,91.73,4861.69,Online,Debit Card,,EMP005,5.21,No
S06832,12/9/2023,P01337,17,74.6,1268.2,Online,Debit Card,,EMP017,0,No
S06833,7/20/2023,P00909,51,89.53,4566.03,Wholesale,Credit Card,,EMP016,0,No
S06834,10/31/2022,P01022,22,28.66,630.52,Retail,Cash,RX-4302,EMP039,0,No
S06835,2/15/2022,P00053,16,175.4,2806.4,Online,Insurance,,EMP007,18.92,Yes
S06836,2/22/2023,P00438,55,160.81,8844.55,Clinic,Debit Card,,EMP020,0,No
S06837,7/23/2023,P01337,21,74.6,1566.6,Wholesale,Debit Card,,EMP014,0,No
S06838,6/9/2023,P00503,22,84.42,1857.24,Clinic,Cash,,EMP033,0,No
S06839,5/12/2023,P00351,60,137.27,8236.2,Retail,Debit Card,RX-4143,EMP026,0,No
S06840,4/27/2022,P00340,7,59.72,418.04,Wholesale,Debit Card,,EMP036,0,No
S06841,3/29/2022,P00088,7,100.5,703.5,Hospital,Debit Card,,EMP010,0,No
S06842,9/23/2023,P00168,88,80.45,7079.6,Wholesale,Debit Card,,EMP009,4.54,No
S06843,11/20/2023,P01266,81,10.58,856.98,Retail,Insurance,,EMP010,0,Yes
S06844,6/30/2023,P00824,49,103.25,5059.25,Hospital,Cash,,EMP001,0,No
S06845,5/30/2023,P00292,36,85.33,3071.88,Retail,Insurance,RX-4612,EMP045,10.08,Yes
S06846,1/7/2022,P01442,12,71.17,854.04,Retail,Insurance,RX-4570,EMP045,11.37,Yes
S06847,10/4/2023,P01055,53,171.1,9068.3,Retail,Debit Card,,EMP031,0,No
S06848,5/29/2023,P01728,3,128.06,384.18,Wholesale,Credit Card,,EMP040,0,No
S06849,9/14/2023,P01781,53,143.25,7592.25,Hospital,Credit Card,,EMP041,0,No
S06850,4/15/2022,P01470,3,142.51,427.53,Clinic,Credit Card,,EMP041,0,No
S06851,9/4/2023,P01122,52,47.05,2446.6,Online,Credit Card,,EMP026,0,No
S06852,5/23/2023,P00455,11,132.81,1460.91,Clinic,Debit Card,,EMP048,0,No
S06853,9/20/2023,P00126,42,87.98,3695.16,Online,Debit Card,,EMP033,0,No
S06854,4/28/2022,P00466,81,71.48,5789.88,Clinic,Debit Card,,EMP003,0,No
S06855,7/22/2023,P01071,22,88.46,1946.12,Online,Debit Card,,EMP004,0,No
S06856,11/2/2022,P00923,33,20.11,663.63,Online,Credit Card,,EMP030,0,No
S06857,7/25/2022,P01990,57,84.14,4795.98,Hospital,Cash,,EMP049,0,No
S06858,8/31/2023,P01439,81,35.93,2910.33,Online,Credit Card,,EMP047,0,No
S06859,9/25/2022,P00689,57,23.19,1321.83,Hospital,Credit Card,,EMP008,15.19,No
S06860,11/2/2023,P00540,6,147.35,884.1,Hospital,Credit Card,,EMP003,0,No
S06861,6/26/2022,P00309,65,27.09,1760.85,Hospital,Debit Card,,EMP040,0,No
S06862,2/7/2022,P01631,56,105.19,5890.64,Online,Debit Card,,EMP035,0,No
S06863,6/17/2022,P00130,79,16.02,1265.58,Online,Cash,,EMP040,5.44,No
S06864,9/16/2023,P00187,61,185.09,11290.49,Hospital,Insurance,,EMP036,0,Yes
S06865,9/18/2023,P01859,57,49.48,2820.36,Retail,Cash,RX-6542,EMP007,4.21,No
S06866,6/28/2022,P01594,90,102.68,9241.2,Wholesale,Debit Card,,EMP019,0,No
S06867,12/8/2023,P00247,37,88.11,3260.07,Hospital,Credit Card,,EMP041,0,No
S06868,4/28/2023,P01577,54,210.15,11348.1,Wholesale,Credit Card,,EMP048,0,No
S06869,7/1/2023,P01219,97,39.41,3822.77,Wholesale,Debit Card,,EMP022,0,No
S06870,5/19/2023,P01878,69,138.77,9575.13,Hospital,Debit Card,,EMP049,0,No
S06871,8/1/2022,P00078,65,182.73,11877.45,Online,Credit Card,,EMP015,0,No
S06872,12/8/2023,P00982,90,166.79,15011.1,Clinic,Insurance,,EMP036,5.45,Yes
S06873,3/29/2022,P01329,77,137.77,10608.29,Hospital,Insurance,,EMP009,0,Yes
S06874,10/6/2022,P00749,31,27.87,863.97,Online,Credit Card,,EMP013,0,No
S06875,6/19/2022,P00212,65,166.93,10850.45,Retail,Debit Card,RX-9939,EMP017,0,No
S06876,9/15/2023,P00490,42,18.32,769.44,Clinic,Debit Card,,EMP022,0,No
S06877,10/27/2022,P00494,24,37.22,893.28,Clinic,Insurance,,EMP026,0,Yes
S06878,2/16/2022,P01562,82,109.84,9006.88,Wholesale,Credit Card,,EMP035,0,No
S06879,7/27/2022,P00650,73,105.65,7712.45,Hospital,Debit Card,,EMP020,0,No
S06880,6/11/2022,P01475,50,97.14,4857,Retail,Cash,,EMP041,0,No
S06881,5/27/2023,P01199,9,79.45,715.05,Hospital,Credit Card,,EMP017,0.16,No
S06882,2/28/2023,P01511,5,19.16,95.8,Clinic,Credit Card,,EMP023,0,No
S06883,7/26/2022,P00635,58,83.53,4844.74,Online,Debit Card,,EMP047,0,No
S06884,6/13/2022,P01346,26,6.23,161.98,Retail,Cash,,EMP011,0,No
S06885,8/30/2023,P01247,47,37.96,1784.12,Online,Cash,,EMP009,5.83,No
S06886,1/10/2022,P00598,38,41.78,1587.64,Clinic,Insurance,,EMP015,0,Yes
S06887,6/20/2023,P01020,47,58.27,2738.69,Online,Debit Card,,EMP019,0,No
S06888,5/16/2022,P00212,52,166.93,8680.36,Retail,Debit Card,RX-2888,EMP017,16.17,No
S06889,7/29/2023,P00484,63,199.34,12558.42,Clinic,Cash,,EMP008,0,No
S06890,8/5/2023,P00831,90,14.26,1283.4,Wholesale,Insurance,,EMP015,11.42,Yes
S06891,9/16/2022,P00266,83,52.91,4391.53,Wholesale,Credit Card,,EMP009,6.33,No
S06892,6/22/2022,P01808,21,38.21,802.41,Hospital,Insurance,,EMP034,0,Yes
S06893,1/2/2023,P01276,96,158.8,15244.8,Online,Credit Card,,EMP040,4.31,No
S06894,11/20/2022,P01030,54,62.5,3375,Online,Credit Card,,EMP026,0,No
S06895,12/19/2022,P00292,83,85.33,7082.39,Retail,Debit Card,RX-4739,EMP013,3.85,No
S06896,12/7/2023,P01234,75,91.86,6889.5,Wholesale,Debit Card,,EMP031,0,No
S06897,8/20/2022,P00164,5,123.06,615.3,Retail,Credit Card,,EMP033,0,No
S06898,9/9/2022,P00134,58,203.69,11814.02,Retail,Debit Card,RX-5071,EMP038,0,No
S06899,4/4/2022,P00445,44,213.9,9411.6,Clinic,Credit Card,,EMP023,5.37,No
S06900,8/23/2022,P01246,16,93.75,1500,Online,Insurance,,EMP029,0,Yes
S06901,8/27/2022,P00027,11,214.51,2359.61,Wholesale,Credit Card,,EMP012,0,No
S06902,7/2/2022,P00259,19,58,1102,Hospital,Debit Card,,EMP004,0,No
S06903,5/13/2023,P00427,78,77.02,6007.56,Wholesale,Credit Card,,EMP042,0,No
S06904,3/26/2023,P01773,85,62.3,5295.5,Wholesale,Cash,,EMP015,0,No
S06905,10/13/2022,P00428,47,22.29,1047.63,Wholesale,Insurance,,EMP038,0,Yes
S06906,3/2/2023,P01391,20,114.77,2295.4,Online,Insurance,,EMP015,11.89,Yes
S06907,7/9/2022,P01452,80,125.51,10040.8,Hospital,Credit Card,,EMP049,0,No
S06908,7/23/2022,P01200,83,78.54,6518.82,Retail,Debit Card,RX-9498,EMP008,0,No
S06909,10/12/2023,P00389,83,164.91,13687.53,Wholesale,Debit Card,,EMP015,0,No
S06910,2/6/2023,P00517,8,11.59,92.72,Retail,Cash,,EMP031,0,No
S06911,7/12/2022,P00534,79,101.01,7979.79,Hospital,Credit Card,,EMP024,0,No
S06912,12/7/2022,P00044,83,105.96,8794.68,Online,Credit Card,,EMP041,0,No
S06913,6/28/2022,P00841,97,232.19,22522.43,Wholesale,Cash,,EMP046,0,No
S06914,8/17/2023,P01307,8,10.7,85.6,Retail,Debit Card,,EMP030,4.72,No
S06915,2/10/2022,P01738,83,81.65,6776.95,Retail,Insurance,RX-4223,EMP012,10.25,Yes
S06916,2/28/2022,P00024,96,74.12,7115.52,Wholesale,Cash,,EMP033,0,No
S06917,11/4/2022,P01127,44,103.38,4548.72,Wholesale,Credit Card,,EMP030,0,No
S06918,12/16/2022,P01342,63,43.49,2739.87,Online,Debit Card,,EMP005,0,No
S06919,9/27/2022,P00608,50,116.46,5823,Clinic,Insurance,,EMP039,0,Yes
S06920,8/17/2022,P01384,3,54.41,163.23,Retail,Debit Card,,EMP010,0,No
S06921,8/18/2023,P01569,49,44.4,2175.6,Wholesale,Insurance,,EMP020,0,Yes
S06922,4/30/2022,P01639,10,10.24,102.4,Hospital,Debit Card,,EMP019,1.13,No
S06923,4/26/2022,P01440,87,89.49,7785.63,Clinic,Insurance,,EMP035,0,Yes
S06924,1/22/2022,P00876,77,7.12,548.24,Wholesale,Debit Card,,EMP024,0,No
S06925,12/16/2022,P01607,18,115.08,2071.44,Wholesale,Debit Card,,EMP045,0,No
S06926,2/23/2023,P01299,89,125.96,11210.44,Online,Cash,,EMP033,0,No
S06927,10/16/2022,P00228,53,69.08,3661.24,Wholesale,Debit Card,,EMP026,0,No
S06928,1/19/2022,P00674,52,102.63,5336.76,Retail,Cash,RX-7190,EMP034,11.19,No
S06929,5/12/2023,P00443,44,33.58,1477.52,Retail,Credit Card,RX-5408,EMP013,0,No
S06930,6/17/2023,P01702,46,132.01,6072.46,Retail,Debit Card,,EMP003,8.33,No
S06931,7/6/2023,P00212,59,166.93,9848.87,Hospital,Insurance,,EMP008,0,Yes
S06932,3/17/2022,P00633,29,135.89,3940.81,Hospital,Credit Card,,EMP035,0,No
S06933,5/29/2022,P01645,42,66.46,2791.32,Clinic,Insurance,,EMP034,0,Yes
S06934,2/18/2022,P01383,11,143.13,1574.43,Clinic,Insurance,,EMP018,0,Yes
S06935,7/6/2022,P01809,78,162.2,12651.6,Retail,Debit Card,RX-3990,EMP047,0,No
S06936,2/7/2022,P01300,68,23.55,1601.4,Retail,Cash,RX-2438,EMP039,0,No
S06937,6/27/2023,P00874,7,69.15,484.05,Wholesale,Credit Card,,EMP003,6.26,No
S06938,9/22/2023,P00703,65,128.28,8338.2,Retail,Cash,,EMP024,0,No
S06939,12/6/2023,P00439,32,104.26,3336.32,Clinic,Credit Card,,EMP031,0,No
S06940,4/3/2023,P00003,42,56.87,2388.54,Hospital,Insurance,,EMP030,19.53,Yes
S06941,8/4/2023,P01023,9,187.6,1688.4,Online,Debit Card,,EMP042,1.43,No
S06942,12/20/2023,P01664,15,35.84,537.6,Retail,Credit Card,RX-4165,EMP032,0.8,No
S06943,4/2/2022,P00154,23,31.8,731.4,Hospital,Insurance,,EMP019,10.85,Yes
S06944,8/10/2022,P01389,97,6.18,599.46,Retail,Insurance,,EMP009,0,Yes
S06945,2/20/2022,P00044,52,105.96,5509.92,Clinic,Insurance,,EMP013,0,Yes
S06946,11/8/2023,P01276,59,158.8,9369.2,Online,Credit Card,,EMP006,0,No
S06947,5/19/2022,P01249,63,105,6615,Clinic,Insurance,,EMP046,0,Yes
S06948,5/31/2023,P00245,6,107.94,647.64,Online,Credit Card,,EMP024,0,No
S06949,9/17/2023,P01336,32,27.52,880.64,Clinic,Insurance,,EMP035,0,Yes
S06950,10/6/2023,P01930,30,56.09,1682.7,Clinic,Insurance,,EMP020,0,Yes
S06951,4/1/2022,P01400,98,18.29,1792.42,Clinic,Debit Card,,EMP048,0,No
S06952,4/10/2022,P01593,16,42.3,676.8,Retail,Cash,RX-3111,EMP031,0,No
S06953,12/9/2022,P01368,56,103.01,5768.56,Hospital,Cash,,EMP023,17.03,No
S06954,3/15/2023,P00185,89,35.12,3125.68,Wholesale,Credit Card,,EMP029,0,No
S06955,3/8/2022,P00214,31,28.69,889.39,Hospital,Debit Card,,EMP015,0,No
S06956,11/15/2022,P01311,58,57.24,3319.92,Wholesale,Insurance,,EMP014,17.33,Yes
S06957,6/18/2022,P00418,93,89.3,8304.9,Clinic,Credit Card,,EMP029,0,No
S06958,5/29/2023,P01612,82,107.68,8829.76,Retail,Debit Card,,EMP005,8.21,No
S06959,1/8/2023,P00267,43,21.87,940.41,Retail,Debit Card,,EMP025,0,No
S06960,6/17/2023,P01082,6,72.52,435.12,Online,Insurance,,EMP040,0,Yes
S06961,8/22/2023,P01004,44,211.24,9294.56,Retail,Debit Card,RX-8232,EMP038,0,No
S06962,9/27/2023,P01362,9,181.53,1633.77,Retail,Debit Card,,EMP010,0,No
S06963,12/6/2023,P01167,71,129.78,9214.38,Hospital,Debit Card,,EMP020,0,No
S06964,6/23/2023,P01132,65,26.65,1732.25,Retail,Credit Card,RX-4743,EMP001,11.88,No
S06965,10/1/2023,P00977,75,67.33,5049.75,Hospital,Debit Card,,EMP004,0,No
S06966,7/10/2022,P00908,89,153.04,13620.56,Clinic,Cash,,EMP037,0,No
S06967,5/1/2022,P00265,61,80.01,4880.61,Online,Cash,,EMP048,0,No
S06968,11/7/2023,P01120,74,56.61,4189.14,Clinic,Cash,,EMP004,0,No
S06969,9/20/2023,P00801,95,134.03,12732.85,Hospital,Debit Card,,EMP022,1.79,No
S06970,11/12/2023,P00089,83,38.16,3167.28,Clinic,Debit Card,,EMP032,0,No
S06971,9/25/2023,P00393,28,110.8,3102.4,Retail,Debit Card,,EMP015,3.52,No
S06972,6/28/2023,P00776,81,121.21,9818.01,Online,Cash,,EMP012,0,No
S06973,4/6/2022,P00643,19,137.17,2606.23,Hospital,Debit Card,,EMP018,4.95,No
S06974,4/14/2022,P01178,71,90.89,6453.19,Online,Cash,,EMP034,18.83,No
S06975,7/19/2022,P00228,73,69.08,5042.84,Online,Debit Card,,EMP018,15.22,No
S06976,12/8/2022,P00413,33,230.55,7608.15,Hospital,Credit Card,,EMP046,0,No
S06977,3/19/2023,P00852,13,56.55,735.15,Clinic,Insurance,,EMP017,0,Yes
S06978,6/10/2023,P00645,29,221.7,6429.3,Clinic,Cash,,EMP044,0,No
S06979,2/23/2023,P00320,93,10.63,988.59,Hospital,Credit Card,,EMP014,0,No
S06980,6/22/2023,P01753,23,165.8,3813.4,Retail,Cash,RX-6909,EMP018,0,No
S06981,9/28/2022,P01914,23,190.7,4386.1,Online,Cash,,EMP044,5.07,No
S06982,10/8/2022,P01614,77,27.6,2125.2,Wholesale,Cash,,EMP025,0,No
S06983,3/30/2023,P01115,88,148.78,13092.64,Wholesale,Insurance,,EMP005,0,Yes
S06984,12/24/2023,P00934,82,94.46,7745.72,Online,Credit Card,,EMP033,0,No
S06985,3/17/2022,P01089,50,44.17,2208.5,Wholesale,Credit Card,,EMP042,0,No
S06986,8/14/2022,P01970,67,203.19,13613.73,Retail,Debit Card,RX-5402,EMP011,0,No
S06987,3/5/2022,P00033,48,101.36,4865.28,Clinic,Insurance,,EMP036,0,Yes
S06988,6/14/2023,P00543,48,89.81,4310.88,Hospital,Cash,,EMP011,8.09,No
S06989,10/2/2022,P01723,60,102.92,6175.2,Hospital,Insurance,,EMP007,0,Yes
S06990,6/3/2022,P00996,73,32.8,2394.4,Hospital,Cash,,EMP003,0,No
S06991,10/20/2022,P01556,91,71.2,6479.2,Wholesale,Cash,,EMP006,0,No
S06992,12/30/2023,P01840,38,113.98,4331.24,Wholesale,Debit Card,,EMP020,14.94,No
S06993,3/29/2022,P01061,64,111.09,7109.76,Clinic,Debit Card,,EMP029,0,No
S06994,8/21/2022,P00775,85,54.16,4603.6,Hospital,Debit Card,,EMP012,0,No
S06995,4/25/2022,P01257,6,120.18,721.08,Retail,Credit Card,RX-4266,EMP031,0,No
S06996,10/22/2023,P01474,26,69.26,1800.76,Clinic,Insurance,,EMP006,0,Yes
S06997,12/12/2023,P01804,10,32.71,327.1,Online,Cash,,EMP020,0,No
S06998,12/16/2022,P00026,48,38.85,1864.8,Online,Cash,,EMP014,0,No
S06999,9/5/2023,P00896,92,98.64,9074.88,Clinic,Credit Card,,EMP015,10.57,No
S07000,5/15/2022,P00637,98,98.31,9634.38,Clinic,Insurance,,EMP041,0,Yes
S07001,1/12/2023,P01054,64,134.74,8623.36,Online,Cash,,EMP040,0,No
S07002,4/19/2022,P00392,35,113.47,3971.45,Clinic,Cash,,EMP011,0,No
S07003,12/2/2022,P01728,41,128.06,5250.46,Retail,Credit Card,,EMP033,0,No
S07004,7/22/2023,P01607,59,115.08,6789.72,Wholesale,Credit Card,,EMP011,13.28,No
S07005,11/27/2023,P00107,19,48.96,930.24,Hospital,Credit Card,,EMP006,0,No
S07006,5/14/2022,P00576,36,8.22,295.92,Clinic,Cash,,EMP025,0,No
S07007,6/20/2023,P01219,47,39.41,1852.27,Retail,Credit Card,,EMP001,14.84,No
S07008,6/30/2023,P01157,89,88.59,7884.51,Hospital,Debit Card,,EMP048,0,No
S07009,1/3/2023,P00115,74,135.98,10062.52,Online,Cash,,EMP026,0,No
S07010,10/17/2022,P00886,92,133.02,12237.84,Clinic,Debit Card,,EMP012,0.39,No
S07011,7/1/2022,P01028,69,174.57,12045.33,Retail,Debit Card,RX-4368,EMP030,0,No
S07012,10/26/2023,P00781,99,67.18,6650.82,Clinic,Insurance,,EMP040,0,Yes
S07013,9/30/2022,P00541,69,204.8,14131.2,Hospital,Debit Card,,EMP044,0,No
S07014,1/7/2022,P00814,22,25.87,569.14,Retail,Credit Card,RX-6446,EMP030,0,No
S07015,12/17/2023,P01230,56,57.13,3199.28,Hospital,Cash,,EMP042,0,No
S07016,1/26/2023,P01687,25,150.55,3763.75,Hospital,Credit Card,,EMP038,0,No
S07017,1/11/2023,P01264,4,111.55,446.2,Clinic,Insurance,,EMP044,0,Yes
S07018,12/27/2023,P01927,64,171.82,10996.48,Hospital,Insurance,,EMP006,0,Yes
S07019,4/28/2022,P01526,20,172.38,3447.6,Wholesale,Credit Card,,EMP043,0,No
S07020,11/24/2022,P01058,38,69.6,2644.8,Wholesale,Debit Card,,EMP044,0,No
S07021,7/19/2023,P00173,42,6.26,262.92,Hospital,Credit Card,,EMP040,0,No
S07022,9/4/2023,P01326,84,75.42,6335.28,Wholesale,Debit Card,,EMP027,0,No
S07023,7/23/2022,P01424,66,34.36,2267.76,Wholesale,Credit Card,,EMP001,16.7,No
S07024,12/7/2022,P00107,7,48.96,342.72,Online,Cash,,EMP017,15.64,No
S07025,6/12/2023,P01424,21,34.36,721.56,Clinic,Credit Card,,EMP036,10.46,No
S07026,11/13/2022,P01816,22,88.87,1955.14,Clinic,Insurance,,EMP042,19.93,Yes
S07027,3/11/2022,P00998,5,188.12,940.6,Wholesale,Cash,,EMP012,9.95,No
S07028,12/26/2023,P01558,5,158.35,791.75,Online,Debit Card,,EMP028,0,No
S07029,2/12/2022,P01092,29,103.22,2993.38,Online,Cash,,EMP040,0,No
S07030,5/22/2023,P00463,64,44,2816,Retail,Debit Card,RX-1247,EMP047,11.04,No
S07031,3/12/2022,P00630,76,41.82,3178.32,Online,Cash,,EMP031,8.5,No
S07032,7/14/2022,P01354,15,52.37,785.55,Hospital,Cash,,EMP040,0,No
S07033,1/24/2022,P00261,47,137,6439,Hospital,Insurance,,EMP009,0,Yes
S07034,7/28/2023,P01840,16,113.98,1823.68,Online,Insurance,,EMP030,0,Yes
S07035,2/3/2022,P01591,13,19.37,251.81,Retail,Insurance,RX-9192,EMP009,0,Yes
S07036,10/15/2022,P00590,76,23.31,1771.56,Wholesale,Cash,,EMP044,0,No
S07037,8/21/2022,P01301,58,72.01,4176.58,Wholesale,Debit Card,,EMP046,0,No
S07038,4/18/2022,P00088,88,100.5,8844,Wholesale,Debit Card,,EMP044,0,No
S07039,9/28/2023,P01797,3,48.87,146.61,Retail,Insurance,RX-1452,EMP003,9.87,Yes
S07040,7/28/2023,P01121,24,2.5,60,Wholesale,Cash,,EMP044,0,No
S07041,8/10/2023,P00582,28,24.29,680.12,Retail,Insurance,,EMP001,0,Yes
S07042,1/16/2023,P00605,33,90.57,2988.81,Wholesale,Credit Card,,EMP028,0,No
S07043,7/1/2023,P00214,81,28.69,2323.89,Hospital,Insurance,,EMP049,0,Yes
S07044,6/23/2022,P01417,10,107.89,1078.9,Wholesale,Credit Card,,EMP005,0,No
S07045,11/3/2022,P00893,90,114.65,10318.5,Online,Credit Card,,EMP021,0,No
S07046,4/18/2023,P00292,54,85.33,4607.82,Hospital,Credit Card,,EMP020,0,No
S07047,5/27/2022,P01738,60,81.65,4899,Retail,Insurance,,EMP045,11.55,Yes
S07048,12/15/2023,P01515,2,106.49,212.98,Hospital,Cash,,EMP019,0,No
S07049,5/14/2022,P00772,38,55.7,2116.6,Hospital,Credit Card,,EMP009,18.17,No
S07050,3/18/2023,P01285,63,247.83,15613.29,Clinic,Insurance,,EMP036,4.9,Yes
S07051,7/22/2023,P01309,11,48.05,528.55,Online,Debit Card,,EMP041,0,No
S07052,7/24/2023,P00843,69,99.23,6846.87,Clinic,Credit Card,,EMP022,0,No
S07053,8/29/2022,P00581,73,148.56,10844.88,Online,Insurance,,EMP031,1.7,Yes
S07054,9/21/2022,P00726,45,4.17,187.65,Clinic,Insurance,,EMP047,16.89,Yes
S07055,9/10/2023,P00322,36,42.1,1515.6,Online,Insurance,,EMP006,0,Yes
S07056,10/27/2022,P00034,76,139.99,10639.24,Hospital,Debit Card,,EMP009,4.28,No
S07057,11/14/2022,P01386,47,40.93,1923.71,Clinic,Debit Card,,EMP020,0,No
S07058,6/3/2023,P01926,25,15.36,384,Clinic,Insurance,,EMP006,0,Yes
S07059,1/21/2022,P01342,83,43.49,3609.67,Hospital,Cash,,EMP040,16.67,No
S07060,8/11/2023,P01472,81,95.82,7761.42,Wholesale,Insurance,,EMP026,0,Yes
S07061,11/28/2022,P01410,54,46.2,2494.8,Online,Insurance,,EMP043,0,Yes
S07062,6/6/2023,P00627,25,59.07,1476.75,Retail,Credit Card,RX-8280,EMP035,15.57,No
S07063,1/18/2023,P00612,53,51.04,2705.12,Wholesale,Insurance,,EMP007,0,Yes
S07064,1/4/2022,P01125,92,72.3,6651.6,Retail,Debit Card,,EMP002,16.76,No
S07065,7/23/2022,P00076,5,202.05,1010.25,Wholesale,Insurance,,EMP042,0,Yes
S07066,7/24/2022,P01109,13,153.27,1992.51,Wholesale,Cash,,EMP013,3.72,No
S07067,9/8/2022,P01292,27,98.48,2658.96,Wholesale,Cash,,EMP035,14.29,No
S07068,2/18/2023,P00633,87,135.89,11822.43,Clinic,Insurance,,EMP038,0,Yes
S07069,11/6/2022,P01071,11,88.46,973.06,Online,Insurance,,EMP035,0,Yes
S07070,12/25/2023,P01676,86,102.63,8826.18,Retail,Cash,,EMP031,0,No
S07071,7/7/2023,P01352,77,173.6,13367.2,Hospital,Cash,,EMP026,0,No
S07072,4/4/2023,P00824,83,103.25,8569.75,Hospital,Cash,,EMP023,0,No
S07073,5/21/2022,P00654,38,148.31,5635.78,Clinic,Debit Card,,EMP043,0,No
S07074,8/16/2022,P01949,38,75.33,2862.54,Hospital,Credit Card,,EMP033,0,No
S07075,3/6/2023,P01450,70,53.88,3771.6,Clinic,Debit Card,,EMP045,15.66,No
S07076,7/10/2023,P00602,23,139.59,3210.57,Online,Cash,,EMP035,0,No
S07077,7/15/2023,P01269,87,64.9,5646.3,Hospital,Cash,,EMP026,12.82,No
S07078,4/22/2022,P01419,94,47.73,4486.62,Wholesale,Credit Card,,EMP031,0,No
S07079,8/25/2022,P00863,39,109.73,4279.47,Online,Insurance,,EMP028,18.99,Yes
S07080,1/25/2023,P01954,30,162.49,4874.7,Clinic,Insurance,,EMP003,0,Yes
S07081,8/18/2023,P00442,52,87.13,4530.76,Online,Insurance,,EMP025,5.17,Yes
S07082,6/21/2023,P01682,91,192.82,17546.62,Wholesale,Insurance,,EMP001,18.92,Yes
S07083,8/30/2022,P00527,59,7.61,448.99,Hospital,Cash,,EMP008,13.79,No
S07084,8/6/2023,P00515,29,49,1421,Retail,Cash,RX-8959,EMP017,0,No
S07085,12/14/2023,P00612,69,51.04,3521.76,Hospital,Debit Card,,EMP039,0,No
S07086,12/22/2022,P00277,23,90.88,2090.24,Retail,Debit Card,RX-3093,EMP029,0,No
S07087,10/31/2022,P01595,18,103.44,1861.92,Clinic,Credit Card,,EMP016,0,No
S07088,7/22/2022,P01668,98,48.36,4739.28,Clinic,Cash,,EMP029,0,No
S07089,11/3/2023,P00804,42,99.85,4193.7,Retail,Credit Card,,EMP025,5.09,No
S07090,7/30/2022,P01659,86,190.17,16354.62,Clinic,Credit Card,,EMP047,0,No
S07091,10/17/2023,P01110,19,65.02,1235.38,Wholesale,Cash,,EMP018,0,No
S07092,3/18/2022,P01607,22,115.08,2531.76,Clinic,Insurance,,EMP043,0,Yes
S07093,6/2/2023,P01462,39,11.66,454.74,Wholesale,Credit Card,,EMP003,15.51,No
S07094,8/24/2022,P00218,33,56.11,1851.63,Wholesale,Credit Card,,EMP009,0,No
S07095,6/27/2022,P01025,88,162.47,14297.36,Clinic,Debit Card,,EMP015,0,No
S07096,7/30/2022,P01273,19,3.74,71.06,Wholesale,Credit Card,,EMP046,0,No
S07097,9/28/2023,P01330,43,131,5633,Online,Credit Card,,EMP039,13.75,No
S07098,2/8/2022,P00885,84,224.69,18873.96,Online,Credit Card,,EMP003,0,No
S07099,7/28/2022,P00538,49,159.58,7819.42,Clinic,Cash,,EMP037,0,No
S07100,1/10/2023,P01306,82,41.92,3437.44,Retail,Debit Card,,EMP003,0,No
S07101,8/22/2023,P01025,48,162.47,7798.56,Hospital,Cash,,EMP034,13.16,No
S07102,4/3/2023,P01572,27,53.94,1456.38,Retail,Credit Card,,EMP036,13.35,No
S07103,9/26/2022,P01393,14,33.65,471.1,Hospital,Credit Card,,EMP024,7.72,No
S07104,3/14/2023,P01771,32,38.78,1240.96,Online,Insurance,,EMP043,4.38,Yes
S07105,6/24/2023,P01860,91,120.21,10939.11,Wholesale,Cash,,EMP016,0,No
S07106,5/4/2023,P01414,3,32.27,96.81,Online,Debit Card,,EMP011,17.05,No
S07107,4/9/2023,P01620,81,49.07,3974.67,Hospital,Credit Card,,EMP022,14.81,No
S07108,5/15/2022,P00843,78,99.23,7739.94,Wholesale,Insurance,,EMP005,11.52,Yes
S07109,1/24/2022,P01408,42,99.56,4181.52,Hospital,Debit Card,,EMP046,0,No
S07110,8/12/2023,P00586,18,141.56,2548.08,Clinic,Credit Card,,EMP044,19.72,No
S07111,8/25/2022,P01321,20,32.99,659.8,Hospital,Debit Card,,EMP012,0,No
S07112,2/16/2022,P01369,89,42.17,3753.13,Retail,Insurance,RX-2333,EMP025,12.76,Yes
S07113,4/9/2023,P01218,7,209.08,1463.56,Clinic,Debit Card,,EMP005,13.95,No
S07114,2/10/2023,P00319,79,149.01,11771.79,Wholesale,Credit Card,,EMP015,0,No
S07115,3/10/2023,P01892,15,152.58,2288.7,Clinic,Cash,,EMP024,0,No
S07116,3/25/2022,P00398,54,168.13,9079.02,Retail,Credit Card,RX-7562,EMP030,0,No
S07117,6/24/2022,P01030,71,62.5,4437.5,Clinic,Cash,,EMP031,5.21,No
S07118,8/23/2023,P00498,56,148.63,8323.28,Wholesale,Debit Card,,EMP042,5.97,No
S07119,5/1/2023,P00859,95,55.16,5240.2,Online,Debit Card,,EMP014,12.32,No
S07120,4/22/2022,P00741,42,198.32,8329.44,Hospital,Cash,,EMP035,16.22,No
S07121,6/7/2022,P01961,56,87.54,4902.24,Retail,Credit Card,RX-2309,EMP015,0.08,No
S07122,1/3/2022,P01729,59,71.64,4226.76,Hospital,Debit Card,,EMP040,0,No
S07123,4/11/2023,P00819,36,202.43,7287.48,Online,Credit Card,,EMP042,3.67,No
S07124,10/3/2023,P00974,14,72,1008,Online,Debit Card,,EMP038,9.02,No
S07125,5/27/2023,P00612,3,51.04,153.12,Online,Cash,,EMP037,0,No
S07126,3/26/2023,P00570,9,96.73,870.57,Retail,Cash,,EMP024,0,No
S07127,5/21/2023,P01883,73,111.81,8162.13,Retail,Credit Card,,EMP039,10.89,No
S07128,2/7/2023,P00478,47,90.24,4241.28,Clinic,Debit Card,,EMP033,0,No
S07129,9/13/2023,P00695,85,57.8,4913,Wholesale,Credit Card,,EMP025,0,No
S07130,2/27/2023,P01637,40,126.11,5044.4,Retail,Cash,RX-1196,EMP040,0,No
S07131,4/19/2022,P00022,31,108.29,3356.99,Hospital,Insurance,,EMP008,0,Yes
S07132,5/5/2022,P01927,87,171.82,14948.34,Wholesale,Debit Card,,EMP026,5.45,No
S07133,11/14/2022,P01104,39,130.38,5084.82,Clinic,Cash,,EMP017,9.23,No
S07134,4/13/2022,P00401,86,10.14,872.04,Hospital,Cash,,EMP002,0,No
S07135,6/16/2022,P00425,96,53.79,5163.84,Clinic,Insurance,,EMP002,8.1,Yes
S07136,10/20/2023,P00521,10,22.6,226,Hospital,Debit Card,,EMP028,8.99,No
S07137,1/26/2022,P00543,53,89.81,4759.93,Hospital,Insurance,,EMP031,0.97,Yes
S07138,7/29/2022,P00068,86,26.69,2295.34,Retail,Cash,RX-1275,EMP037,0,No
S07139,9/22/2023,P00304,86,108.29,9312.94,Clinic,Insurance,,EMP041,18.11,Yes
S07140,10/29/2023,P01903,28,57.06,1597.68,Hospital,Credit Card,,EMP023,0,No
S07141,10/28/2022,P01778,24,142.77,3426.48,Wholesale,Credit Card,,EMP009,0,No
S07142,5/31/2022,P00664,48,100.91,4843.68,Clinic,Insurance,,EMP041,0,Yes
S07143,1/6/2023,P01081,77,97.67,7520.59,Hospital,Cash,,EMP001,15.73,No
S07144,11/25/2022,P01854,55,87.15,4793.25,Hospital,Cash,,EMP012,0,No
S07145,5/20/2023,P00442,95,87.13,8277.35,Wholesale,Cash,,EMP049,0,No
S07146,9/27/2022,P00200,29,158.01,4582.29,Wholesale,Debit Card,,EMP037,8.13,No
S07147,6/18/2023,P00357,71,65.14,4624.94,Hospital,Credit Card,,EMP037,0,No
S07148,10/8/2022,P00133,79,12.04,951.16,Clinic,Credit Card,,EMP037,0,No
S07149,6/29/2023,P01113,27,30.9,834.3,Wholesale,Insurance,,EMP019,16.59,Yes
S07150,2/5/2022,P01300,3,23.55,70.65,Wholesale,Debit Card,,EMP031,0,No
S07151,3/15/2022,P01520,71,10.44,741.24,Clinic,Debit Card,,EMP011,0,No
S07152,1/29/2022,P01960,68,17.88,1215.84,Hospital,Cash,,EMP036,0,No
S07153,7/22/2023,P01499,75,6.93,519.75,Online,Credit Card,,EMP037,0,No
S07154,4/10/2023,P00440,65,174.92,11369.8,Wholesale,Credit Card,,EMP008,0,No
S07155,1/30/2022,P01469,39,61.58,2401.62,Retail,Insurance,RX-5530,EMP026,0,Yes
S07156,1/30/2023,P00399,73,61.29,4474.17,Retail,Credit Card,,EMP040,0,No
S07157,7/18/2022,P00117,38,201.12,7642.56,Retail,Cash,RX-9091,EMP047,12.58,No
S07158,7/16/2022,P01759,16,31.56,504.96,Clinic,Debit Card,,EMP018,0,No
S07159,2/12/2022,P00881,54,19.88,1073.52,Wholesale,Debit Card,,EMP003,6.36,No
S07160,12/4/2023,P00345,42,121.08,5085.36,Retail,Insurance,RX-9898,EMP049,0,Yes
S07161,4/9/2023,P00115,12,135.98,1631.76,Hospital,Insurance,,EMP016,0,Yes
S07162,4/19/2022,P01436,43,119.84,5153.12,Clinic,Cash,,EMP019,17.79,No
S07163,8/6/2022,P01905,60,155.79,9347.4,Online,Insurance,,EMP041,14.19,Yes
S07164,6/25/2022,P01231,40,226.74,9069.6,Online,Credit Card,,EMP023,0,No
S07165,3/6/2022,P01678,91,115.58,10517.78,Online,Insurance,,EMP045,10.22,Yes
S07166,10/29/2022,P01796,75,60.84,4563,Hospital,Credit Card,,EMP021,0,No
S07167,1/11/2022,P00102,71,87.35,6201.85,Wholesale,Debit Card,,EMP007,0,No
S07168,10/18/2022,P00363,35,147.82,5173.7,Clinic,Credit Card,,EMP010,0,No
S07169,12/8/2022,P01304,83,34.84,2891.72,Clinic,Debit Card,,EMP023,0,No
S07170,7/31/2022,P01256,93,19.41,1805.13,Hospital,Credit Card,,EMP046,0,No
S07171,4/29/2023,P01863,86,27.75,2386.5,Clinic,Credit Card,,EMP020,15.5,No
S07172,5/24/2023,P01494,61,74.44,4540.84,Online,Credit Card,,EMP011,0,No
S07173,9/29/2022,P00723,17,58.56,995.52,Hospital,Credit Card,,EMP019,0,No
S07174,1/18/2022,P00128,23,67.29,1547.67,Wholesale,Insurance,,EMP040,0,Yes
S07175,3/28/2022,P01505,73,109.43,7988.39,Online,Cash,,EMP015,0,No
S07176,2/8/2022,P00535,34,36.91,1254.94,Retail,Insurance,,EMP040,0,Yes
S07177,12/14/2023,P00760,31,21.76,674.56,Clinic,Debit Card,,EMP013,0,No
S07178,4/25/2022,P00275,80,83.95,6716,Hospital,Debit Card,,EMP049,6.66,No
S07179,2/19/2023,P00672,2,164.33,328.66,Wholesale,Cash,,EMP006,0,No
S07180,6/12/2022,P00683,23,61.4,1412.2,Clinic,Debit Card,,EMP027,0,No
S07181,12/20/2022,P00240,75,30.19,2264.25,Clinic,Cash,,EMP003,0,No
S07182,3/2/2023,P00901,16,107.69,1723.04,Clinic,Credit Card,,EMP003,0,No
S07183,10/23/2022,P00056,67,103.23,6916.41,Clinic,Credit Card,,EMP025,7.15,No
S07184,11/5/2023,P00517,37,11.59,428.83,Online,Cash,,EMP001,0,No
S07185,3/10/2023,P00267,72,21.87,1574.64,Hospital,Credit Card,,EMP034,4.14,No
S07186,7/20/2022,P00863,47,109.73,5157.31,Online,Credit Card,,EMP029,0,No
S07187,12/11/2023,P01133,53,52.45,2779.85,Clinic,Cash,,EMP046,0,No
S07188,2/3/2022,P01093,84,146.92,12341.28,Hospital,Credit Card,,EMP010,0,No
S07189,10/21/2022,P00353,64,39.83,2549.12,Hospital,Debit Card,,EMP029,16.65,No
S07190,4/27/2023,P01871,69,13.9,959.1,Retail,Insurance,,EMP007,18.63,Yes
S07191,3/4/2022,P01418,49,9.3,455.7,Wholesale,Debit Card,,EMP007,0,No
S07192,5/17/2023,P00360,90,75.46,6791.4,Online,Credit Card,,EMP015,0,No
S07193,5/16/2023,P00368,69,55.4,3822.6,Wholesale,Debit Card,,EMP035,0,No
S07194,7/19/2022,P00067,90,56.75,5107.5,Hospital,Debit Card,,EMP036,0,No
S07195,9/10/2023,P01698,50,52.87,2643.5,Online,Cash,,EMP031,0,No
S07196,11/14/2022,P00656,77,120,9240,Clinic,Insurance,,EMP043,0,Yes
S07197,11/9/2023,P00870,50,70.31,3515.5,Online,Insurance,,EMP013,18.31,Yes
S07198,1/24/2023,P01265,36,125.93,4533.48,Clinic,Cash,,EMP020,0,No
S07199,5/4/2023,P00911,33,113.56,3747.48,Clinic,Debit Card,,EMP036,0.72,No
S07200,1/5/2022,P00067,62,56.75,3518.5,Clinic,Cash,,EMP046,0,No
S07201,5/7/2023,P01712,82,71.24,5841.68,Online,Credit Card,,EMP012,11.68,No
S07202,8/25/2022,P01070,71,186.02,13207.42,Wholesale,Credit Card,,EMP009,0,No
S07203,7/15/2023,P01951,68,89.4,6079.2,Wholesale,Credit Card,,EMP024,3.86,No
S07204,6/27/2023,P01739,10,134.95,1349.5,Wholesale,Credit Card,,EMP030,0,No
S07205,11/24/2022,P00593,84,64.24,5396.16,Clinic,Cash,,EMP002,14.78,No
S07206,8/24/2023,P00723,18,58.56,1054.08,Online,Debit Card,,EMP036,2.89,No
S07207,3/2/2022,P00456,86,112.68,9690.48,Clinic,Cash,,EMP005,0,No
S07208,5/29/2023,P00254,85,20.26,1722.1,Clinic,Cash,,EMP040,0,No
S07209,10/22/2022,P00669,17,84.23,1431.91,Hospital,Credit Card,,EMP001,0,No
S07210,3/13/2022,P00786,1,149,149,Clinic,Credit Card,,EMP021,2.05,No
S07211,1/27/2023,P00216,45,189.84,8542.8,Online,Cash,,EMP017,0,No
S07212,3/16/2022,P01409,2,38.54,77.08,Retail,Cash,RX-3543,EMP005,19.3,No
S07213,4/17/2023,P01241,33,65.5,2161.5,Hospital,Debit Card,,EMP013,0,No
S07214,10/24/2023,P00090,82,11.29,925.78,Clinic,Debit Card,,EMP039,1.43,No
S07215,1/21/2023,P01332,65,44.89,2917.85,Retail,Credit Card,RX-7423,EMP031,9.78,No
S07216,11/13/2022,P01323,48,16.56,794.88,Hospital,Cash,,EMP022,0,No
S07217,2/9/2022,P01904,8,95.03,760.24,Online,Cash,,EMP010,0,No
S07218,10/7/2022,P00721,99,9.12,902.88,Clinic,Credit Card,,EMP016,0,No
S07219,3/11/2023,P00574,61,164.8,10052.8,Online,Credit Card,,EMP014,0,No
S07220,4/8/2022,P01088,39,39.97,1558.83,Online,Cash,,EMP002,0,No
S07221,8/14/2022,P00290,4,21.96,87.84,Clinic,Insurance,,EMP044,0,Yes
S07222,7/26/2022,P01516,19,52.57,998.83,Wholesale,Debit Card,,EMP021,0,No
S07223,7/16/2022,P00084,54,116.03,6265.62,Retail,Debit Card,RX-2337,EMP040,0,No
S07224,5/25/2022,P00750,85,99.42,8450.7,Online,Credit Card,,EMP031,0,No
S07225,12/31/2023,P01365,35,154.97,5423.95,Hospital,Credit Card,,EMP045,0.95,No
S07226,8/4/2022,P01045,62,30.83,1911.46,Online,Insurance,,EMP043,16.82,Yes
S07227,10/30/2022,P01724,80,175.45,14036,Wholesale,Debit Card,,EMP047,0,No
S07228,8/14/2023,P00577,90,72,6480,Retail,Credit Card,RX-4606,EMP023,0,No
S07229,12/28/2023,P01646,76,42.03,3194.28,Hospital,Cash,,EMP025,0,No
S07230,12/6/2023,P01427,3,46.36,139.08,Hospital,Debit Card,,EMP012,0,No
S07231,12/9/2023,P01528,28,91.5,2562,Wholesale,Debit Card,,EMP038,0,No
S07232,11/6/2022,P00967,86,178.55,15355.3,Retail,Insurance,RX-3606,EMP026,3.64,Yes
S07233,8/31/2022,P00015,29,5.23,151.67,Clinic,Cash,,EMP014,0,No
S07234,1/14/2022,P00876,53,7.12,377.36,Hospital,Insurance,,EMP047,0,Yes
S07235,1/11/2023,P00552,10,108.72,1087.2,Wholesale,Cash,,EMP014,0,No
S07236,6/3/2023,P01630,16,17.3,276.8,Retail,Credit Card,,EMP028,13.89,No
S07237,5/1/2022,P00113,9,29.14,262.26,Wholesale,Debit Card,,EMP043,0,No
S07238,7/31/2023,P00991,2,57.34,114.68,Retail,Insurance,RX-9771,EMP015,0,Yes
S07239,10/25/2022,P00641,38,79.53,3022.14,Clinic,Credit Card,,EMP003,0.15,No
S07240,3/11/2023,P01527,9,71.84,646.56,Online,Insurance,,EMP016,6.39,Yes
S07241,10/1/2023,P01987,74,92.34,6833.16,Retail,Insurance,,EMP034,0,Yes
S07242,5/5/2023,P00094,5,40.23,201.15,Clinic,Credit Card,,EMP037,0,No
S07243,12/2/2023,P00944,33,91.39,3015.87,Wholesale,Credit Card,,EMP036,0,No
S07244,7/5/2023,P00623,75,61.26,4594.5,Wholesale,Debit Card,,EMP007,0,No
S07245,1/11/2022,P00382,91,36.37,3309.67,Hospital,Credit Card,,EMP030,12.01,No
S07246,11/20/2023,P00535,11,36.91,406.01,Retail,Cash,,EMP013,0,No
S07247,4/17/2022,P00992,89,169.29,15066.81,Online,Insurance,,EMP022,0,Yes
S07248,1/15/2023,P00823,36,9.14,329.04,Online,Debit Card,,EMP036,0,No
S07249,7/7/2022,P00306,20,69.16,1383.2,Clinic,Insurance,,EMP003,0,Yes
S07250,9/1/2023,P01975,1,29.19,29.19,Wholesale,Credit Card,,EMP047,0,No
S07251,10/6/2023,P01027,51,212.86,10855.86,Clinic,Debit Card,,EMP037,4.95,No
S07252,6/17/2023,P00210,65,97.3,6324.5,Online,Debit Card,,EMP012,7.66,No
S07253,6/1/2023,P01834,97,135.5,13143.5,Online,Cash,,EMP009,0,No
S07254,8/5/2023,P00213,86,152.87,13146.82,Clinic,Cash,,EMP010,0,No
S07255,2/20/2023,P00363,24,147.82,3547.68,Retail,Debit Card,RX-9736,EMP033,12.41,No
S07256,5/15/2022,P01177,56,102.33,5730.48,Hospital,Debit Card,,EMP042,0,No
S07257,5/14/2022,P01572,63,53.94,3398.22,Clinic,Cash,,EMP039,0,No
S07258,8/12/2022,P01980,29,78.37,2272.73,Hospital,Insurance,,EMP039,0,Yes
S07259,11/8/2023,P01080,79,14.18,1120.22,Retail,Credit Card,RX-9012,EMP020,0,No
S07260,6/7/2023,P01823,99,178.14,17635.86,Hospital,Cash,,EMP043,0,No
S07261,9/1/2023,P00038,20,102.98,2059.6,Wholesale,Debit Card,,EMP019,13.17,No
S07262,7/17/2023,P00660,38,143.3,5445.4,Hospital,Cash,,EMP001,13.52,No
S07263,4/18/2022,P00764,3,9.95,29.85,Clinic,Cash,,EMP008,0,No
S07264,11/9/2023,P01709,13,71.99,935.87,Online,Cash,,EMP003,0,No
S07265,6/30/2022,P01022,70,28.66,2006.2,Online,Insurance,,EMP011,11.96,Yes
S07266,9/8/2023,P00617,18,25.5,459,Clinic,Credit Card,,EMP033,0,No
S07267,1/6/2022,P00734,93,85.58,7958.94,Online,Insurance,,EMP046,9.65,Yes
S07268,4/27/2023,P01181,52,92.35,4802.2,Retail,Cash,RX-5158,EMP018,0.49,No
S07269,7/14/2022,P01931,57,47.12,2685.84,Wholesale,Credit Card,,EMP014,0,No
S07270,3/28/2023,P01391,91,114.77,10444.07,Wholesale,Insurance,,EMP036,0,Yes
S07271,10/8/2022,P00535,43,36.91,1587.13,Hospital,Cash,,EMP036,0,No
S07272,8/16/2023,P00619,45,25.24,1135.8,Wholesale,Credit Card,,EMP022,0,No
S07273,10/1/2022,P01975,3,29.19,87.57,Online,Credit Card,,EMP017,0,No
S07274,6/9/2023,P00617,79,25.5,2014.5,Online,Cash,,EMP013,0,No
S07275,2/7/2023,P00357,35,65.14,2279.9,Hospital,Insurance,,EMP029,0,Yes
S07276,5/27/2022,P00988,87,101.07,8793.09,Retail,Credit Card,RX-9778,EMP025,0,No
S07277,5/2/2023,P00298,75,84.68,6351,Retail,Cash,,EMP030,0,No
S07278,6/7/2023,P00422,4,112.55,450.2,Clinic,Insurance,,EMP037,6.2,Yes
S07279,11/13/2022,P00810,65,146.49,9521.85,Online,Debit Card,,EMP026,8.49,No
S07280,3/17/2023,P01163,46,5.63,258.98,Retail,Insurance,RX-9810,EMP039,0,Yes
S07281,3/6/2022,P01354,38,52.37,1990.06,Online,Insurance,,EMP029,0,Yes
S07282,8/13/2023,P00559,43,195.29,8397.47,Online,Cash,,EMP028,0,No
S07283,5/4/2022,P00256,28,148.85,4167.8,Hospital,Cash,,EMP031,0,No
S07284,9/25/2023,P00223,30,103.7,3111,Clinic,Cash,,EMP031,0,No
S07285,3/11/2022,P00362,31,11.56,358.36,Wholesale,Cash,,EMP007,0,No
S07286,3/9/2022,P00861,75,56.73,4254.75,Clinic,Insurance,,EMP024,0,Yes
S07287,1/18/2023,P01043,1,110.54,110.54,Wholesale,Credit Card,,EMP044,0,No
S07288,2/27/2023,P01165,22,78.72,1731.84,Clinic,Insurance,,EMP016,0,Yes
S07289,9/11/2023,P01999,99,91.85,9093.15,Hospital,Insurance,,EMP004,0,Yes
S07290,2/28/2023,P01152,5,8.24,41.2,Clinic,Credit Card,,EMP025,0,No
S07291,12/16/2022,P00780,19,37.81,718.39,Retail,Credit Card,,EMP015,0,No
S07292,7/6/2022,P01189,43,12.1,520.3,Online,Debit Card,,EMP042,0,No
S07293,9/11/2022,P00129,14,140.18,1962.52,Online,Cash,,EMP012,0,No
S07294,9/20/2022,P00441,91,175.59,15978.69,Hospital,Credit Card,,EMP043,0,No
S07295,12/7/2023,P00847,29,78.12,2265.48,Clinic,Credit Card,,EMP011,12.9,No
S07296,9/14/2022,P01324,76,72.66,5522.16,Online,Debit Card,,EMP048,0,No
S07297,7/6/2022,P01100,95,35.02,3326.9,Online,Debit Card,,EMP009,0,No
S07298,10/4/2023,P00677,88,76.46,6728.48,Online,Insurance,,EMP032,0,Yes
S07299,2/28/2022,P00737,43,28.52,1226.36,Online,Cash,,EMP038,0,No
S07300,4/26/2022,P00388,51,21.6,1101.6,Online,Cash,,EMP008,0,No
S07301,8/23/2023,P00734,65,85.58,5562.7,Retail,Credit Card,RX-6626,EMP028,0,No
S07302,2/25/2022,P00759,41,26.89,1102.49,Hospital,Credit Card,,EMP004,0,No
S07303,4/13/2023,P01627,48,41.45,1989.6,Wholesale,Debit Card,,EMP027,17.78,No
S07304,6/26/2023,P01144,28,120.32,3368.96,Online,Credit Card,,EMP041,9.87,No
S07305,12/20/2023,P00831,36,14.26,513.36,Retail,Insurance,,EMP033,9.67,Yes
S07306,3/9/2022,P00155,61,91.72,5594.92,Hospital,Insurance,,EMP038,0,Yes
S07307,5/31/2022,P00677,65,76.46,4969.9,Online,Credit Card,,EMP034,11.38,No
S07308,12/13/2022,P01932,54,79.07,4269.78,Hospital,Credit Card,,EMP003,0,No
S07309,11/8/2023,P00542,34,102.91,3498.94,Online,Cash,,EMP015,0,No
S07310,6/11/2023,P01297,98,94.81,9291.38,Clinic,Debit Card,,EMP031,0,No
S07311,1/27/2022,P01868,12,202.97,2435.64,Wholesale,Credit Card,,EMP018,0,No
S07312,6/4/2022,P01812,36,61.84,2226.24,Retail,Debit Card,,EMP016,11.2,No
S07313,3/27/2022,P01402,17,123.72,2103.24,Clinic,Cash,,EMP046,0,No
S07314,11/7/2022,P01928,72,135.95,9788.4,Online,Debit Card,,EMP047,14.29,No
S07315,10/15/2023,P00575,83,60.33,5007.39,Online,Credit Card,,EMP018,0,No
S07316,1/19/2022,P01523,31,20.69,641.39,Wholesale,Cash,,EMP029,0,No
S07317,7/8/2023,P00260,44,61.06,2686.64,Clinic,Debit Card,,EMP034,0,No
S07318,11/30/2023,P01807,36,54.42,1959.12,Wholesale,Debit Card,,EMP032,0,No
S07319,11/28/2023,P00962,25,44.75,1118.75,Clinic,Debit Card,,EMP038,0,No
S07320,10/24/2023,P00747,73,63.07,4604.11,Online,Debit Card,,EMP024,0,No
S07321,12/10/2023,P01931,60,47.12,2827.2,Hospital,Debit Card,,EMP026,0,No
S07322,12/25/2022,P01799,99,100.14,9913.86,Clinic,Debit Card,,EMP026,0,No
S07323,5/17/2022,P01222,7,65.4,457.8,Retail,Insurance,RX-2566,EMP038,0,Yes
S07324,9/2/2022,P00902,90,26.47,2382.3,Retail,Cash,RX-4178,EMP028,15.54,No
S07325,8/8/2022,P01350,26,91.57,2380.82,Online,Credit Card,,EMP011,0,No
S07326,1/28/2022,P01578,81,60.62,4910.22,Retail,Credit Card,RX-2993,EMP015,0,No
S07327,5/9/2022,P00652,45,28.34,1275.3,Retail,Credit Card,RX-1767,EMP038,0,No
S07328,4/2/2022,P01520,20,10.44,208.8,Online,Credit Card,,EMP031,0,No
S07329,7/19/2022,P01681,60,93.29,5597.4,Clinic,Cash,,EMP021,18.61,No
S07330,8/9/2022,P00263,33,144.44,4766.52,Clinic,Debit Card,,EMP004,0,No
S07331,4/2/2022,P01509,9,106.98,962.82,Online,Insurance,,EMP029,0,Yes
S07332,4/29/2023,P01697,77,101.32,7801.64,Wholesale,Credit Card,,EMP028,5.97,No
S07333,2/12/2023,P00190,36,153.09,5511.24,Wholesale,Insurance,,EMP006,7.94,Yes
S07334,7/31/2023,P00783,21,169.78,3565.38,Retail,Debit Card,RX-5861,EMP039,0,No
S07335,2/11/2023,P00250,42,79.59,3342.78,Hospital,Insurance,,EMP037,0,Yes
S07336,4/5/2023,P01219,49,39.41,1931.09,Hospital,Debit Card,,EMP038,11.45,No
S07337,5/25/2023,P00142,71,26.3,1867.3,Wholesale,Insurance,,EMP027,8.6,Yes
S07338,10/17/2023,P01646,32,42.03,1344.96,Online,Insurance,,EMP044,0,Yes
S07339,8/21/2022,P01077,92,189.28,17413.76,Wholesale,Cash,,EMP011,0,No
S07340,10/16/2023,P01200,48,78.54,3769.92,Retail,Cash,,EMP032,0,No
S07341,5/8/2023,P00812,69,74.37,5131.53,Retail,Cash,,EMP011,0,No
S07342,5/9/2022,P00365,54,169.15,9134.1,Wholesale,Debit Card,,EMP012,0,No
S07343,5/17/2022,P01677,60,15.91,954.6,Hospital,Cash,,EMP035,13.21,No
S07344,1/10/2023,P00960,77,115.62,8902.74,Hospital,Debit Card,,EMP023,0,No
S07345,4/21/2023,P01015,19,106.13,2016.47,Online,Insurance,,EMP011,0,Yes
S07346,12/15/2023,P01499,26,6.93,180.18,Retail,Debit Card,,EMP024,0,No
S07347,4/23/2022,P00066,13,74.9,973.7,Retail,Credit Card,RX-1661,EMP019,4.82,No
S07348,6/1/2022,P01419,1,47.73,47.73,Online,Debit Card,,EMP002,0,No
S07349,8/30/2022,P01218,6,209.08,1254.48,Hospital,Insurance,,EMP017,11.04,Yes
S07350,9/19/2023,P00725,17,106.62,1812.54,Clinic,Credit Card,,EMP046,2.67,No
S07351,9/22/2023,P00595,63,134.78,8491.14,Online,Cash,,EMP036,0,No
S07352,6/12/2023,P01236,41,85.51,3505.91,Wholesale,Insurance,,EMP009,3.96,Yes
S07353,2/3/2023,P01297,89,94.81,8438.09,Retail,Cash,,EMP001,0,No
S07354,12/23/2022,P01071,23,88.46,2034.58,Wholesale,Insurance,,EMP009,4.83,Yes
S07355,4/30/2022,P00526,8,97.95,783.6,Retail,Cash,,EMP013,0,No
S07356,4/22/2022,P01531,66,112.27,7409.82,Hospital,Insurance,,EMP036,15.61,Yes
S07357,11/1/2022,P01671,13,97.83,1271.79,Clinic,Insurance,,EMP001,17.79,Yes
S07358,2/2/2022,P01586,51,98.27,5011.77,Wholesale,Credit Card,,EMP014,6.41,No
S07359,6/28/2023,P01576,63,77.27,4868.01,Retail,Debit Card,RX-4425,EMP019,0,No
S07360,4/14/2022,P00870,12,70.31,843.72,Wholesale,Cash,,EMP038,18.92,No
S07361,10/10/2022,P00400,81,80.31,6505.11,Online,Credit Card,,EMP036,0,No
S07362,7/6/2023,P01632,94,99.61,9363.34,Clinic,Insurance,,EMP026,6.03,Yes
S07363,7/25/2022,P01449,47,118.74,5580.78,Online,Credit Card,,EMP006,0,No
S07364,6/4/2022,P01115,34,148.78,5058.52,Clinic,Credit Card,,EMP022,0,No
S07365,8/18/2023,P01133,2,52.45,104.9,Hospital,Debit Card,,EMP042,0,No
S07366,2/11/2022,P00988,23,101.07,2324.61,Online,Cash,,EMP011,0,No
S07367,1/1/2023,P01684,74,64.35,4761.9,Hospital,Insurance,,EMP014,3.48,Yes
S07368,9/12/2022,P01075,76,67.16,5104.16,Clinic,Cash,,EMP002,0,No
S07369,1/13/2022,P00270,80,39.89,3191.2,Retail,Credit Card,RX-8937,EMP034,18.67,No
S07370,2/1/2022,P00154,74,31.8,2353.2,Retail,Debit Card,,EMP025,0,No
S07371,12/24/2023,P00903,68,159.48,10844.64,Hospital,Cash,,EMP016,0,No
S07372,1/30/2022,P01972,6,76.2,457.2,Online,Cash,,EMP016,18.84,No
S07373,9/18/2022,P01249,98,105,10290,Online,Cash,,EMP009,0,No
S07374,10/10/2022,P00701,46,71.05,3268.3,Hospital,Insurance,,EMP019,14.15,Yes
S07375,3/3/2023,P00882,23,42.21,970.83,Online,Debit Card,,EMP003,0,No
S07376,12/27/2023,P00397,85,5.05,429.25,Clinic,Credit Card,,EMP020,5.87,No
S07377,9/20/2023,P01291,82,35.34,2897.88,Wholesale,Debit Card,,EMP036,6.5,No
S07378,2/23/2023,P01964,81,31.78,2574.18,Clinic,Insurance,,EMP019,0,Yes
S07379,12/10/2023,P00845,97,62.61,6073.17,Clinic,Debit Card,,EMP010,0,No
S07380,5/30/2023,P01790,17,46.86,796.62,Hospital,Insurance,,EMP021,0,Yes
S07381,9/12/2022,P01873,37,35.57,1316.09,Hospital,Credit Card,,EMP026,0,No
S07382,9/22/2023,P00936,90,70.77,6369.3,Online,Cash,,EMP019,18.02,No
S07383,8/5/2022,P00013,66,48.32,3189.12,Clinic,Credit Card,,EMP005,0,No
S07384,3/20/2022,P01339,79,70.94,5604.26,Online,Insurance,,EMP002,0,Yes
S07385,6/22/2023,P01316,84,51.13,4294.92,Wholesale,Debit Card,,EMP008,0,No
S07386,8/31/2023,P01368,47,103.01,4841.47,Online,Insurance,,EMP037,16.7,Yes
S07387,11/4/2022,P00039,44,45.91,2020.04,Clinic,Credit Card,,EMP007,0,No
S07388,12/27/2022,P01560,5,99.33,496.65,Retail,Cash,RX-6442,EMP013,0,No
S07389,11/20/2023,P01431,28,14.7,411.6,Clinic,Debit Card,,EMP018,0,No
S07390,12/5/2023,P00427,10,77.02,770.2,Retail,Insurance,RX-1643,EMP044,0,Yes
S07391,2/26/2022,P00284,13,23.35,303.55,Clinic,Debit Card,,EMP014,0,No
S07392,11/23/2023,P00916,91,62,5642,Online,Credit Card,,EMP023,0,No
S07393,3/17/2022,P01702,84,132.01,11088.84,Retail,Cash,RX-3131,EMP014,0,No
S07394,4/20/2022,P01346,45,6.23,280.35,Online,Insurance,,EMP028,17.16,Yes
S07395,3/11/2023,P00900,63,224.83,14164.29,Clinic,Credit Card,,EMP011,0,No
S07396,12/8/2022,P00878,78,102.66,8007.48,Retail,Insurance,,EMP016,0,Yes
S07397,9/16/2023,P00925,58,86.06,4991.48,Online,Cash,,EMP040,10.46,No
S07398,5/26/2023,P01053,6,147.93,887.58,Retail,Insurance,RX-7844,EMP039,0,Yes
S07399,11/1/2023,P01477,30,202.22,6066.6,Retail,Debit Card,,EMP043,0,No
S07400,6/29/2023,P00845,95,62.61,5947.95,Clinic,Insurance,,EMP019,0,Yes
S07401,8/19/2022,P01660,60,228.02,13681.2,Wholesale,Debit Card,,EMP026,0,No
S07402,5/20/2022,P01144,35,120.32,4211.2,Clinic,Cash,,EMP040,0,No
S07403,11/26/2023,P01255,40,3.16,126.4,Wholesale,Insurance,,EMP043,0,Yes
S07404,8/2/2023,P00164,96,123.06,11813.76,Clinic,Credit Card,,EMP037,0,No
S07405,12/15/2023,P00500,84,47.48,3988.32,Clinic,Credit Card,,EMP025,0,No
S07406,5/23/2022,P00611,1,176.35,176.35,Online,Debit Card,,EMP003,0,No
S07407,6/22/2023,P01606,70,33.38,2336.6,Hospital,Insurance,,EMP021,8.64,Yes
S07408,5/4/2022,P01194,50,79.6,3980,Clinic,Insurance,,EMP024,0,Yes
S07409,3/3/2023,P01974,26,96.92,2519.92,Retail,Credit Card,RX-8832,EMP009,18.51,No
S07410,8/10/2023,P00250,64,79.59,5093.76,Hospital,Credit Card,,EMP049,0,No
S07411,11/7/2022,P01923,62,116.05,7195.1,Online,Credit Card,,EMP021,19.93,No
S07412,9/29/2023,P01470,4,142.51,570.04,Online,Insurance,,EMP022,0,Yes
S07413,3/11/2023,P00973,53,162.65,8620.45,Clinic,Credit Card,,EMP006,9.92,No
S07414,11/28/2023,P00044,8,105.96,847.68,Online,Insurance,,EMP024,0,Yes
S07415,1/3/2023,P01943,59,79.55,4693.45,Wholesale,Debit Card,,EMP021,0,No
S07416,8/26/2023,P00307,64,138.84,8885.76,Online,Cash,,EMP012,16.68,No
S07417,6/7/2023,P00175,3,69.34,208.02,Wholesale,Cash,,EMP038,0,No
S07418,8/30/2022,P00082,66,190.5,12573,Retail,Debit Card,RX-9585,EMP026,0,No
S07419,1/13/2022,P01602,59,35.79,2111.61,Hospital,Debit Card,,EMP016,0,No
S07420,6/9/2022,P00273,38,8.06,306.28,Online,Cash,,EMP017,0,No
S07421,4/10/2022,P01946,83,239.52,19880.16,Clinic,Debit Card,,EMP030,0,No
S07422,6/3/2023,P00019,35,87.26,3054.1,Retail,Debit Card,,EMP014,0,No
S07423,5/2/2022,P00170,21,215.87,4533.27,Online,Debit Card,,EMP022,0,No
S07424,12/30/2023,P01620,42,49.07,2060.94,Clinic,Insurance,,EMP017,0,Yes
S07425,1/1/2023,P00244,61,59.75,3644.75,Retail,Credit Card,,EMP027,0,No
S07426,2/26/2023,P01903,22,57.06,1255.32,Online,Cash,,EMP006,8.56,No
S07427,9/24/2022,P01784,95,96.96,9211.2,Retail,Insurance,RX-7917,EMP028,6.72,Yes
S07428,6/8/2022,P00991,13,57.34,745.42,Online,Credit Card,,EMP002,0,No
S07429,5/1/2023,P00711,12,213.93,2567.16,Wholesale,Cash,,EMP026,15.29,No
S07430,9/11/2023,P01991,94,85.03,7992.82,Wholesale,Credit Card,,EMP033,0,No
S07431,1/20/2022,P00528,5,95.51,477.55,Clinic,Insurance,,EMP020,0,Yes
S07432,4/7/2023,P00159,65,224.93,14620.45,Hospital,Debit Card,,EMP043,0,No
S07433,2/24/2022,P01540,84,84.32,7082.88,Hospital,Insurance,,EMP005,0,Yes
S07434,5/12/2022,P01318,39,124.11,4840.29,Online,Cash,,EMP008,16.76,No
S07435,5/30/2022,P01428,40,78.09,3123.6,Wholesale,Cash,,EMP010,0,No
S07436,4/8/2022,P00893,95,114.65,10891.75,Clinic,Credit Card,,EMP037,0,No
S07437,7/23/2022,P00739,73,37.53,2739.69,Retail,Insurance,,EMP040,0,Yes
S07438,12/8/2023,P00327,27,118.45,3198.15,Hospital,Credit Card,,EMP046,0,No
S07439,10/12/2023,P01977,7,220.12,1540.84,Hospital,Credit Card,,EMP049,0,No
S07440,11/7/2022,P01089,15,44.17,662.55,Wholesale,Cash,,EMP014,0,No
S07441,2/25/2023,P00001,48,74.86,3593.28,Wholesale,Cash,,EMP034,0,No
S07442,12/4/2022,P00606,34,92.02,3128.68,Retail,Credit Card,RX-1328,EMP005,6.65,No
S07443,1/20/2022,P01573,57,60.23,3433.11,Online,Insurance,,EMP017,16.51,Yes
S07444,4/18/2022,P00727,25,63.78,1594.5,Retail,Cash,RX-8529,EMP039,2.28,No
S07445,9/16/2023,P01448,56,159.1,8909.6,Wholesale,Cash,,EMP033,0,No
S07446,3/1/2023,P00753,50,108.78,5439,Retail,Insurance,RX-4741,EMP014,8.85,Yes
S07447,2/1/2022,P00627,24,59.07,1417.68,Hospital,Credit Card,,EMP024,0,No
S07448,12/16/2023,P00837,28,12.74,356.72,Clinic,Credit Card,,EMP029,11.41,No
S07449,11/17/2022,P01043,72,110.54,7958.88,Hospital,Credit Card,,EMP040,0,No
S07450,6/24/2023,P00879,83,38.55,3199.65,Hospital,Cash,,EMP026,0,No
S07451,12/8/2023,P01366,35,148.97,5213.95,Retail,Insurance,RX-2336,EMP001,0,Yes
S07452,8/12/2022,P00205,83,33.17,2753.11,Hospital,Cash,,EMP019,0,No
S07453,6/27/2022,P01712,48,71.24,3419.52,Clinic,Credit Card,,EMP048,0,No
S07454,3/3/2022,P00924,86,42.32,3639.52,Hospital,Cash,,EMP018,14.61,No
S07455,3/4/2023,P00863,78,109.73,8558.94,Online,Debit Card,,EMP008,0,No
S07456,6/24/2023,P00796,58,51.89,3009.62,Hospital,Cash,,EMP016,0,No
S07457,3/20/2023,P00561,10,159.81,1598.1,Online,Credit Card,,EMP026,10.48,No
S07458,5/15/2022,P01737,33,9.45,311.85,Online,Debit Card,,EMP007,11.87,No
S07459,6/27/2022,P01857,29,37.85,1097.65,Clinic,Cash,,EMP021,0,No
S07460,6/16/2022,P01962,34,54.67,1858.78,Hospital,Credit Card,,EMP046,6.61,No
S07461,11/28/2022,P00354,8,135.51,1084.08,Retail,Credit Card,,EMP014,0,No
S07462,4/9/2023,P00549,13,237.28,3084.64,Hospital,Credit Card,,EMP036,19.64,No
S07463,4/21/2022,P01461,53,7.71,408.63,Online,Debit Card,,EMP017,0,No
S07464,12/22/2023,P00120,59,44.48,2624.32,Hospital,Credit Card,,EMP007,0,No
S07465,3/9/2023,P00954,72,9.13,657.36,Clinic,Cash,,EMP036,0,No
S07466,8/5/2022,P00153,98,101.44,9941.12,Clinic,Insurance,,EMP017,0,Yes
S07467,8/28/2022,P01591,93,19.37,1801.41,Online,Cash,,EMP040,0,No
S07468,9/20/2022,P01382,10,150.79,1507.9,Hospital,Debit Card,,EMP046,0,No
S07469,9/1/2023,P01000,31,15.56,482.36,Retail,Credit Card,RX-1574,EMP046,0,No
S07470,2/27/2022,P00287,79,148.66,11744.14,Hospital,Debit Card,,EMP026,7.39,No
S07471,9/14/2022,P01853,4,64.82,259.28,Online,Cash,,EMP041,0,No
S07472,9/4/2023,P01187,84,111.29,9348.36,Wholesale,Insurance,,EMP037,0,Yes
S07473,8/3/2023,P01945,18,210.44,3787.92,Wholesale,Insurance,,EMP020,0,Yes
S07474,3/13/2022,P01100,52,35.02,1821.04,Online,Credit Card,,EMP022,0,No
S07475,10/30/2022,P01875,7,202.36,1416.52,Wholesale,Insurance,,EMP030,14.72,Yes
S07476,3/7/2023,P00491,69,63.87,4407.03,Retail,Cash,RX-1325,EMP048,0,No
S07477,10/18/2022,P00394,48,50.26,2412.48,Clinic,Insurance,,EMP037,0,Yes
S07478,4/7/2023,P01585,55,45.11,2481.05,Wholesale,Credit Card,,EMP047,0,No
S07479,12/14/2023,P01480,23,33.9,779.7,Hospital,Insurance,,EMP015,1.11,Yes
S07480,1/16/2023,P01057,49,63.47,3110.03,Online,Debit Card,,EMP004,18.01,No
S07481,10/21/2023,P01429,4,35.36,141.44,Hospital,Debit Card,,EMP043,10.69,No
S07482,2/24/2023,P00083,45,137.93,6206.85,Wholesale,Cash,,EMP019,0,No
S07483,4/11/2022,P00786,12,149,1788,Hospital,Credit Card,,EMP012,0,No
S07484,1/28/2023,P01229,92,86.72,7978.24,Clinic,Cash,,EMP004,0,No
S07485,8/31/2023,P01799,79,100.14,7911.06,Hospital,Cash,,EMP037,18.76,No
S07486,9/26/2022,P00697,43,159.08,6840.44,Clinic,Insurance,,EMP031,0,Yes
S07487,11/20/2023,P01733,55,59.07,3248.85,Wholesale,Insurance,,EMP048,10.77,Yes
S07488,7/15/2023,P01309,36,48.05,1729.8,Online,Credit Card,,EMP020,0,No
S07489,10/10/2022,P00689,35,23.19,811.65,Online,Insurance,,EMP030,0,Yes
S07490,12/4/2023,P01048,6,14.25,85.5,Wholesale,Insurance,,EMP013,0,Yes
S07491,9/11/2023,P01700,63,90.33,5690.79,Online,Debit Card,,EMP005,6.93,No
S07492,9/12/2023,P01211,75,3.27,245.25,Retail,Cash,RX-2961,EMP005,0,No
S07493,3/21/2023,P00926,67,217.4,14565.8,Retail,Credit Card,RX-6093,EMP020,16.58,No
S07494,4/1/2022,P01480,40,33.9,1356,Wholesale,Debit Card,,EMP035,0,No
S07495,11/2/2023,P01548,7,86.73,607.11,Online,Debit Card,,EMP007,0,No
S07496,10/14/2023,P00870,90,70.31,6327.9,Hospital,Credit Card,,EMP037,0,No
S07497,8/31/2022,P00224,28,142.94,4002.32,Hospital,Cash,,EMP019,13.22,No
S07498,1/21/2023,P00302,51,179.87,9173.37,Online,Insurance,,EMP036,0,Yes
S07499,11/12/2022,P00350,26,107.49,2794.74,Hospital,Insurance,,EMP005,0,Yes
S07500,10/13/2022,P01571,24,157.27,3774.48,Wholesale,Cash,,EMP042,2.06,No
S07501,11/23/2022,P01806,37,89.74,3320.38,Hospital,Credit Card,,EMP004,0,No
S07502,7/4/2023,P00839,23,111.45,2563.35,Clinic,Debit Card,,EMP042,0,No
S07503,11/13/2022,P01567,27,31.37,846.99,Clinic,Insurance,,EMP028,0,Yes
S07504,2/27/2023,P01208,22,23.52,517.44,Wholesale,Insurance,,EMP002,0,Yes
S07505,3/7/2022,P01821,60,55.28,3316.8,Online,Cash,,EMP049,6.96,No
S07506,8/9/2023,P00818,16,63.65,1018.4,Wholesale,Cash,,EMP049,13.4,No
S07507,8/8/2023,P00265,56,80.01,4480.56,Wholesale,Credit Card,,EMP021,0,No
S07508,4/28/2023,P00875,85,156.59,13310.15,Online,Debit Card,,EMP032,0,No
S07509,11/18/2023,P00758,65,124.22,8074.3,Wholesale,Insurance,,EMP040,0,Yes
S07510,4/12/2023,P01980,14,78.37,1097.18,Wholesale,Insurance,,EMP023,0,Yes
S07511,6/10/2023,P01387,45,92.55,4164.75,Clinic,Credit Card,,EMP045,0,No
S07512,8/17/2023,P00723,99,58.56,5797.44,Wholesale,Debit Card,,EMP001,0,No
S07513,8/1/2023,P01712,20,71.24,1424.8,Clinic,Credit Card,,EMP030,0,No
S07514,1/9/2022,P01282,8,121.9,975.2,Retail,Debit Card,RX-9277,EMP003,0,No
S07515,5/26/2022,P00682,56,168.41,9430.96,Online,Cash,,EMP046,0,No
S07516,9/18/2022,P01987,30,92.34,2770.2,Clinic,Insurance,,EMP008,0,Yes
S07517,1/3/2022,P00999,18,46.64,839.52,Clinic,Cash,,EMP008,0,No
S07518,1/17/2022,P00580,83,198.83,16502.89,Retail,Debit Card,,EMP015,0,No
S07519,1/21/2023,P01732,48,109.7,5265.6,Clinic,Insurance,,EMP044,2.78,Yes
S07520,6/8/2022,P00474,80,152.02,12161.6,Online,Cash,,EMP010,0,No
S07521,7/24/2023,P00854,87,115.77,10071.99,Clinic,Insurance,,EMP036,10.26,Yes
S07522,10/30/2023,P00370,74,25.19,1864.06,Retail,Insurance,RX-3096,EMP010,0,Yes
S07523,10/25/2023,P00880,86,75.81,6519.66,Wholesale,Insurance,,EMP042,0,Yes
S07524,11/30/2023,P01444,6,41.54,249.24,Wholesale,Cash,,EMP004,0,No
S07525,5/26/2023,P00039,37,45.91,1698.67,Hospital,Insurance,,EMP037,0,Yes
S07526,8/6/2022,P01174,25,91.36,2284,Clinic,Cash,,EMP022,0,No
S07527,10/5/2023,P00651,42,74.05,3110.1,Online,Credit Card,,EMP042,0,No
S07528,2/8/2022,P00146,51,158.76,8096.76,Retail,Insurance,RX-9993,EMP004,0,Yes
S07529,11/14/2023,P01063,90,168.85,15196.5,Hospital,Credit Card,,EMP023,0,No
S07530,1/3/2023,P00631,70,14.15,990.5,Wholesale,Cash,,EMP042,0,No
S07531,4/8/2022,P00674,6,102.63,615.78,Clinic,Credit Card,,EMP034,0,No
S07532,7/23/2022,P01834,28,135.5,3794,Wholesale,Credit Card,,EMP027,16.14,No
S07533,3/9/2023,P00513,50,94.49,4724.5,Online,Insurance,,EMP008,0,Yes
S07534,7/29/2022,P00435,66,8.59,566.94,Retail,Cash,,EMP029,0,No
S07535,3/22/2023,P00105,51,204.12,10410.12,Hospital,Debit Card,,EMP026,7.82,No
S07536,5/14/2023,P00290,73,21.96,1603.08,Retail,Insurance,RX-6596,EMP038,0,Yes
S07537,7/13/2023,P01695,49,187.28,9176.72,Hospital,Cash,,EMP047,7.3,No
S07538,10/19/2022,P01914,79,190.7,15065.3,Clinic,Credit Card,,EMP049,5.1,No
S07539,10/23/2022,P00467,23,100.36,2308.28,Online,Insurance,,EMP030,12.68,Yes
S07540,10/30/2022,P00691,88,183.27,16127.76,Wholesale,Cash,,EMP004,0,No
S07541,1/5/2023,P01465,69,146.11,10081.59,Wholesale,Insurance,,EMP005,10.34,Yes
S07542,5/8/2022,P01865,67,186.44,12491.48,Clinic,Cash,,EMP037,0,No
S07543,5/3/2022,P00468,76,80.59,6124.84,Retail,Debit Card,,EMP028,0,No
S07544,6/17/2022,P01921,18,141.59,2548.62,Retail,Insurance,,EMP026,0,Yes
S07545,12/11/2022,P01947,94,44.86,4216.84,Retail,Insurance,RX-5748,EMP046,0,Yes
S07546,4/11/2023,P01609,84,98.75,8295,Online,Cash,,EMP017,0,No
S07547,11/18/2022,P01071,45,88.46,3980.7,Hospital,Credit Card,,EMP016,0,No
S07548,6/26/2023,P01630,58,17.3,1003.4,Online,Cash,,EMP028,0,No
S07549,7/12/2023,P00095,81,57.47,4655.07,Clinic,Cash,,EMP032,14.12,No
S07550,7/19/2023,P01721,70,117.08,8195.6,Retail,Insurance,RX-5112,EMP021,0,Yes
S07551,9/3/2023,P00246,30,53.76,1612.8,Hospital,Cash,,EMP014,16.87,No
S07552,9/14/2023,P00472,65,192.48,12511.2,Hospital,Credit Card,,EMP006,0,No
S07553,4/19/2023,P00510,58,69.11,4008.38,Wholesale,Cash,,EMP012,10.13,No
S07554,9/8/2022,P01609,26,98.75,2567.5,Online,Insurance,,EMP032,0,Yes
S07555,2/7/2023,P01704,4,74.97,299.88,Wholesale,Insurance,,EMP029,10.09,Yes
S07556,2/21/2023,P01532,84,225.38,18931.92,Online,Cash,,EMP022,0,No
S07557,5/26/2023,P01975,15,29.19,437.85,Hospital,Credit Card,,EMP011,0,No
S07558,2/8/2022,P00473,77,88.06,6780.62,Retail,Credit Card,RX-3009,EMP014,0,No
S07559,5/17/2022,P00880,52,75.81,3942.12,Retail,Cash,RX-7949,EMP015,0,No
S07560,8/8/2023,P01882,59,26.71,1575.89,Online,Insurance,,EMP010,0,Yes
S07561,5/28/2023,P00223,84,103.7,8710.8,Hospital,Debit Card,,EMP024,1.24,No
S07562,3/11/2022,P00736,57,181.57,10349.49,Online,Credit Card,,EMP016,0,No
S07563,11/4/2023,P01564,83,114.36,9491.88,Clinic,Credit Card,,EMP029,0,No
S07564,3/13/2022,P01694,14,149.66,2095.24,Retail,Credit Card,RX-5123,EMP044,0,No
S07565,2/27/2022,P01564,29,114.36,3316.44,Online,Credit Card,,EMP021,13.2,No
S07566,11/12/2023,P00541,7,204.8,1433.6,Online,Credit Card,,EMP049,10.23,No
S07567,12/23/2022,P01997,32,13.26,424.32,Wholesale,Insurance,,EMP039,19.86,Yes
S07568,2/24/2023,P00077,98,143.33,14046.34,Wholesale,Credit Card,,EMP015,0,No
S07569,7/26/2023,P01524,73,89.66,6545.18,Online,Cash,,EMP034,0,No
S07570,11/3/2022,P01471,94,158.03,14854.82,Clinic,Debit Card,,EMP024,0,No
S07571,12/18/2023,P00893,14,114.65,1605.1,Online,Cash,,EMP042,0,No
S07572,7/27/2022,P00758,66,124.22,8198.52,Hospital,Insurance,,EMP023,0,Yes
S07573,2/7/2023,P01270,43,28.65,1231.95,Retail,Cash,RX-7812,EMP031,0,No
S07574,9/23/2022,P00886,71,133.02,9444.42,Hospital,Debit Card,,EMP049,0,No
S07575,6/2/2023,P01592,36,83.63,3010.68,Hospital,Credit Card,,EMP037,0,No
S07576,9/3/2022,P00074,94,71.82,6751.08,Retail,Insurance,RX-5195,EMP032,0,Yes
S07577,12/12/2022,P00130,93,16.02,1489.86,Wholesale,Debit Card,,EMP048,0,No
S07578,5/27/2022,P00714,96,38.88,3732.48,Wholesale,Debit Card,,EMP036,0,No
S07579,3/4/2023,P01840,96,113.98,10942.08,Hospital,Cash,,EMP018,0,No
S07580,9/18/2023,P01499,58,6.93,401.94,Online,Insurance,,EMP022,0,Yes
S07581,12/7/2023,P01811,78,54.92,4283.76,Hospital,Debit Card,,EMP035,0.21,No
S07582,2/2/2022,P01820,55,48.47,2665.85,Hospital,Cash,,EMP017,0,No
S07583,12/24/2022,P01466,68,134.77,9164.36,Wholesale,Debit Card,,EMP004,0,No
S07584,6/3/2022,P01525,17,56.07,953.19,Clinic,Credit Card,,EMP049,0,No
S07585,5/7/2023,P00528,13,95.51,1241.63,Hospital,Cash,,EMP001,0,No
S07586,1/23/2023,P00915,83,4.35,361.05,Wholesale,Debit Card,,EMP007,9.7,No
S07587,7/9/2023,P01490,83,175.76,14588.08,Hospital,Debit Card,,EMP013,0,No
S07588,6/18/2022,P00382,24,36.37,872.88,Online,Cash,,EMP006,0,No
S07589,10/10/2022,P01348,67,18.24,1222.08,Retail,Insurance,,EMP033,13.93,Yes
S07590,5/4/2022,P00941,88,156.79,13797.52,Clinic,Debit Card,,EMP026,0,No
S07591,8/14/2022,P00295,3,161.63,484.89,Wholesale,Cash,,EMP015,19.05,No
S07592,8/19/2022,P00945,10,90.41,904.1,Wholesale,Debit Card,,EMP033,0,No
S07593,2/2/2023,P01162,20,93.42,1868.4,Online,Credit Card,,EMP017,14.74,No
S07594,5/28/2022,P01877,16,65.61,1049.76,Retail,Insurance,RX-2312,EMP002,0,Yes
S07595,9/15/2023,P01393,58,33.65,1951.7,Clinic,Cash,,EMP027,0,No
S07596,3/21/2023,P01546,97,54.05,5242.85,Retail,Cash,RX-3451,EMP023,0,No
S07597,3/6/2023,P00638,8,24.83,198.64,Wholesale,Insurance,,EMP016,0,Yes
S07598,10/25/2022,P00733,88,75.12,6610.56,Retail,Credit Card,,EMP044,0,No
S07599,8/18/2022,P00762,41,166.8,6838.8,Retail,Cash,,EMP049,0,No
S07600,3/22/2023,P01360,75,49.16,3687,Wholesale,Debit Card,,EMP001,0,No
S07601,3/1/2022,P01196,9,137.27,1235.43,Retail,Debit Card,,EMP007,7.4,No
S07602,12/31/2023,P00880,90,75.81,6822.9,Clinic,Credit Card,,EMP031,0,No
S07603,2/22/2023,P01726,74,8.04,594.96,Online,Debit Card,,EMP047,15.43,No
S07604,12/21/2022,P01461,59,7.71,454.89,Retail,Debit Card,RX-8709,EMP049,16.52,No
S07605,3/27/2022,P01132,71,26.65,1892.15,Clinic,Insurance,,EMP039,17.72,Yes
S07606,5/17/2022,P01289,9,102.22,919.98,Wholesale,Debit Card,,EMP029,0,No
S07607,5/3/2022,P01621,31,82.58,2559.98,Wholesale,Debit Card,,EMP016,0,No
S07608,1/15/2022,P00634,22,94.81,2085.82,Online,Credit Card,,EMP036,0,No
S07609,11/6/2023,P00041,30,14.29,428.7,Hospital,Debit Card,,EMP019,0,No
S07610,6/8/2023,P00229,64,32.11,2055.04,Retail,Insurance,RX-7518,EMP014,0,Yes
S07611,9/3/2022,P00838,40,67.41,2696.4,Retail,Debit Card,,EMP007,0,No
S07612,2/22/2022,P00478,5,90.24,451.2,Hospital,Credit Card,,EMP016,19.18,No
S07613,3/5/2023,P01794,65,56.02,3641.3,Hospital,Debit Card,,EMP032,1.6,No
S07614,1/30/2023,P00454,87,98.74,8590.38,Hospital,Insurance,,EMP022,0,Yes
S07615,12/12/2022,P00746,78,166.68,13001.04,Hospital,Insurance,,EMP014,0,Yes
S07616,6/23/2023,P00458,85,121.5,10327.5,Hospital,Credit Card,,EMP037,0,No
S07617,9/3/2023,P00454,54,98.74,5331.96,Hospital,Cash,,EMP036,0,No
S07618,5/22/2023,P01187,28,111.29,3116.12,Hospital,Debit Card,,EMP010,16.06,No
S07619,7/16/2023,P01176,6,15.62,93.72,Retail,Cash,RX-9770,EMP018,0,No
S07620,5/4/2022,P00341,82,66.55,5457.1,Wholesale,Cash,,EMP022,18.07,No
S07621,8/8/2023,P00948,16,53.01,848.16,Online,Cash,,EMP040,0,No
S07622,8/22/2022,P00424,4,78.75,315,Clinic,Insurance,,EMP013,17.34,Yes
S07623,4/10/2022,P01405,58,18.2,1055.6,Retail,Credit Card,RX-4734,EMP037,7.47,No
S07624,8/1/2022,P01811,95,54.92,5217.4,Hospital,Insurance,,EMP028,17.83,Yes
S07625,4/14/2022,P01637,30,126.11,3783.3,Clinic,Debit Card,,EMP030,11.16,No
S07626,12/6/2022,P00387,68,80.02,5441.36,Wholesale,Cash,,EMP023,0,No
S07627,3/26/2023,P00633,15,135.89,2038.35,Hospital,Debit Card,,EMP030,0,No
S07628,1/23/2023,P01554,68,3.9,265.2,Clinic,Credit Card,,EMP003,0,No
S07629,9/4/2023,P00062,49,90.24,4421.76,Online,Debit Card,,EMP013,0,No
S07630,5/12/2023,P01113,9,30.9,278.1,Hospital,Credit Card,,EMP038,0,No
S07631,4/2/2022,P01709,69,71.99,4967.31,Clinic,Debit Card,,EMP041,0,No
S07632,5/5/2023,P01013,65,220.38,14324.7,Wholesale,Cash,,EMP037,0,No
S07633,5/29/2022,P01022,55,28.66,1576.3,Retail,Debit Card,RX-5536,EMP038,0,No
S07634,7/11/2023,P01804,1,32.71,32.71,Clinic,Insurance,,EMP001,0,Yes
S07635,7/24/2023,P00540,38,147.35,5599.3,Wholesale,Insurance,,EMP022,0,Yes
S07636,4/24/2023,P01677,85,15.91,1352.35,Hospital,Cash,,EMP001,0,No
S07637,7/14/2022,P00960,17,115.62,1965.54,Online,Cash,,EMP013,0.87,No
S07638,7/20/2022,P00910,93,43.29,4025.97,Hospital,Credit Card,,EMP044,0,No
S07639,7/31/2023,P00623,13,61.26,796.38,Wholesale,Debit Card,,EMP007,0,No
S07640,11/16/2023,P01912,51,38.66,1971.66,Retail,Cash,RX-5853,EMP042,0,No
S07641,7/30/2023,P01996,91,66.02,6007.82,Retail,Insurance,,EMP004,0,Yes
S07642,12/24/2023,P01249,30,105,3150,Online,Cash,,EMP033,0,No
S07643,12/10/2022,P01218,91,209.08,19026.28,Online,Credit Card,,EMP048,8.33,No
S07644,5/17/2023,P01536,21,34.87,732.27,Wholesale,Cash,,EMP024,0,No
S07645,8/7/2022,P00337,91,11.25,1023.75,Retail,Insurance,RX-4681,EMP010,7.92,Yes
S07646,11/12/2023,P01288,93,131.47,12226.71,Retail,Debit Card,,EMP011,14.17,No
S07647,7/21/2022,P01669,26,34.2,889.2,Retail,Insurance,RX-2433,EMP028,0,Yes
S07648,10/18/2022,P00966,55,213.34,11733.7,Hospital,Insurance,,EMP039,0,Yes
S07649,11/24/2022,P00455,47,132.81,6242.07,Wholesale,Insurance,,EMP001,12.28,Yes
S07650,12/2/2023,P00136,85,106.48,9050.8,Online,Debit Card,,EMP005,0,No
S07651,2/22/2023,P00098,76,44.56,3386.56,Clinic,Insurance,,EMP007,0,Yes
S07652,5/11/2022,P00299,4,101.15,404.6,Online,Debit Card,,EMP018,0,No
S07653,9/20/2023,P01473,58,138.22,8016.76,Online,Debit Card,,EMP027,15.5,No
S07654,5/2/2022,P00872,74,105.3,7792.2,Online,Credit Card,,EMP028,1.02,No
S07655,12/29/2022,P00457,21,61.82,1298.22,Online,Cash,,EMP005,0,No
S07656,2/6/2023,P01448,17,159.1,2704.7,Hospital,Cash,,EMP044,0,No
S07657,11/3/2023,P00317,61,72.22,4405.42,Hospital,Insurance,,EMP044,0,Yes
S07658,2/18/2022,P01092,21,103.22,2167.62,Wholesale,Cash,,EMP027,0,No
S07659,7/24/2023,P00987,1,93.05,93.05,Online,Insurance,,EMP031,0,Yes
S07660,10/6/2023,P00410,79,181.82,14363.78,Clinic,Debit Card,,EMP018,0,No
S07661,6/26/2023,P00670,85,47.63,4048.55,Retail,Debit Card,,EMP030,0,No
S07662,2/18/2023,P00458,15,121.5,1822.5,Online,Cash,,EMP004,0,No
S07663,6/30/2023,P00119,66,222.49,14684.34,Retail,Insurance,RX-2702,EMP038,0,Yes
S07664,12/8/2023,P01499,77,6.93,533.61,Retail,Insurance,RX-6710,EMP040,9.23,Yes
S07665,12/30/2023,P01805,72,162.9,11728.8,Clinic,Insurance,,EMP038,11.92,Yes
S07666,1/3/2022,P00888,97,46.76,4535.72,Retail,Debit Card,RX-3471,EMP010,12.66,No
S07667,5/11/2022,P01899,41,128.93,5286.13,Clinic,Credit Card,,EMP035,0,No
S07668,11/13/2022,P00906,67,19.42,1301.14,Retail,Insurance,RX-4971,EMP020,0,Yes
S07669,3/11/2022,P00572,43,81.88,3520.84,Online,Insurance,,EMP018,0,Yes
S07670,12/13/2022,P00453,51,88.28,4502.28,Retail,Cash,RX-2585,EMP030,0,No
S07671,9/1/2022,P00720,4,102.25,409,Hospital,Credit Card,,EMP044,6.93,No
S07672,2/25/2023,P00595,13,134.78,1752.14,Retail,Cash,,EMP001,0,No
S07673,2/24/2023,P00486,24,154.74,3713.76,Retail,Insurance,RX-2511,EMP048,15.61,Yes
S07674,7/4/2023,P00706,51,75.21,3835.71,Online,Cash,,EMP009,0,No
S07675,6/22/2023,P01060,97,201.92,19586.24,Hospital,Insurance,,EMP049,0,Yes
S07676,5/17/2022,P00724,51,98,4998,Online,Debit Card,,EMP003,0,No
S07677,5/21/2023,P00035,19,30.6,581.4,Retail,Cash,RX-7042,EMP027,0,No
S07678,11/7/2023,P00629,26,117.24,3048.24,Online,Credit Card,,EMP034,0,No
S07679,12/3/2022,P00190,24,153.09,3674.16,Hospital,Cash,,EMP012,0,No
S07680,7/29/2022,P00407,95,26.2,2489,Clinic,Insurance,,EMP040,0,Yes
S07681,1/22/2023,P00707,27,66.04,1783.08,Wholesale,Credit Card,,EMP005,0,No
S07682,10/2/2023,P01807,55,54.42,2993.1,Retail,Debit Card,,EMP019,0,No
S07683,12/5/2022,P00289,47,239.58,11260.26,Online,Credit Card,,EMP034,0,No
S07684,6/2/2023,P00506,88,44.47,3913.36,Retail,Credit Card,,EMP041,14.35,No
S07685,10/9/2023,P00267,66,21.87,1443.42,Hospital,Insurance,,EMP018,0,Yes
S07686,2/25/2023,P01570,39,51.9,2024.1,Clinic,Cash,,EMP036,0,No
S07687,2/6/2022,P01660,87,228.02,19837.74,Hospital,Cash,,EMP027,0,No
S07688,2/1/2023,P00930,84,203.28,17075.52,Hospital,Credit Card,,EMP040,0,No
S07689,6/18/2023,P01661,54,43.48,2347.92,Online,Debit Card,,EMP004,0,No
S07690,9/14/2022,P00165,74,161.29,11935.46,Wholesale,Debit Card,,EMP035,0,No
S07691,4/4/2023,P00063,56,114.26,6398.56,Online,Cash,,EMP006,0,No
S07692,11/10/2023,P01399,90,36.73,3305.7,Online,Credit Card,,EMP004,0.26,No
S07693,1/2/2023,P00666,49,124.51,6100.99,Clinic,Insurance,,EMP007,7.27,Yes
S07694,4/4/2022,P00204,56,5.42,303.52,Retail,Debit Card,,EMP046,14.09,No
S07695,5/15/2023,P01786,50,134.87,6743.5,Clinic,Insurance,,EMP033,0,Yes
S07696,5/25/2022,P00361,98,118.03,11566.94,Wholesale,Cash,,EMP049,0,No
S07697,11/13/2023,P01523,23,20.69,475.87,Online,Credit Card,,EMP043,0,No
S07698,4/19/2022,P00767,36,13.06,470.16,Hospital,Debit Card,,EMP020,0,No
S07699,10/24/2022,P00207,67,187.1,12535.7,Online,Insurance,,EMP001,0,Yes
S07700,4/12/2023,P00699,55,179.3,9861.5,Clinic,Cash,,EMP024,0,No
S07701,9/18/2022,P00613,72,164.82,11867.04,Wholesale,Debit Card,,EMP010,0,No
S07702,11/13/2022,P00848,96,4.56,437.76,Wholesale,Debit Card,,EMP003,0,No
S07703,12/11/2022,P00281,4,80.64,322.56,Retail,Insurance,,EMP028,6.1,Yes
S07704,7/5/2023,P00587,67,46.01,3082.67,Clinic,Cash,,EMP034,0,No
S07705,8/31/2022,P00579,59,41.3,2436.7,Retail,Cash,,EMP047,1.14,No
S07706,12/30/2022,P00135,25,34.27,856.75,Retail,Cash,,EMP047,0,No
S07707,3/1/2022,P01845,31,41.18,1276.58,Wholesale,Credit Card,,EMP029,0,No
S07708,6/28/2023,P01610,88,16.36,1439.68,Online,Debit Card,,EMP029,0,No
S07709,7/2/2022,P00861,84,56.73,4765.32,Retail,Credit Card,RX-1968,EMP004,0,No
S07710,1/5/2022,P01782,22,95.93,2110.46,Retail,Insurance,RX-6632,EMP041,0,Yes
S07711,9/5/2022,P00058,48,160.29,7693.92,Online,Cash,,EMP005,12.48,No
S07712,4/25/2022,P00577,34,72,2448,Clinic,Debit Card,,EMP041,0,No
S07713,2/24/2023,P01985,34,118.91,4042.94,Wholesale,Credit Card,,EMP039,5.15,No
S07714,1/18/2023,P01396,90,11.05,994.5,Online,Credit Card,,EMP029,0,No
S07715,6/24/2022,P00690,60,83.22,4993.2,Wholesale,Insurance,,EMP048,0,Yes
S07716,3/30/2023,P00775,94,54.16,5091.04,Online,Credit Card,,EMP004,0,No
S07717,6/3/2023,P00181,51,32.38,1651.38,Hospital,Debit Card,,EMP021,19.94,No
S07718,6/26/2023,P00099,24,167.5,4020,Hospital,Cash,,EMP004,0,No
S07719,6/28/2022,P01263,64,123.45,7900.8,Clinic,Insurance,,EMP035,0,Yes
S07720,10/2/2023,P01557,1,97.33,97.33,Clinic,Insurance,,EMP031,0,Yes
S07721,9/24/2023,P01872,85,43.11,3664.35,Online,Insurance,,EMP008,6.05,Yes
S07722,2/7/2023,P00982,85,166.79,14177.15,Online,Cash,,EMP025,0,No
S07723,8/10/2023,P00417,67,97.93,6561.31,Wholesale,Credit Card,,EMP030,0,No
S07724,4/26/2022,P00548,60,113.18,6790.8,Hospital,Cash,,EMP049,0,No
S07725,11/22/2022,P00043,46,127.26,5853.96,Wholesale,Debit Card,,EMP018,0,No
S07726,5/5/2022,P01921,58,141.59,8212.22,Online,Insurance,,EMP027,0.63,Yes
S07727,4/25/2023,P01320,79,138.68,10955.72,Clinic,Cash,,EMP048,12.4,No
S07728,1/27/2023,P01307,43,10.7,460.1,Hospital,Cash,,EMP040,9.58,No
S07729,5/5/2023,P01753,76,165.8,12600.8,Clinic,Cash,,EMP015,0,No
S07730,8/11/2023,P01601,71,89.73,6370.83,Retail,Insurance,RX-3403,EMP025,0,Yes
S07731,7/15/2023,P01286,25,109.64,2741,Online,Credit Card,,EMP033,0,No
S07732,6/18/2023,P01547,89,38.7,3444.3,Retail,Debit Card,RX-5284,EMP029,1.96,No
S07733,2/2/2022,P00527,92,7.61,700.12,Clinic,Credit Card,,EMP033,12.02,No
S07734,6/23/2022,P00102,89,87.35,7774.15,Online,Insurance,,EMP017,0,Yes
S07735,8/2/2023,P00594,41,8.23,337.43,Online,Debit Card,,EMP045,0,No
S07736,8/19/2023,P01940,23,226.83,5217.09,Online,Cash,,EMP022,0,No
S07737,12/27/2022,P00956,37,21.42,792.54,Retail,Debit Card,RX-3085,EMP020,0,No
S07738,10/14/2023,P00074,3,71.82,215.46,Hospital,Insurance,,EMP049,4.22,Yes
S07739,8/9/2023,P01102,12,94.61,1135.32,Online,Insurance,,EMP031,12.8,Yes
S07740,7/3/2022,P00025,75,120.78,9058.5,Retail,Debit Card,,EMP025,10.99,No
S07741,11/20/2022,P01804,47,32.71,1537.37,Wholesale,Insurance,,EMP018,0,Yes
S07742,3/13/2022,P01380,48,125.79,6037.92,Hospital,Debit Card,,EMP031,0,No
S07743,4/29/2022,P00290,94,21.96,2064.24,Clinic,Credit Card,,EMP035,0,No
S07744,6/4/2022,P00755,17,58.31,991.27,Clinic,Debit Card,,EMP041,0,No
S07745,11/28/2022,P01142,12,22.57,270.84,Wholesale,Insurance,,EMP011,14.12,Yes
S07746,12/26/2022,P01897,21,15.7,329.7,Online,Debit Card,,EMP026,14.92,No
S07747,7/6/2023,P01510,64,27.5,1760,Clinic,Debit Card,,EMP030,0,No
S07748,2/22/2022,P00120,24,44.48,1067.52,Wholesale,Cash,,EMP007,0,No
S07749,11/15/2023,P00196,77,97.32,7493.64,Clinic,Insurance,,EMP026,0,Yes
S07750,12/21/2023,P00948,73,53.01,3869.73,Retail,Insurance,,EMP010,0,Yes
S07751,8/18/2023,P01202,39,94.3,3677.7,Wholesale,Debit Card,,EMP015,0,No
S07752,2/27/2022,P01760,33,29.16,962.28,Online,Debit Card,,EMP024,5.37,No
S07753,1/7/2023,P01992,84,141.04,11847.36,Wholesale,Credit Card,,EMP005,8.39,No
S07754,6/10/2023,P01947,34,44.86,1525.24,Online,Credit Card,,EMP015,0,No
S07755,12/4/2023,P00868,95,76.63,7279.85,Wholesale,Insurance,,EMP041,7.53,Yes
S07756,10/11/2023,P00695,99,57.8,5722.2,Hospital,Credit Card,,EMP007,0,No
S07757,12/8/2022,P00874,45,69.15,3111.75,Retail,Cash,,EMP016,0,No
S07758,11/10/2023,P00024,83,74.12,6151.96,Clinic,Insurance,,EMP041,0,Yes
S07759,3/5/2023,P01299,44,125.96,5542.24,Clinic,Debit Card,,EMP013,0,No
S07760,7/21/2023,P01131,36,80.7,2905.2,Wholesale,Insurance,,EMP017,0,Yes
S07761,8/4/2023,P01050,74,86.5,6401,Clinic,Cash,,EMP039,12.4,No
S07762,6/19/2023,P01402,4,123.72,494.88,Hospital,Cash,,EMP015,0,No
S07763,6/28/2022,P00225,5,145.97,729.85,Online,Debit Card,,EMP006,0,No
S07764,4/21/2022,P00807,66,6.37,420.42,Hospital,Cash,,EMP023,0,No
S07765,3/9/2023,P00912,89,90.11,8019.79,Wholesale,Debit Card,,EMP006,0,No
S07766,9/15/2022,P00473,38,88.06,3346.28,Clinic,Insurance,,EMP022,0,Yes
S07767,10/30/2022,P00224,12,142.94,1715.28,Wholesale,Credit Card,,EMP027,0,No
S07768,7/4/2023,P00207,7,187.1,1309.7,Hospital,Credit Card,,EMP021,0,No
S07769,4/18/2023,P01394,31,52.93,1640.83,Retail,Cash,RX-9078,EMP015,0,No
S07770,4/11/2023,P01273,88,3.74,329.12,Wholesale,Cash,,EMP005,2.08,No
S07771,1/27/2022,P01406,39,25.07,977.73,Hospital,Credit Card,,EMP036,0,No
S07772,10/17/2022,P00936,99,70.77,7006.23,Clinic,Debit Card,,EMP016,0,No
S07773,5/22/2022,P00175,58,69.34,4021.72,Retail,Debit Card,RX-7205,EMP005,0,No
S07774,4/8/2022,P00636,39,98.41,3837.99,Clinic,Credit Card,,EMP013,3.9,No
S07775,3/29/2023,P00993,41,189.06,7751.46,Hospital,Debit Card,,EMP007,12.81,No
S07776,2/8/2022,P00669,73,84.23,6148.79,Clinic,Debit Card,,EMP005,0,No
S07777,12/3/2023,P01907,91,139.04,12652.64,Hospital,Cash,,EMP030,12.31,No
S07778,12/12/2023,P00605,97,90.57,8785.29,Online,Cash,,EMP005,0,No
S07779,8/1/2022,P00024,61,74.12,4521.32,Clinic,Credit Card,,EMP021,2.59,No
S07780,4/9/2022,P01865,63,186.44,11745.72,Online,Insurance,,EMP009,0,Yes
S07781,4/9/2022,P00884,89,71.08,6326.12,Wholesale,Debit Card,,EMP022,0,No
S07782,12/17/2022,P01429,42,35.36,1485.12,Wholesale,Credit Card,,EMP002,16.67,No
S07783,8/27/2022,P00596,27,65.65,1772.55,Online,Cash,,EMP033,0,No
S07784,7/4/2023,P01209,10,31.25,312.5,Hospital,Credit Card,,EMP030,6.14,No
S07785,4/12/2022,P01387,65,92.55,6015.75,Hospital,Cash,,EMP025,0,No
S07786,10/16/2023,P00037,11,13.68,150.48,Retail,Debit Card,,EMP008,3.26,No
S07787,9/17/2023,P01658,65,162.03,10531.95,Wholesale,Insurance,,EMP020,8.48,Yes
S07788,11/7/2023,P01854,62,87.15,5403.3,Clinic,Credit Card,,EMP045,0,No
S07789,9/17/2023,P01606,95,33.38,3171.1,Online,Insurance,,EMP017,0,Yes
S07790,9/30/2022,P00161,33,182.61,6026.13,Clinic,Credit Card,,EMP018,3.24,No
S07791,4/3/2022,P01118,85,27.3,2320.5,Online,Insurance,,EMP002,0,Yes
S07792,3/3/2022,P00525,94,55.95,5259.3,Online,Cash,,EMP040,12.54,No
S07793,2/12/2022,P01606,36,33.38,1201.68,Clinic,Debit Card,,EMP021,0,No
S07794,11/30/2022,P00105,87,204.12,17758.44,Retail,Cash,RX-1671,EMP045,0,No
S07795,4/17/2023,P01461,59,7.71,454.89,Online,Credit Card,,EMP019,0,No
S07796,2/9/2023,P01361,30,80.38,2411.4,Clinic,Credit Card,,EMP011,17.22,No
S07797,11/9/2023,P01792,5,44.71,223.55,Clinic,Insurance,,EMP003,0,Yes
S07798,9/12/2023,P01576,88,77.27,6799.76,Online,Insurance,,EMP048,6.92,Yes
S07799,10/16/2023,P01156,90,64.71,5823.9,Hospital,Debit Card,,EMP008,0,No
S07800,7/24/2022,P01820,84,48.47,4071.48,Wholesale,Cash,,EMP012,7.62,No
S07801,5/12/2022,P00935,78,71.5,5577,Online,Debit Card,,EMP030,0,No
S07802,3/25/2023,P00793,25,120.68,3017,Hospital,Insurance,,EMP002,0,Yes
S07803,9/4/2022,P01584,89,9.44,840.16,Retail,Debit Card,RX-4656,EMP029,16.44,No
S07804,5/1/2023,P00048,76,136.12,10345.12,Retail,Debit Card,RX-4345,EMP020,0,No
S07805,5/14/2023,P01688,29,156.14,4528.06,Online,Debit Card,,EMP009,0,No
S07806,1/30/2022,P01691,45,76.24,3430.8,Online,Debit Card,,EMP036,11.09,No
S07807,9/20/2023,P00411,64,205.72,13166.08,Wholesale,Debit Card,,EMP022,0,No
S07808,8/22/2023,P01782,51,95.93,4892.43,Clinic,Debit Card,,EMP046,0,No
S07809,7/3/2022,P00548,32,113.18,3621.76,Wholesale,Cash,,EMP009,0,No
S07810,10/16/2022,P01951,39,89.4,3486.6,Wholesale,Debit Card,,EMP016,0,No
S07811,4/14/2022,P00288,25,29.45,736.25,Online,Cash,,EMP021,4.43,No
S07812,6/20/2022,P00499,6,62.81,376.86,Online,Credit Card,,EMP001,0,No
S07813,2/18/2023,P01730,32,7.47,239.04,Online,Insurance,,EMP023,0,Yes
S07814,2/17/2022,P00134,55,203.69,11202.95,Hospital,Debit Card,,EMP046,0,No
S07815,3/6/2022,P01219,76,39.41,2995.16,Clinic,Debit Card,,EMP022,0,No
S07816,6/14/2022,P00421,62,44.12,2735.44,Online,Insurance,,EMP022,0,Yes
S07817,12/4/2022,P01538,22,115.64,2544.08,Retail,Cash,,EMP022,0,No
S07818,8/21/2023,P00095,39,57.47,2241.33,Retail,Credit Card,RX-8662,EMP001,0,No
S07819,7/28/2023,P00220,49,17.49,857.01,Online,Credit Card,,EMP003,0,No
S07820,6/18/2022,P00608,8,116.46,931.68,Hospital,Insurance,,EMP006,0,Yes
S07821,2/4/2022,P00548,92,113.18,10412.56,Wholesale,Insurance,,EMP018,0,Yes
S07822,6/11/2023,P01926,54,15.36,829.44,Clinic,Cash,,EMP009,0,No
S07823,4/13/2022,P01452,71,125.51,8911.21,Clinic,Debit Card,,EMP033,8.97,No
S07824,9/2/2023,P00847,59,78.12,4609.08,Retail,Credit Card,RX-9355,EMP006,0,No
S07825,11/25/2022,P01148,47,83.59,3928.73,Clinic,Debit Card,,EMP028,0,No
S07826,9/27/2023,P00219,48,111.05,5330.4,Clinic,Cash,,EMP026,0,No
S07827,5/22/2022,P00050,21,55.57,1166.97,Clinic,Cash,,EMP034,18.85,No
S07828,7/30/2023,P01145,53,201.2,10663.6,Clinic,Debit Card,,EMP009,0,No
S07829,5/19/2023,P00138,85,84.18,7155.3,Retail,Cash,RX-3297,EMP027,0,No
S07830,7/23/2022,P01259,4,3.86,15.44,Clinic,Insurance,,EMP013,14.51,Yes
S07831,1/30/2023,P01262,50,7,350,Online,Debit Card,,EMP009,0,No
S07832,8/15/2022,P00721,90,9.12,820.8,Hospital,Cash,,EMP013,0,No
S07833,12/12/2022,P01419,35,47.73,1670.55,Hospital,Insurance,,EMP002,0,Yes
S07834,7/23/2023,P01769,68,58.71,3992.28,Wholesale,Insurance,,EMP041,0,Yes
S07835,7/4/2022,P00838,69,67.41,4651.29,Wholesale,Cash,,EMP015,18.89,No
S07836,2/16/2022,P01730,77,7.47,575.19,Hospital,Insurance,,EMP045,0,Yes
S07837,8/17/2022,P00469,9,83.64,752.76,Retail,Insurance,RX-5270,EMP009,17.91,Yes
S07838,6/23/2022,P00547,19,72.37,1375.03,Retail,Insurance,RX-1598,EMP013,0,Yes
S07839,1/30/2023,P00631,76,14.15,1075.4,Clinic,Insurance,,EMP038,0,Yes
S07840,10/24/2022,P00079,79,37.62,2971.98,Retail,Cash,RX-4858,EMP015,0,No
S07841,3/8/2022,P01857,89,37.85,3368.65,Online,Debit Card,,EMP045,0,No
S07842,7/17/2023,P01023,42,187.6,7879.2,Clinic,Credit Card,,EMP038,0,No
S07843,10/19/2022,P01908,65,132.78,8630.7,Online,Insurance,,EMP022,0,Yes
S07844,1/31/2023,P01769,39,58.71,2289.69,Hospital,Insurance,,EMP047,0,Yes
S07845,8/16/2023,P01404,78,137.24,10704.72,Online,Insurance,,EMP034,0.46,Yes
S07846,4/6/2022,P01515,94,106.49,10010.06,Online,Credit Card,,EMP037,0,No
S07847,3/20/2023,P00961,33,152.37,5028.21,Hospital,Insurance,,EMP044,15.86,Yes
S07848,8/1/2022,P00837,36,12.74,458.64,Hospital,Insurance,,EMP024,0,Yes
S07849,12/8/2023,P00951,22,46.39,1020.58,Wholesale,Insurance,,EMP027,0,Yes
S07850,11/11/2022,P00694,14,94.46,1322.44,Online,Debit Card,,EMP006,14.29,No
S07851,10/23/2022,P01544,53,76.15,4035.95,Wholesale,Credit Card,,EMP001,3.76,No
S07852,3/30/2022,P01958,55,16.81,924.55,Hospital,Cash,,EMP006,0,No
S07853,11/1/2023,P00025,19,120.78,2294.82,Wholesale,Debit Card,,EMP033,0,No
S07854,9/23/2022,P00537,9,181.11,1629.99,Hospital,Debit Card,,EMP007,4.36,No
S07855,7/7/2023,P00575,51,60.33,3076.83,Retail,Insurance,,EMP024,15.32,Yes
S07856,10/21/2022,P00480,54,35.28,1905.12,Hospital,Cash,,EMP016,17.34,No
S07857,11/3/2023,P00616,51,114.28,5828.28,Online,Insurance,,EMP031,6.24,Yes
S07858,9/4/2022,P01648,12,97.12,1165.44,Hospital,Debit Card,,EMP030,0,No
S07859,3/2/2022,P00024,56,74.12,4150.72,Retail,Insurance,,EMP037,13.98,Yes
S07860,6/20/2023,P01112,54,94.9,5124.6,Online,Cash,,EMP005,19.25,No
S07861,11/13/2023,P01372,25,146.25,3656.25,Online,Debit Card,,EMP039,16.89,No
S07862,1/25/2023,P01196,66,137.27,9059.82,Wholesale,Debit Card,,EMP009,14.67,No
S07863,2/20/2022,P00706,40,75.21,3008.4,Wholesale,Insurance,,EMP030,0,Yes
S07864,6/14/2022,P01585,21,45.11,947.31,Hospital,Credit Card,,EMP033,0.03,No
S07865,3/3/2022,P00656,9,120,1080,Wholesale,Cash,,EMP024,13.14,No
S07866,8/24/2022,P00647,54,174.71,9434.34,Wholesale,Cash,,EMP015,8.87,No
S07867,12/2/2023,P00342,27,176.29,4759.83,Retail,Insurance,RX-5800,EMP007,0,Yes
S07868,5/9/2023,P01743,29,86.43,2506.47,Clinic,Insurance,,EMP031,0,Yes
S07869,8/29/2022,P01905,15,155.79,2336.85,Retail,Insurance,RX-8546,EMP023,0,Yes
S07870,1/26/2022,P01410,40,46.2,1848,Online,Credit Card,,EMP049,14.59,No
S07871,5/22/2022,P00213,36,152.87,5503.32,Wholesale,Debit Card,,EMP026,13.85,No
S07872,10/25/2022,P00152,23,128.17,2947.91,Retail,Insurance,,EMP015,0,Yes
S07873,9/13/2022,P00053,14,175.4,2455.6,Retail,Insurance,RX-9461,EMP028,12.31,Yes
S07874,4/16/2022,P01651,98,101.43,9940.14,Wholesale,Cash,,EMP040,0,No
S07875,11/22/2023,P01835,2,61.1,122.2,Clinic,Credit Card,,EMP003,0,No
S07876,2/7/2022,P01144,17,120.32,2045.44,Hospital,Credit Card,,EMP028,0,No
S07877,3/4/2023,P01791,65,39.31,2555.15,Online,Debit Card,,EMP020,3.96,No
S07878,5/12/2023,P01137,1,21.13,21.13,Wholesale,Credit Card,,EMP038,16.84,No
S07879,10/20/2022,P00262,22,208.94,4596.68,Online,Cash,,EMP016,0,No
S07880,3/7/2023,P01498,45,135.49,6097.05,Wholesale,Debit Card,,EMP014,6.44,No
S07881,6/15/2022,P01066,9,186.22,1675.98,Wholesale,Credit Card,,EMP043,0,No
S07882,7/2/2023,P01073,52,117.6,6115.2,Wholesale,Debit Card,,EMP009,9.71,No
S07883,1/11/2023,P00667,9,134.02,1206.18,Wholesale,Debit Card,,EMP006,11.69,No
S07884,5/16/2023,P00481,58,8.27,479.66,Online,Insurance,,EMP026,0,Yes
S07885,4/14/2023,P01952,20,124.18,2483.6,Wholesale,Cash,,EMP041,0.14,No
S07886,6/20/2022,P01539,93,108.49,10089.57,Retail,Credit Card,RX-8281,EMP027,0,No
S07887,3/8/2022,P01294,18,117.76,2119.68,Clinic,Debit Card,,EMP019,10.22,No
S07888,12/19/2023,P00146,17,158.76,2698.92,Online,Credit Card,,EMP009,0,No
S07889,5/10/2022,P01116,66,70.82,4674.12,Clinic,Credit Card,,EMP043,19.1,No
S07890,6/19/2022,P00657,71,223.71,15883.41,Hospital,Insurance,,EMP001,0,Yes
S07891,4/25/2022,P00467,98,100.36,9835.28,Clinic,Insurance,,EMP042,0,Yes
S07892,9/18/2022,P01084,92,21.59,1986.28,Hospital,Insurance,,EMP046,0,Yes
S07893,7/12/2023,P00272,25,17.7,442.5,Clinic,Debit Card,,EMP049,0,No
S07894,8/13/2022,P00706,31,75.21,2331.51,Hospital,Credit Card,,EMP002,0,No
S07895,8/7/2023,P00817,18,94.35,1698.3,Clinic,Cash,,EMP022,2.79,No
S07896,9/13/2022,P01270,73,28.65,2091.45,Retail,Debit Card,RX-5740,EMP045,3.35,No
S07897,2/15/2022,P01682,79,192.82,15232.78,Retail,Credit Card,,EMP028,0,No
S07898,3/13/2022,P01141,90,33.01,2970.9,Clinic,Credit Card,,EMP033,0,No
S07899,12/10/2022,P00359,99,66.28,6561.72,Hospital,Credit Card,,EMP011,0,No
S07900,10/30/2022,P00405,46,175.87,8090.02,Retail,Credit Card,RX-8886,EMP042,0,No
S07901,12/23/2022,P01112,97,94.9,9205.3,Retail,Cash,RX-2262,EMP049,0,No
S07902,4/19/2022,P00362,15,11.56,173.4,Wholesale,Credit Card,,EMP016,0,No
S07903,4/9/2023,P01992,61,141.04,8603.44,Retail,Credit Card,RX-7951,EMP002,0,No
S07904,7/3/2022,P00081,91,103.27,9397.57,Online,Cash,,EMP024,0,No
S07905,1/12/2022,P00584,99,180.49,17868.51,Wholesale,Debit Card,,EMP038,0,No
S07906,5/20/2022,P00241,44,46.58,2049.52,Online,Cash,,EMP009,0,No
S07907,5/28/2022,P01248,94,18.99,1785.06,Online,Cash,,EMP018,2.78,No
S07908,4/25/2022,P01537,37,34.47,1275.39,Wholesale,Credit Card,,EMP029,0,No
S07909,5/23/2023,P00142,59,26.3,1551.7,Hospital,Debit Card,,EMP006,14.86,No
S07910,7/1/2022,P00186,35,96.06,3362.1,Wholesale,Debit Card,,EMP026,4.6,No
S07911,6/17/2022,P01942,8,99.36,794.88,Wholesale,Insurance,,EMP003,0,Yes
S07912,2/9/2023,P00683,62,61.4,3806.8,Retail,Debit Card,RX-3839,EMP026,0,No
S07913,2/9/2023,P01201,69,32.37,2233.53,Wholesale,Debit Card,,EMP042,0,No
S07914,1/28/2022,P01258,1,53.98,53.98,Retail,Cash,RX-4104,EMP013,0,No
S07915,1/31/2022,P00381,57,103.75,5913.75,Wholesale,Debit Card,,EMP047,3.23,No
S07916,4/26/2023,P00789,55,211.69,11642.95,Wholesale,Insurance,,EMP010,0,Yes
S07917,8/13/2023,P01415,91,105.27,9579.57,Hospital,Cash,,EMP042,0,No
S07918,12/24/2023,P01838,68,57.24,3892.32,Online,Credit Card,,EMP018,0,No
S07919,2/6/2022,P01038,84,106.45,8941.8,Hospital,Debit Card,,EMP022,0,No
S07920,1/28/2022,P00277,1,90.88,90.88,Online,Insurance,,EMP045,18.42,Yes
S07921,10/18/2023,P01905,22,155.79,3427.38,Retail,Credit Card,RX-8440,EMP028,0,No
S07922,10/23/2022,P00588,66,42.82,2826.12,Retail,Cash,,EMP006,0,No
S07923,3/21/2022,P01655,71,54.64,3879.44,Wholesale,Credit Card,,EMP030,14.64,No
S07924,10/7/2023,P01118,74,27.3,2020.2,Hospital,Debit Card,,EMP030,14.82,No
S07925,7/3/2022,P01904,93,95.03,8837.79,Wholesale,Insurance,,EMP047,0,Yes
S07926,2/26/2023,P01385,85,76.48,6500.8,Retail,Insurance,RX-9953,EMP044,0,Yes
S07927,3/29/2023,P01253,77,61.84,4761.68,Clinic,Cash,,EMP032,0,No
S07928,11/14/2022,P00569,12,93.44,1121.28,Retail,Cash,RX-7412,EMP017,0,No
S07929,1/30/2022,P01353,94,130.54,12270.76,Online,Credit Card,,EMP003,0,No
S07930,12/27/2022,P00932,10,60.27,602.7,Online,Debit Card,,EMP048,0,No
S07931,6/23/2023,P01009,19,105.59,2006.21,Clinic,Credit Card,,EMP004,0,No
S07932,10/21/2023,P01420,74,50.21,3715.54,Retail,Insurance,RX-6941,EMP036,1.35,Yes
S07933,12/18/2022,P00895,41,143.2,5871.2,Retail,Debit Card,,EMP044,0,No
S07934,10/20/2023,P01228,52,119.58,6218.16,Hospital,Credit Card,,EMP007,0,No
S07935,5/7/2022,P00250,40,79.59,3183.6,Clinic,Credit Card,,EMP020,0,No
S07936,5/19/2022,P01728,83,128.06,10628.98,Online,Debit Card,,EMP016,0,No
S07937,10/1/2022,P00187,43,185.09,7958.87,Hospital,Insurance,,EMP045,0,Yes
S07938,8/8/2023,P00530,92,145,13340,Retail,Insurance,RX-3674,EMP016,0,Yes
S07939,3/4/2022,P01745,20,7.64,152.8,Retail,Credit Card,RX-8684,EMP016,0,No
S07940,7/21/2022,P01513,69,143.09,9873.21,Retail,Insurance,RX-5493,EMP031,11.15,Yes
S07941,6/22/2022,P00933,1,194.93,194.93,Retail,Debit Card,RX-9055,EMP004,0,No
S07942,7/20/2022,P00419,70,156.78,10974.6,Retail,Insurance,RX-4792,EMP003,0,Yes
S07943,4/28/2022,P00414,82,113.92,9341.44,Wholesale,Credit Card,,EMP022,2.9,No
S07944,9/7/2023,P01916,10,147.86,1478.6,Online,Debit Card,,EMP026,0,No
S07945,2/23/2023,P01026,44,174.79,7690.76,Retail,Insurance,RX-1296,EMP017,2.75,Yes
S07946,8/5/2023,P00014,43,177.44,7629.92,Wholesale,Credit Card,,EMP017,0,No
S07947,10/9/2023,P01516,33,52.57,1734.81,Wholesale,Insurance,,EMP043,0,Yes
S07948,6/10/2023,P00302,91,179.87,16368.17,Clinic,Cash,,EMP005,0,No
S07949,7/6/2023,P00525,21,55.95,1174.95,Hospital,Credit Card,,EMP008,0,No
S07950,6/4/2023,P00944,62,91.39,5666.18,Retail,Credit Card,,EMP021,0,No
S07951,10/1/2023,P01676,63,102.63,6465.69,Online,Debit Card,,EMP044,4.64,No
S07952,6/28/2022,P01202,46,94.3,4337.8,Hospital,Credit Card,,EMP005,12.71,No
S07953,3/19/2022,P00408,41,76.45,3134.45,Clinic,Cash,,EMP017,0,No
S07954,3/31/2022,P01547,28,38.7,1083.6,Clinic,Insurance,,EMP012,0,Yes
S07955,3/10/2023,P00377,99,22.09,2186.91,Wholesale,Credit Card,,EMP005,3.78,No
S07956,6/16/2022,P01480,25,33.9,847.5,Retail,Cash,RX-6808,EMP033,0,No
S07957,3/10/2023,P01556,52,71.2,3702.4,Wholesale,Debit Card,,EMP015,0,No
S07958,7/16/2022,P01908,83,132.78,11020.74,Retail,Debit Card,RX-5286,EMP031,0,No
S07959,2/2/2023,P00794,27,20.53,554.31,Retail,Debit Card,RX-5340,EMP040,0,No
S07960,8/9/2023,P01254,2,16.86,33.72,Wholesale,Credit Card,,EMP010,0,No
S07961,9/27/2023,P01844,99,74.6,7385.4,Wholesale,Debit Card,,EMP021,0,No
S07962,8/29/2022,P01981,59,144.91,8549.69,Clinic,Credit Card,,EMP009,16.65,No
S07963,6/1/2023,P01595,8,103.44,827.52,Clinic,Debit Card,,EMP026,0,No
S07964,11/29/2022,P00125,70,51.68,3617.6,Retail,Debit Card,RX-7674,EMP014,0,No
S07965,4/25/2023,P01425,86,132.4,11386.4,Clinic,Credit Card,,EMP024,0,No
S07966,12/13/2022,P01274,20,16.97,339.4,Hospital,Insurance,,EMP042,0,Yes
S07967,5/7/2022,P01200,88,78.54,6911.52,Clinic,Credit Card,,EMP045,0,No
S07968,11/17/2023,P00216,88,189.84,16705.92,Retail,Cash,RX-7730,EMP019,0,No
S07969,11/29/2023,P01578,73,60.62,4425.26,Online,Cash,,EMP043,0,No
S07970,4/25/2023,P00063,91,114.26,10397.66,Hospital,Debit Card,,EMP002,0,No
S07971,7/11/2022,P01335,52,26.99,1403.48,Wholesale,Debit Card,,EMP023,14.39,No
S07972,11/14/2022,P01717,59,159.19,9392.21,Retail,Debit Card,RX-7437,EMP035,0,No
S07973,10/13/2023,P01586,76,98.27,7468.52,Hospital,Cash,,EMP039,12.93,No
S07974,3/19/2023,P01348,17,18.24,310.08,Online,Credit Card,,EMP010,0,No
S07975,9/6/2022,P01922,21,83.3,1749.3,Clinic,Cash,,EMP026,15.42,No
S07976,3/13/2022,P00218,65,56.11,3647.15,Retail,Cash,RX-2103,EMP047,18.04,No
S07977,1/29/2023,P00148,58,100.11,5806.38,Wholesale,Debit Card,,EMP023,0,No
S07978,12/3/2023,P01623,89,85.31,7592.59,Hospital,Cash,,EMP023,9.5,No
S07979,1/10/2022,P01962,12,54.67,656.04,Retail,Insurance,RX-6975,EMP026,0,Yes
S07980,10/17/2023,P00051,57,16.24,925.68,Wholesale,Debit Card,,EMP010,12.79,No
S07981,2/10/2023,P01939,1,3.63,3.63,Hospital,Insurance,,EMP029,6.47,Yes
S07982,10/8/2022,P00286,6,115.6,693.6,Online,Debit Card,,EMP038,0,No
S07983,2/11/2023,P00788,1,55.84,55.84,Clinic,Debit Card,,EMP018,0,No
S07984,1/26/2023,P01604,7,23.5,164.5,Hospital,Debit Card,,EMP020,6.99,No
S07985,7/14/2022,P00474,39,152.02,5928.78,Hospital,Insurance,,EMP011,0,Yes
S07986,12/13/2022,P01740,96,7.16,687.36,Online,Credit Card,,EMP024,0,No
S07987,9/16/2023,P00774,19,146.12,2776.28,Hospital,Insurance,,EMP042,10.74,Yes
S07988,7/8/2022,P00089,44,38.16,1679.04,Wholesale,Debit Card,,EMP042,10.77,No
S07989,3/28/2023,P00390,94,90.78,8533.32,Hospital,Credit Card,,EMP028,3.27,No
S07990,8/6/2022,P00433,71,89.88,6381.48,Retail,Insurance,RX-6933,EMP048,0,Yes
S07991,4/19/2022,P01562,47,109.84,5162.48,Hospital,Credit Card,,EMP025,0,No
S07992,7/25/2022,P01638,72,154.22,11103.84,Retail,Debit Card,RX-4257,EMP029,0,No
S07993,1/2/2022,P01583,49,104.95,5142.55,Online,Cash,,EMP011,0.85,No
S07994,1/7/2023,P01138,17,198.92,3381.64,Retail,Insurance,RX-7149,EMP030,6.17,Yes
S07995,1/2/2023,P00959,6,113.34,680.04,Clinic,Cash,,EMP021,3.16,No
S07996,6/23/2022,P00258,51,72.04,3674.04,Clinic,Debit Card,,EMP044,5.8,No
S07997,8/20/2023,P01043,26,110.54,2874.04,Retail,Insurance,RX-8753,EMP046,9.89,Yes
S07998,2/18/2023,P01343,2,123.65,247.3,Wholesale,Cash,,EMP045,0,No
S07999,11/17/2022,P00285,84,84.29,7080.36,Online,Insurance,,EMP034,0,Yes
S08000,11/16/2022,P01597,60,74.87,4492.2,Wholesale,Debit Card,,EMP007,18.83,No
